{
  "train_loss": [
    1.5379315764093033,
    1.08150747456514,
    0.8696303373712408,
    0.7213696008143218,
    0.6316560535784572,
    0.5618188557265055,
    0.5121266299196522,
    0.46126773976304036,
    0.4235507488403174,
    0.3982446861770147,
    0.37052513784764673,
    0.34423000062518105,
    0.3214234354169777,
    0.3000525980425613,
    0.2859757682094184,
    0.26876435106825036,
    0.2514065542756139,
    0.2412346518024459,
    0.23037805697878302,
    0.21539269677360953,
    0.20631148719497958,
    0.19998695470792863,
    0.18593632502247914,
    0.1275940129862112,
    0.10766497754570468,
    0.09706074438150734,
    0.09323877156200007,
    0.08893082736302978,
    0.08459038759493615,
    0.07797734156403395,
    0.07730074652263423,
    0.07630593858926041,
    0.07257396911444795,
    0.04691411981173336,
    0.03728299189235091,
    0.03505049484884343,
    0.0334299914098209,
    0.030188485121359226,
    0.03063962660024843,
    0.02795879242470121,
    0.02162658908259114,
    0.01797316962783999,
    0.017226931563985852,
    0.016920639876076175,
    0.016190122315169447,
    0.015053939506592577,
    0.01358218890938746,
    0.013004625179802479,
    0.012471027619293546,
    0.012139298171853012
  ],
  "train_acc": [
    0.4298,
    0.61144,
    0.69232,
    0.74516,
    0.77966,
    0.80434,
    0.8203,
    0.83892,
    0.85208,
    0.86198,
    0.87302,
    0.8802,
    0.88816,
    0.89574,
    0.89972,
    0.90596,
    0.91224,
    0.91578,
    0.91884,
    0.92452,
    0.92738,
    0.93074,
    0.93464,
    0.95636,
    0.96358,
    0.96762,
    0.96816,
    0.9694,
    0.97078,
    0.97394,
    0.97374,
    0.97416,
    0.97564,
    0.9847,
    0.98894,
    0.98964,
    0.99028,
    0.99162,
    0.991,
    0.99242,
    0.99444,
    0.99598,
    0.99596,
    0.99594,
    0.99614,
    0.99696,
    0.9972,
    0.99752,
    0.99758,
    0.99746
  ],
  "test_loss": [
    1.2624896085262298,
    1.0709561568498611,
    0.7924932193756103,
    0.7979311901330948,
    0.9204155260324478,
    0.7103600960969925,
    0.5635625839233398,
    0.5369848456978797,
    0.5549009375274181,
    0.49259463146328925,
    0.4793171572685242,
    0.47504049599170683,
    0.5439709666371345,
    0.5330831333994865,
    0.4339050260186195,
    0.47751441210508344,
    0.39643132492899896,
    0.40053547218441965,
    0.47278709217906,
    0.4385505306720734,
    0.5592062312364579,
    0.48289731606841085,
    0.40727347016334536,
    0.33870106503367425,
    0.32878318674862383,
    0.32705138564109804,
    0.3268293462693691,
    0.3469697496294975,
    0.33721478007733824,
    0.3492186640202999,
    0.3373326563835144,
    0.34200968764722345,
    0.3756351137161255,
    0.3076614286750555,
    0.3179401744902134,
    0.3356250859797001,
    0.3193690324574709,
    0.3183204334974289,
    0.3258499273657799,
    0.327890103533864,
    0.3101360735297203,
    0.32013159841299055,
    0.3145156367868185,
    0.3176418121904135,
    0.3196397726982832,
    0.32154207676649094,
    0.318961234241724,
    0.32051000915467737,
    0.3164073246717453,
    0.3202445001155138
  ],
  "test_acc": [
    0.5527,
    0.6338,
    0.7269,
    0.734,
    0.7052,
    0.7692,
    0.8061,
    0.8208,
    0.8212,
    0.8403,
    0.8435,
    0.8397,
    0.8247,
    0.8355,
    0.8579,
    0.8501,
    0.8721,
    0.8705,
    0.8582,
    0.8651,
    0.8358,
    0.8515,
    0.8723,
    0.8942,
    0.9008,
    0.9019,
    0.9027,
    0.8984,
    0.9043,
    0.8996,
    0.9017,
    0.9028,
    0.8937,
    0.9121,
    0.9119,
    0.9094,
    0.9161,
    0.9159,
    0.9152,
    0.9159,
    0.9197,
    0.9161,
    0.9196,
    0.9162,
    0.9178,
    0.917,
    0.9194,
    0.9185,
    0.9192,
    0.9206
  ],
  "test_ece": [
    0.05131832882761955,
    0.08330726623535156,
    0.03845113515853882,
    0.05951554328203201,
    0.10044477134943008,
    0.0696587786078453,
    0.045915648341178894,
    0.042074285447597504,
    0.050197064876556396,
    0.044755447655916214,
    0.04755008593201637,
    0.040837060660123825,
    0.059986162930727005,
    0.059819284826517105,
    0.047244030982255936,
    0.05694040283560753,
    0.04319648817181587,
    0.04628254100680351,
    0.06328916549682617,
    0.052702877670526505,
    0.0827140286564827,
    0.06492064893245697,
    0.05187065899372101,
    0.04481234773993492,
    0.04325857758522034,
    0.044014520943164825,
    0.045221664011478424,
    0.0476515106856823,
    0.04537416249513626,
    0.05073324963450432,
    0.049661967903375626,
    0.046725474298000336,
    0.05577731877565384,
    0.044360239058732986,
    0.04679069295525551,
    0.05027959495782852,
    0.045285265892744064,
    0.044907502830028534,
    0.0462089478969574,
    0.04666486755013466,
    0.04310503602027893,
    0.04735179245471954,
    0.045367781072854996,
    0.04733419418334961,
    0.04767432063817978,
    0.047025714069604874,
    0.0453367680311203,
    0.046401072293519974,
    0.04545512795448303,
    0.045238323509693146
  ],
  "test_entropy": [
    1.0682144165039062,
    0.7946153283119202,
    0.6513887643814087,
    0.5664247274398804,
    0.5327790379524231,
    0.44337522983551025,
    0.41401317715644836,
    0.38994818925857544,
    0.3619040846824646,
    0.3222903609275818,
    0.3021987974643707,
    0.3340940475463867,
    0.3113946318626404,
    0.28372588753700256,
    0.2628115713596344,
    0.25722435116767883,
    0.23363852500915527,
    0.22857895493507385,
    0.21565081179141998,
    0.2239854484796524,
    0.22000287473201752,
    0.22857363522052765,
    0.20961178839206696,
    0.1671094447374344,
    0.1548646241426468,
    0.14828257262706757,
    0.14248350262641907,
    0.14476072788238525,
    0.1350507140159607,
    0.13345594704151154,
    0.13105927407741547,
    0.1358170360326767,
    0.13427868485450745,
    0.11749938875436783,
    0.11126190423965454,
    0.10769521445035934,
    0.1043311282992363,
    0.10456106811761856,
    0.10364221036434174,
    0.09997689723968506,
    0.10081105679273605,
    0.09771042317152023,
    0.09633094817399979,
    0.09856133162975311,
    0.09313635528087616,
    0.09463296830654144,
    0.09361372888088226,
    0.09284521639347076,
    0.09256067126989365,
    0.09168434143066406
  ],
  "epoch_time": [
    26.756597757339478,
    26.723076581954956,
    26.714203357696533,
    26.68546485900879,
    26.82994532585144,
    26.840334177017212,
    26.74793553352356,
    26.748867988586426,
    26.73035454750061,
    26.81600546836853,
    26.74888300895691,
    26.729792594909668,
    26.737608909606934,
    26.753663063049316,
    26.707409381866455,
    26.71775460243225,
    26.754937648773193,
    26.74192500114441,
    26.735613107681274,
    26.696535348892212,
    26.672606706619263,
    26.656641006469727,
    26.659907817840576,
    26.64105200767517,
    26.645019054412842,
    26.64877414703369,
    26.663620471954346,
    26.717041492462158,
    26.689210653305054,
    26.697336673736572,
    26.88594079017639,
    26.707284212112427,
    26.70108127593994,
    26.714400053024292,
    26.702882528305054,
    26.679433584213257,
    26.698184490203857,
    26.68005633354187,
    26.66883635520935,
    26.66597843170166,
    26.653656721115112,
    26.69719910621643,
    26.727182388305664,
    26.718767404556274,
    26.737125396728516,
    26.723633527755737,
    26.724945783615112,
    26.71528673171997,
    26.725801944732666,
    26.714384078979492
  ]
}