{
  "epoch": 35,
  "train_loss": 0.03505049484884343,
  "train_acc": 0.98964,
  "test_loss": 0.3356250859797001,
  "test_acc": 0.9094,
  "test_ece": 0.05027959495782852,
  "test_entropy": 0.10769521445035934,
  "bin_accuracies": [
    0.0,
    0.0,
    0.0,
    0.0,
    0.0,
    0.17647058823529413,
    0.36538461538461536,
    0.39361702127659576,
    0.4230769230769231,
    0.5244755244755245,
    0.5466666666666666,
    0.5642458100558659,
    0.5560344827586207,
    0.7329700272479565,
    0.9661785216178521
  ],
  "bin_confidences": [
    0.0,
    0.0,
    0.0,
    0.0,
    0.3098330497741699,
    0.37899500131607056,
    0.43351417779922485,
    0.504875659942627,
    0.567112386226654,
    0.633795440196991,
    0.703894853591919,
    0.7670648097991943,
    0.8347843885421753,
    0.9037144780158997,
    0.996177613735199
  ],
  "bin_counts": [
    0.0,
    0.0,
    0.0,
    0.0,
    6.0,
    17.0,
    52.0,
    94.0,
    156.0,
    143.0,
    150.0,
    179.0,
    232.0,
    367.0,
    8604.0
  ],
  "per_class_acc": [
    0.9369999766349792,
    0.9449999928474426,
    0.8650000095367432,
    0.8989999890327454,
    0.8799999952316284,
    0.7960000038146973,
    0.9399999976158142,
    0.9430000185966492,
    0.9490000009536743,
    0.9399999976158142
  ]
}