{
  "epoch": 42,
  "train_loss": 0.017226931563985852,
  "train_acc": 0.99596,
  "test_loss": 0.3145156367868185,
  "test_acc": 0.9196,
  "test_ece": 0.045367781072854996,
  "test_entropy": 0.09633094817399979,
  "bin_accuracies": [
    0.0,
    0.0,
    0.0,
    0.0,
    0.1111111111111111,
    0.5714285714285714,
    0.24390243902439024,
    0.5363636363636364,
    0.4883720930232558,
    0.46218487394957986,
    0.5850340136054422,
    0.5869565217391305,
    0.6717948717948717,
    0.6931818181818182,
    0.9670706608735422
  ],
  "bin_confidences": [
    0.0,
    0.0,
    0.0,
    0.0,
    0.306500643491745,
    0.37800532579421997,
    0.43433883786201477,
    0.5065568685531616,
    0.5671806335449219,
    0.6348289251327515,
    0.6991462111473083,
    0.7689077854156494,
    0.8352831602096558,
    0.9028839468955994,
    0.9967718720436096
  ],
  "bin_counts": [
    0.0,
    0.0,
    0.0,
    0.0,
    9.0,
    14.0,
    41.0,
    110.0,
    129.0,
    119.0,
    147.0,
    138.0,
    195.0,
    352.0,
    8746.0
  ],
  "per_class_acc": [
    0.9359999895095825,
    0.9620000123977661,
    0.9020000100135803,
    0.8230000138282776,
    0.9350000023841858,
    0.8610000014305115,
    0.9380000233650208,
    0.9449999928474426,
    0.9539999961853027,
    0.9399999976158142
  ]
}