{
  "epoch": 14,
  "train_loss": 0.2859757682094184,
  "train_acc": 0.89972,
  "test_loss": 0.4339050260186195,
  "test_acc": 0.8579,
  "test_ece": 0.047244030982255936,
  "test_entropy": 0.2628115713596344,
  "bin_accuracies": [
    0.0,
    0.0,
    0.0,
    0.25,
    0.25,
    0.29069767441860467,
    0.39473684210526316,
    0.44802867383512546,
    0.531055900621118,
    0.49693251533742333,
    0.608955223880597,
    0.6512261580381471,
    0.6756152125279642,
    0.7843426883308715,
    0.9685751183814033
  ],
  "bin_confidences": [
    0.0,
    0.0,
    0.0,
    0.2484598457813263,
    0.3053205907344818,
    0.3668367266654968,
    0.4392235279083252,
    0.5039436221122742,
    0.5686096549034119,
    0.6326919198036194,
    0.6985787749290466,
    0.7674562931060791,
    0.835439920425415,
    0.9024246335029602,
    0.9916879534721375
  ],
  "bin_counts": [
    0.0,
    0.0,
    0.0,
    4.0,
    36.0,
    86.0,
    152.0,
    279.0,
    322.0,
    326.0,
    335.0,
    367.0,
    447.0,
    677.0,
    6969.0
  ],
  "per_class_acc": [
    0.902999997138977,
    0.9350000023841858,
    0.8610000014305115,
    0.7310000061988831,
    0.8610000014305115,
    0.6959999799728394,
    0.8389999866485596,
    0.9369999766349792,
    0.9380000233650208,
    0.878000020980835
  ]
}