{
  "epoch": 27,
  "train_loss": 0.08893082736302978,
  "train_acc": 0.9694,
  "test_loss": 0.3469697496294975,
  "test_acc": 0.8984,
  "test_ece": 0.0476515106856823,
  "test_entropy": 0.14476072788238525,
  "bin_accuracies": [
    0.0,
    0.0,
    0.0,
    0.0,
    0.25,
    0.3333333333333333,
    0.28125,
    0.43870967741935485,
    0.4577114427860697,
    0.553072625698324,
    0.5990338164251208,
    0.575,
    0.6456140350877193,
    0.7329059829059829,
    0.96840171463564
  ],
  "bin_confidences": [
    0.0,
    0.0,
    0.0,
    0.22087958455085754,
    0.30924955010414124,
    0.3699038028717041,
    0.4385012984275818,
    0.5042773485183716,
    0.567175567150116,
    0.6327258944511414,
    0.6981223821640015,
    0.7660467624664307,
    0.8363842368125916,
    0.9036561846733093,
    0.9950558543205261
  ],
  "bin_counts": [
    0.0,
    0.0,
    0.0,
    1.0,
    8.0,
    27.0,
    64.0,
    155.0,
    201.0,
    179.0,
    207.0,
    240.0,
    285.0,
    468.0,
    8165.0
  ],
  "per_class_acc": [
    0.8650000095367432,
    0.9710000157356262,
    0.9010000228881836,
    0.7720000147819519,
    0.9229999780654907,
    0.8569999933242798,
    0.9490000009536743,
    0.875,
    0.9440000057220459,
    0.9269999861717224
  ]
}