{
  "epoch": 34,
  "train_loss": 0.03728299189235091,
  "train_acc": 0.98894,
  "test_loss": 0.3179401744902134,
  "test_acc": 0.9119,
  "test_ece": 0.04679069295525551,
  "test_entropy": 0.11126190423965454,
  "bin_accuracies": [
    0.0,
    0.0,
    0.0,
    0.5,
    0.4,
    0.43478260869565216,
    0.3333333333333333,
    0.4396551724137931,
    0.4632352941176471,
    0.5490196078431373,
    0.46710526315789475,
    0.6292134831460674,
    0.611336032388664,
    0.6923076923076923,
    0.9683463284068428
  ],
  "bin_confidences": [
    0.0,
    0.0,
    0.0,
    0.25783658027648926,
    0.31087860465049744,
    0.37203288078308105,
    0.43440526723861694,
    0.504314661026001,
    0.5666401386260986,
    0.6336472630500793,
    0.7007126808166504,
    0.7692346572875977,
    0.8341841101646423,
    0.9031043648719788,
    0.9960986375808716
  ],
  "bin_counts": [
    0.0,
    0.0,
    0.0,
    2.0,
    5.0,
    23.0,
    57.0,
    116.0,
    136.0,
    153.0,
    152.0,
    178.0,
    247.0,
    338.0,
    8593.0
  ],
  "per_class_acc": [
    0.9160000085830688,
    0.9509999752044678,
    0.8690000176429749,
    0.8489999771118164,
    0.8939999938011169,
    0.8450000286102295,
    0.9430000185966492,
    0.9539999961853027,
    0.9520000219345093,
    0.9459999799728394
  ]
}