{
  "epoch": 33,
  "train_loss": 0.04691411981173336,
  "train_acc": 0.9847,
  "test_loss": 0.3076614286750555,
  "test_acc": 0.9121,
  "test_ece": 0.044360239058732986,
  "test_entropy": 0.11749938875436783,
  "bin_accuracies": [
    0.0,
    0.0,
    0.0,
    0.0,
    0.0,
    0.36,
    0.2692307692307692,
    0.45588235294117646,
    0.45774647887323944,
    0.477124183006536,
    0.5483870967741935,
    0.6108374384236454,
    0.6651982378854625,
    0.7182741116751269,
    0.9700352526439483
  ],
  "bin_confidences": [
    0.0,
    0.0,
    0.0,
    0.2609044313430786,
    0.27767062187194824,
    0.3726925253868103,
    0.4354640245437622,
    0.5027775764465332,
    0.56660395860672,
    0.6349791884422302,
    0.7000492215156555,
    0.7681400179862976,
    0.8359346985816956,
    0.9031506180763245,
    0.9959734678268433
  ],
  "bin_counts": [
    0.0,
    0.0,
    0.0,
    1.0,
    2.0,
    25.0,
    52.0,
    136.0,
    142.0,
    153.0,
    155.0,
    203.0,
    227.0,
    394.0,
    8510.0
  ],
  "per_class_acc": [
    0.9440000057220459,
    0.9580000042915344,
    0.8690000176429749,
    0.7839999794960022,
    0.9259999990463257,
    0.871999979019165,
    0.9290000200271606,
    0.9549999833106995,
    0.9399999976158142,
    0.9440000057220459
  ]
}