{
  "epoch": 15,
  "train_loss": 0.26876435106825036,
  "train_acc": 0.90596,
  "test_loss": 0.47751441210508344,
  "test_acc": 0.8501,
  "test_ece": 0.05694040283560753,
  "test_entropy": 0.25722435116767883,
  "bin_accuracies": [
    0.0,
    0.0,
    0.0,
    0.0,
    0.2894736842105263,
    0.31958762886597936,
    0.4142857142857143,
    0.4141791044776119,
    0.4536741214057508,
    0.527027027027027,
    0.5664556962025317,
    0.6437994722955145,
    0.6680584551148225,
    0.7672281776416539,
    0.9618015963511972
  ],
  "bin_confidences": [
    0.0,
    0.0,
    0.0,
    0.24156633019447327,
    0.3090396821498871,
    0.3681075870990753,
    0.43750277161598206,
    0.5019501447677612,
    0.566380500793457,
    0.6322733759880066,
    0.6997516751289368,
    0.7655922174453735,
    0.8361930251121521,
    0.9030567407608032,
    0.9920148849487305
  ],
  "bin_counts": [
    0.0,
    0.0,
    0.0,
    5.0,
    38.0,
    97.0,
    140.0,
    268.0,
    313.0,
    296.0,
    316.0,
    379.0,
    479.0,
    653.0,
    7016.0
  ],
  "per_class_acc": [
    0.9100000262260437,
    0.9419999718666077,
    0.7860000133514404,
    0.8240000009536743,
    0.871999979019165,
    0.4880000054836273,
    0.9179999828338623,
    0.8999999761581421,
    0.9359999895095825,
    0.925000011920929
  ]
}