{
  "epoch": 10,
  "train_loss": 0.37052513784764673,
  "train_acc": 0.87302,
  "test_loss": 0.4793171572685242,
  "test_acc": 0.8435,
  "test_ece": 0.04755008593201637,
  "test_entropy": 0.3021987974643707,
  "bin_accuracies": [
    0.0,
    0.0,
    0.0,
    0.3333333333333333,
    0.26666666666666666,
    0.3125,
    0.3695652173913043,
    0.4657534246575342,
    0.4697406340057637,
    0.5172413793103449,
    0.631578947368421,
    0.6415929203539823,
    0.7238938053097345,
    0.8271144278606966,
    0.9651108699023104
  ],
  "bin_confidences": [
    0.0,
    0.0,
    0.0,
    0.2580469846725464,
    0.307261198759079,
    0.3721911609172821,
    0.43528100848197937,
    0.5059727430343628,
    0.5661258101463318,
    0.6326104402542114,
    0.7004478573799133,
    0.7676533460617065,
    0.834850013256073,
    0.9037631750106812,
    0.990003764629364
  ],
  "bin_counts": [
    0.0,
    0.0,
    0.0,
    3.0,
    45.0,
    112.0,
    184.0,
    292.0,
    347.0,
    348.0,
    399.0,
    452.0,
    565.0,
    804.0,
    6449.0
  ],
  "per_class_acc": [
    0.9079999923706055,
    0.9539999961853027,
    0.7239999771118164,
    0.8140000104904175,
    0.8270000219345093,
    0.6990000009536743,
    0.8679999709129333,
    0.8510000109672546,
    0.8619999885559082,
    0.9279999732971191
  ]
}