{
  "epoch": 29,
  "train_loss": 0.07797734156403395,
  "train_acc": 0.97394,
  "test_loss": 0.3492186640202999,
  "test_acc": 0.8996,
  "test_ece": 0.05073324963450432,
  "test_entropy": 0.13345594704151154,
  "bin_accuracies": [
    0.0,
    0.0,
    0.0,
    0.0,
    0.2222222222222222,
    0.3333333333333333,
    0.3076923076923077,
    0.4068965517241379,
    0.5375722543352601,
    0.5087719298245614,
    0.4666666666666667,
    0.5514018691588785,
    0.6773049645390071,
    0.6908665105386417,
    0.9672722897364938
  ],
  "bin_confidences": [
    0.0,
    0.0,
    0.0,
    0.0,
    0.30548232793807983,
    0.36755454540252686,
    0.43788039684295654,
    0.5053117275238037,
    0.5682216286659241,
    0.6351826786994934,
    0.6999601721763611,
    0.765504777431488,
    0.836570143699646,
    0.9040132761001587,
    0.9953796863555908
  ],
  "bin_counts": [
    0.0,
    0.0,
    0.0,
    0.0,
    9.0,
    36.0,
    52.0,
    145.0,
    173.0,
    171.0,
    180.0,
    214.0,
    282.0,
    427.0,
    8311.0
  ],
  "per_class_acc": [
    0.9350000023841858,
    0.9539999961853027,
    0.8659999966621399,
    0.7599999904632568,
    0.906000018119812,
    0.8650000095367432,
    0.9539999961853027,
    0.8700000047683716,
    0.9559999704360962,
    0.9300000071525574
  ]
}