{
  "epoch": 19,
  "train_loss": 0.21539269677360953,
  "train_acc": 0.92452,
  "test_loss": 0.4385505306720734,
  "test_acc": 0.8651,
  "test_ece": 0.052702877670526505,
  "test_entropy": 0.2239854484796524,
  "bin_accuracies": [
    0.0,
    0.0,
    0.0,
    0.2,
    0.34782608695652173,
    0.3157894736842105,
    0.33986928104575165,
    0.44715447154471544,
    0.41472868217054265,
    0.546875,
    0.5659722222222222,
    0.6467065868263473,
    0.7542168674698795,
    0.7427184466019418,
    0.9631550218340611
  ],
  "bin_confidences": [
    0.0,
    0.0,
    0.0,
    0.24857056140899658,
    0.30086925625801086,
    0.36880117654800415,
    0.43848443031311035,
    0.5008043050765991,
    0.5640397071838379,
    0.6312991976737976,
    0.7008004784584045,
    0.7669218182563782,
    0.8341080546379089,
    0.9034124612808228,
    0.9934164881706238
  ],
  "bin_counts": [
    0.0,
    0.0,
    0.0,
    5.0,
    23.0,
    76.0,
    153.0,
    246.0,
    258.0,
    256.0,
    288.0,
    334.0,
    415.0,
    618.0,
    7328.0
  ],
  "per_class_acc": [
    0.9169999957084656,
    0.9210000038146973,
    0.7519999742507935,
    0.6669999957084656,
    0.7940000295639038,
    0.8970000147819519,
    0.9539999961853027,
    0.9070000052452087,
    0.9599999785423279,
    0.8820000290870667
  ]
}