{
  "epoch": 28,
  "train_loss": 0.08459038759493615,
  "train_acc": 0.97078,
  "test_loss": 0.33721478007733824,
  "test_acc": 0.9043,
  "test_ece": 0.04537416249513626,
  "test_entropy": 0.1350507140159607,
  "bin_accuracies": [
    0.0,
    0.0,
    0.0,
    0.0,
    0.16666666666666666,
    0.21739130434782608,
    0.2702702702702703,
    0.4557823129251701,
    0.5083798882681564,
    0.48148148148148145,
    0.5934065934065934,
    0.6467889908256881,
    0.6756756756756757,
    0.7197149643705463,
    0.9683994693040646
  ],
  "bin_confidences": [
    0.0,
    0.0,
    0.0,
    0.26577112078666687,
    0.3048398196697235,
    0.3711197078227997,
    0.4389846920967102,
    0.5043832659721375,
    0.5669952630996704,
    0.6345179080963135,
    0.7010735273361206,
    0.7683248519897461,
    0.8350757956504822,
    0.904312014579773,
    0.9953142404556274
  ],
  "bin_counts": [
    0.0,
    0.0,
    0.0,
    1.0,
    6.0,
    23.0,
    74.0,
    147.0,
    179.0,
    162.0,
    182.0,
    218.0,
    296.0,
    421.0,
    8291.0
  ],
  "per_class_acc": [
    0.8970000147819519,
    0.9639999866485596,
    0.875,
    0.8199999928474426,
    0.9150000214576721,
    0.847000002861023,
    0.9240000247955322,
    0.9290000200271606,
    0.9700000286102295,
    0.9020000100135803
  ]
}