{
  "epoch": 32,
  "train_loss": 0.07257396911444795,
  "train_acc": 0.97564,
  "test_loss": 0.3756351137161255,
  "test_acc": 0.8937,
  "test_ece": 0.05577731877565384,
  "test_entropy": 0.13427868485450745,
  "bin_accuracies": [
    0.0,
    0.0,
    0.0,
    0.0,
    0.2222222222222222,
    0.2857142857142857,
    0.2982456140350877,
    0.42758620689655175,
    0.5029940119760479,
    0.4508670520231214,
    0.6145833333333334,
    0.5638766519823789,
    0.5773195876288659,
    0.7056179775280899,
    0.9634294017922015
  ],
  "bin_confidences": [
    0.0,
    0.0,
    0.0,
    0.23446816205978394,
    0.3114783763885498,
    0.37713491916656494,
    0.4407707154750824,
    0.5079994797706604,
    0.5661506652832031,
    0.6342909336090088,
    0.7027561068534851,
    0.7653172612190247,
    0.8356849551200867,
    0.9026902318000793,
    0.9956254363059998
  ],
  "bin_counts": [
    0.0,
    0.0,
    0.0,
    1.0,
    9.0,
    35.0,
    57.0,
    145.0,
    167.0,
    173.0,
    192.0,
    227.0,
    291.0,
    445.0,
    8258.0
  ],
  "per_class_acc": [
    0.8389999866485596,
    0.9430000185966492,
    0.8849999904632568,
    0.7310000061988831,
    0.8920000195503235,
    0.902999997138977,
    0.9100000262260437,
    0.9359999895095825,
    0.9459999799728394,
    0.9520000219345093
  ]
}