{
  "epoch": 22,
  "train_loss": 0.18593632502247914,
  "train_acc": 0.93464,
  "test_loss": 0.40727347016334536,
  "test_acc": 0.8723,
  "test_ece": 0.05187065899372101,
  "test_entropy": 0.20961178839206696,
  "bin_accuracies": [
    0.0,
    0.0,
    0.0,
    0.14285714285714285,
    0.38095238095238093,
    0.2692307692307692,
    0.4016393442622951,
    0.3853658536585366,
    0.48638132295719844,
    0.4943820224719101,
    0.5461538461538461,
    0.5813148788927336,
    0.6639118457300276,
    0.756578947368421,
    0.9699587930346936
  ],
  "bin_confidences": [
    0.0,
    0.0,
    0.0,
    0.2393733263015747,
    0.3089110851287842,
    0.36973682045936584,
    0.43646153807640076,
    0.5036545991897583,
    0.5675726532936096,
    0.6328408122062683,
    0.6997852921485901,
    0.7665555477142334,
    0.8366246819496155,
    0.9025786519050598,
    0.9935334920883179
  ],
  "bin_counts": [
    0.0,
    0.0,
    0.0,
    7.0,
    21.0,
    78.0,
    122.0,
    205.0,
    257.0,
    267.0,
    260.0,
    289.0,
    363.0,
    608.0,
    7523.0
  ],
  "per_class_acc": [
    0.9269999861717224,
    0.953000009059906,
    0.8640000224113464,
    0.7139999866485596,
    0.8140000104904175,
    0.7870000004768372,
    0.8610000014305115,
    0.9599999785423279,
    0.9110000133514404,
    0.9319999814033508
  ]
}