{
  "epoch": 1,
  "train_loss": 1.08150747456514,
  "train_acc": 0.61144,
  "test_loss": 1.0709561568498611,
  "test_acc": 0.6338,
  "test_ece": 0.08330726623535156,
  "test_entropy": 0.7946153283119202,
  "bin_accuracies": [
    0.0,
    0.0,
    0.15,
    0.22695035460992907,
    0.319693094629156,
    0.32798573975044565,
    0.37047353760445684,
    0.42665036674816625,
    0.46219512195121953,
    0.5485799701046338,
    0.5849858356940509,
    0.6184573002754821,
    0.7148102815177478,
    0.785234899328859,
    0.9214007782101167
  ],
  "bin_confidences": [
    0.0,
    0.0,
    0.18445201218128204,
    0.24257215857505798,
    0.3059941828250885,
    0.3681781589984894,
    0.43457522988319397,
    0.5008431077003479,
    0.5663658380508423,
    0.6320468187332153,
    0.7009314894676208,
    0.7672891020774841,
    0.8344476819038391,
    0.9014689922332764,
    0.9779826998710632
  ],
  "bin_counts": [
    0.0,
    0.0,
    20.0,
    141.0,
    391.0,
    561.0,
    718.0,
    818.0,
    820.0,
    669.0,
    706.0,
    726.0,
    817.0,
    1043.0,
    2570.0
  ],
  "per_class_acc": [
    0.8600000143051147,
    0.7139999866485596,
    0.3970000147819519,
    0.3240000009536743,
    0.7549999952316284,
    0.3790000081062317,
    0.7279999852180481,
    0.6549999713897705,
    0.7519999742507935,
    0.7739999890327454
  ]
}