{
  "epoch": 48,
  "train_loss": 0.012471027619293546,
  "train_acc": 0.99758,
  "test_loss": 0.3164073246717453,
  "test_acc": 0.9192,
  "test_ece": 0.04545512795448303,
  "test_entropy": 0.09256067126989365,
  "bin_accuracies": [
    0.0,
    0.0,
    0.0,
    0.0,
    0.25,
    0.1,
    0.3023255813953488,
    0.49514563106796117,
    0.48854961832061067,
    0.5272727272727272,
    0.5539568345323741,
    0.5897435897435898,
    0.6123595505617978,
    0.6754966887417219,
    0.9668671281062068
  ],
  "bin_confidences": [
    0.0,
    0.0,
    0.0,
    0.2662850320339203,
    0.30350765585899353,
    0.370726615190506,
    0.43122807145118713,
    0.5056270360946655,
    0.5623804926872253,
    0.6331265568733215,
    0.6994401812553406,
    0.7679604887962341,
    0.8349962830543518,
    0.901885986328125,
    0.9968947768211365
  ],
  "bin_counts": [
    0.0,
    0.0,
    0.0,
    1.0,
    4.0,
    20.0,
    43.0,
    103.0,
    131.0,
    110.0,
    139.0,
    156.0,
    178.0,
    302.0,
    8813.0
  ],
  "per_class_acc": [
    0.9449999928474426,
    0.9580000042915344,
    0.8820000290870667,
    0.8199999928474426,
    0.9269999861717224,
    0.8759999871253967,
    0.9390000104904175,
    0.9520000219345093,
    0.9490000009536743,
    0.9440000057220459
  ]
}