{
  "epoch": 2,
  "train_loss": 0.8696303373712408,
  "train_acc": 0.69232,
  "test_loss": 0.7924932193756103,
  "test_acc": 0.7269,
  "test_ece": 0.03845113515853882,
  "test_entropy": 0.6513887643814087,
  "bin_accuracies": [
    0.0,
    0.0,
    0.0,
    0.17777777777777778,
    0.308411214953271,
    0.33874709976798145,
    0.4409722222222222,
    0.46262341325811,
    0.5459533607681756,
    0.5555555555555556,
    0.6363636363636364,
    0.7195994277539342,
    0.7861035422343324,
    0.8447265625,
    0.9536156727167963
  ],
  "bin_confidences": [
    0.0,
    0.0,
    0.19991055130958557,
    0.24464061856269836,
    0.30679336190223694,
    0.3690030574798584,
    0.4353196322917938,
    0.49948403239250183,
    0.5657726526260376,
    0.6337538957595825,
    0.6995996236801147,
    0.766918957233429,
    0.8356611728668213,
    0.9020086526870728,
    0.9821826815605164
  ],
  "bin_counts": [
    0.0,
    0.0,
    2.0,
    45.0,
    214.0,
    431.0,
    576.0,
    709.0,
    729.0,
    684.0,
    682.0,
    699.0,
    734.0,
    1024.0,
    3471.0
  ],
  "per_class_acc": [
    0.6940000057220459,
    0.7720000147819519,
    0.7089999914169312,
    0.5210000276565552,
    0.6959999799728394,
    0.4779999852180481,
    0.828000009059906,
    0.8029999732971191,
    0.8659999966621399,
    0.9020000100135803
  ]
}