{
  "epoch": 8,
  "train_loss": 0.4235507488403174,
  "train_acc": 0.85208,
  "test_loss": 0.5549009375274181,
  "test_acc": 0.8212,
  "test_ece": 0.050197064876556396,
  "test_entropy": 0.3619040846824646,
  "bin_accuracies": [
    0.0,
    0.0,
    0.0,
    0.0,
    0.1746031746031746,
    0.3561643835616438,
    0.3055555555555556,
    0.44711538461538464,
    0.5011820330969267,
    0.5333333333333333,
    0.5939849624060151,
    0.6942675159235668,
    0.7379182156133829,
    0.8262454434993924,
    0.9603764239722635
  ],
  "bin_confidences": [
    0.0,
    0.0,
    0.0,
    0.240464448928833,
    0.3081137537956238,
    0.3700493276119232,
    0.43664979934692383,
    0.5022112131118774,
    0.5660200715065002,
    0.6322246193885803,
    0.7013984322547913,
    0.7674098014831543,
    0.8350879549980164,
    0.9022902250289917,
    0.9891387224197388
  ],
  "bin_counts": [
    0.0,
    0.0,
    0.0,
    7.0,
    63.0,
    146.0,
    252.0,
    416.0,
    423.0,
    405.0,
    399.0,
    471.0,
    538.0,
    823.0,
    6057.0
  ],
  "per_class_acc": [
    0.7739999890327454,
    0.9039999842643738,
    0.8040000200271606,
    0.6269999742507935,
    0.8820000290870667,
    0.640999972820282,
    0.8730000257492065,
    0.8299999833106995,
    0.9200000166893005,
    0.9570000171661377
  ]
}