{
  "epoch": 43,
  "train_loss": 0.016920639876076175,
  "train_acc": 0.99594,
  "test_loss": 0.3176418121904135,
  "test_acc": 0.9162,
  "test_ece": 0.04733419418334961,
  "test_entropy": 0.09856133162975311,
  "bin_accuracies": [
    0.0,
    0.0,
    0.0,
    0.0,
    0.5714285714285714,
    0.5,
    0.2777777777777778,
    0.4351851851851852,
    0.4186046511627907,
    0.528169014084507,
    0.5454545454545454,
    0.5028248587570622,
    0.6354166666666666,
    0.6918032786885245,
    0.9680814552110742
  ],
  "bin_confidences": [
    0.0,
    0.0,
    0.0,
    0.0,
    0.30603164434432983,
    0.37236133217811584,
    0.4348072409629822,
    0.5083928108215332,
    0.5664573311805725,
    0.6342155337333679,
    0.7007388472557068,
    0.765686571598053,
    0.8333870768547058,
    0.9025556445121765,
    0.9967007637023926
  ],
  "bin_counts": [
    0.0,
    0.0,
    0.0,
    0.0,
    7.0,
    20.0,
    36.0,
    108.0,
    129.0,
    142.0,
    143.0,
    177.0,
    192.0,
    305.0,
    8741.0
  ],
  "per_class_acc": [
    0.9369999766349792,
    0.9610000252723694,
    0.871999979019165,
    0.8450000286102295,
    0.9070000052452087,
    0.8650000095367432,
    0.9459999799728394,
    0.9419999718666077,
    0.9449999928474426,
    0.9419999718666077
  ]
}