{
  "epoch": 41,
  "train_loss": 0.01797316962783999,
  "train_acc": 0.99598,
  "test_loss": 0.32013159841299055,
  "test_acc": 0.9161,
  "test_ece": 0.04735179245471954,
  "test_entropy": 0.09771042317152023,
  "bin_accuracies": [
    0.0,
    0.0,
    0.0,
    0.0,
    0.3333333333333333,
    0.2631578947368421,
    0.25,
    0.37777777777777777,
    0.4146341463414634,
    0.5639097744360902,
    0.5448717948717948,
    0.55,
    0.6410256410256411,
    0.7034883720930233,
    0.9675347023058392
  ],
  "bin_confidences": [
    0.0,
    0.0,
    0.0,
    0.0,
    0.30619874596595764,
    0.37379226088523865,
    0.4359677731990814,
    0.5068254470825195,
    0.5647744536399841,
    0.6361654996871948,
    0.6989373564720154,
    0.7680886387825012,
    0.8344199061393738,
    0.903447687625885,
    0.9967136979103088
  ],
  "bin_counts": [
    0.0,
    0.0,
    0.0,
    0.0,
    3.0,
    19.0,
    40.0,
    90.0,
    123.0,
    133.0,
    156.0,
    180.0,
    195.0,
    344.0,
    8717.0
  ],
  "per_class_acc": [
    0.9210000038146973,
    0.949999988079071,
    0.8999999761581421,
    0.8330000042915344,
    0.9259999990463257,
    0.8640000224113464,
    0.9380000233650208,
    0.9319999814033508,
    0.9559999704360962,
    0.9409999847412109
  ]
}