{
  "epoch": 23,
  "train_loss": 0.1275940129862112,
  "train_acc": 0.95636,
  "test_loss": 0.33870106503367425,
  "test_acc": 0.8942,
  "test_ece": 0.04481234773993492,
  "test_entropy": 0.1671094447374344,
  "bin_accuracies": [
    0.0,
    0.0,
    0.0,
    0.0,
    0.05263157894736842,
    0.1956521739130435,
    0.3225806451612903,
    0.38414634146341464,
    0.5046296296296297,
    0.5440414507772021,
    0.547945205479452,
    0.6137339055793991,
    0.6707317073170732,
    0.7859922178988327,
    0.9707690377618868
  ],
  "bin_confidences": [
    0.0,
    0.0,
    0.0,
    0.22880062460899353,
    0.3125997483730316,
    0.37080320715904236,
    0.4392850399017334,
    0.502711832523346,
    0.5644090175628662,
    0.6334108710289001,
    0.7008398175239563,
    0.765899121761322,
    0.8364683985710144,
    0.9036090970039368,
    0.9945957660675049
  ],
  "bin_counts": [
    0.0,
    0.0,
    0.0,
    4.0,
    19.0,
    46.0,
    93.0,
    164.0,
    216.0,
    193.0,
    219.0,
    233.0,
    328.0,
    514.0,
    7971.0
  ],
  "per_class_acc": [
    0.9269999861717224,
    0.9509999752044678,
    0.8410000205039978,
    0.6539999842643738,
    0.9079999923706055,
    0.8840000033378601,
    0.9359999895095825,
    0.9570000171661377,
    0.9399999976158142,
    0.9440000057220459
  ]
}