{
  "epoch": 13,
  "train_loss": 0.3000525980425613,
  "train_acc": 0.89574,
  "test_loss": 0.5330831333994865,
  "test_acc": 0.8355,
  "test_ece": 0.059819284826517105,
  "test_entropy": 0.28372588753700256,
  "bin_accuracies": [
    0.0,
    0.0,
    0.0,
    0.0,
    0.25,
    0.3652173913043478,
    0.3764705882352941,
    0.4208754208754209,
    0.4666666666666667,
    0.5178571428571429,
    0.5994897959183674,
    0.6385542168674698,
    0.6873786407766991,
    0.7901390644753477,
    0.955724033358605
  ],
  "bin_confidences": [
    0.0,
    0.0,
    0.0,
    0.24920322000980377,
    0.3066989481449127,
    0.3695782423019409,
    0.43543756008148193,
    0.5046618580818176,
    0.5686489939689636,
    0.6329959630966187,
    0.7010129690170288,
    0.7676587104797363,
    0.8347495198249817,
    0.9029344916343689,
    0.9903790354728699
  ],
  "bin_counts": [
    0.0,
    0.0,
    0.0,
    1.0,
    28.0,
    115.0,
    170.0,
    297.0,
    345.0,
    336.0,
    392.0,
    415.0,
    515.0,
    791.0,
    6595.0
  ],
  "per_class_acc": [
    0.8059999942779541,
    0.7599999904632568,
    0.7710000276565552,
    0.796999990940094,
    0.7519999742507935,
    0.8579999804496765,
    0.8970000147819519,
    0.8299999833106995,
    0.9079999923706055,
    0.9760000109672546
  ]
}