{
  "epoch": 5,
  "train_loss": 0.5618188557265055,
  "train_acc": 0.80434,
  "test_loss": 0.7103600960969925,
  "test_acc": 0.7692,
  "test_ece": 0.0696587786078453,
  "test_entropy": 0.44337522983551025,
  "bin_accuracies": [
    0.0,
    0.0,
    0.5,
    0.11764705882352941,
    0.23853211009174313,
    0.33,
    0.345565749235474,
    0.44841269841269843,
    0.518796992481203,
    0.5128205128205128,
    0.5551330798479087,
    0.6647509578544061,
    0.7232142857142857,
    0.7793326157158235,
    0.945662720745197
  ],
  "bin_confidences": [
    0.0,
    0.0,
    0.192903071641922,
    0.2392786592245102,
    0.3067331612110138,
    0.3693286180496216,
    0.4362487196922302,
    0.5016072392463684,
    0.5661861300468445,
    0.6329970359802246,
    0.7003114819526672,
    0.7679672241210938,
    0.8351761698722839,
    0.9026889204978943,
    0.9875622391700745
  ],
  "bin_counts": [
    0.0,
    0.0,
    2.0,
    17.0,
    109.0,
    200.0,
    327.0,
    504.0,
    532.0,
    507.0,
    526.0,
    522.0,
    672.0,
    929.0,
    5153.0
  ],
  "per_class_acc": [
    0.7599999904632568,
    0.9380000233650208,
    0.5569999814033508,
    0.6019999980926514,
    0.5839999914169312,
    0.7799999713897705,
    0.9570000171661377,
    0.718999981880188,
    0.9409999847412109,
    0.8539999723434448
  ]
}