{
  "epoch": 39,
  "train_loss": 0.02795879242470121,
  "train_acc": 0.99242,
  "test_loss": 0.327890103533864,
  "test_acc": 0.9159,
  "test_ece": 0.04666486755013466,
  "test_entropy": 0.09997689723968506,
  "bin_accuracies": [
    0.0,
    0.0,
    0.0,
    0.0,
    0.3333333333333333,
    0.25,
    0.36,
    0.3958333333333333,
    0.4,
    0.5645161290322581,
    0.5793103448275863,
    0.5771428571428572,
    0.6904761904761905,
    0.7048192771084337,
    0.9651176133103844
  ],
  "bin_confidences": [
    0.0,
    0.0,
    0.0,
    0.230396568775177,
    0.3119398057460785,
    0.36391890048980713,
    0.435726135969162,
    0.5042844414710999,
    0.5660503506660461,
    0.6327284574508667,
    0.7018752694129944,
    0.767225444316864,
    0.8363096714019775,
    0.9026275277137756,
    0.9964241981506348
  ],
  "bin_counts": [
    0.0,
    0.0,
    0.0,
    1.0,
    6.0,
    16.0,
    50.0,
    96.0,
    130.0,
    124.0,
    145.0,
    175.0,
    210.0,
    332.0,
    8715.0
  ],
  "per_class_acc": [
    0.9330000281333923,
    0.968999981880188,
    0.8759999871253967,
    0.8100000023841858,
    0.9369999766349792,
    0.847000002861023,
    0.9570000171661377,
    0.9480000138282776,
    0.953000009059906,
    0.9290000200271606
  ]
}