{
  "epoch": 0,
  "train_loss": 1.5379315764093033,
  "train_acc": 0.4298,
  "test_loss": 1.2624896085262298,
  "test_acc": 0.5527,
  "test_ece": 0.05131832882761955,
  "test_entropy": 1.0682144165039062,
  "bin_accuracies": [
    0.0,
    0.0,
    0.16129032258064516,
    0.25,
    0.2661179698216735,
    0.32840236686390534,
    0.3969804618117229,
    0.46160558464223383,
    0.5225225225225225,
    0.5910652920962199,
    0.6180645161290322,
    0.7045123726346434,
    0.7298136645962733,
    0.8170212765957446,
    0.921025641025641
  ],
  "bin_confidences": [
    0.0,
    0.0,
    0.18646970391273499,
    0.2407008558511734,
    0.3040276765823364,
    0.36753782629966736,
    0.4342929422855377,
    0.4996130168437958,
    0.5671759843826294,
    0.6315246820449829,
    0.6989116072654724,
    0.7654848694801331,
    0.8326030373573303,
    0.9002140164375305,
    0.9696806073188782
  ],
  "bin_counts": [
    0.0,
    0.0,
    31.0,
    296.0,
    729.0,
    1014.0,
    1126.0,
    1146.0,
    999.0,
    873.0,
    775.0,
    687.0,
    644.0,
    705.0,
    975.0
  ],
  "per_class_acc": [
    0.6859999895095825,
    0.7829999923706055,
    0.3140000104904175,
    0.41999998688697815,
    0.6190000176429749,
    0.46799999475479126,
    0.46399998664855957,
    0.7630000114440918,
    0.6269999742507935,
    0.382999986410141
  ]
}