{
  "epoch": 3,
  "train_loss": 0.7213696008143218,
  "train_acc": 0.74516,
  "test_loss": 0.7979311901330948,
  "test_acc": 0.734,
  "test_ece": 0.05951554328203201,
  "test_entropy": 0.5664247274398804,
  "bin_accuracies": [
    0.0,
    0.0,
    0.0,
    0.26666666666666666,
    0.271523178807947,
    0.3157894736842105,
    0.3777292576419214,
    0.42065868263473055,
    0.48466257668711654,
    0.543035993740219,
    0.5621970920840065,
    0.6676691729323309,
    0.7677165354330708,
    0.8242990654205608,
    0.9590657960823706
  ],
  "bin_confidences": [
    0.0,
    0.0,
    0.0,
    0.24704596400260925,
    0.30623653531074524,
    0.37049731612205505,
    0.4347932040691376,
    0.5026746392250061,
    0.5661064982414246,
    0.6336593627929688,
    0.7007529139518738,
    0.7661562561988831,
    0.8333387970924377,
    0.9031517505645752,
    0.9829535484313965
  ],
  "bin_counts": [
    0.0,
    0.0,
    0.0,
    30.0,
    151.0,
    304.0,
    458.0,
    668.0,
    652.0,
    639.0,
    619.0,
    665.0,
    762.0,
    1070.0,
    3982.0
  ],
  "per_class_acc": [
    0.7509999871253967,
    0.7639999985694885,
    0.3790000081062317,
    0.6600000262260437,
    0.8460000157356262,
    0.7630000114440918,
    0.6710000038146973,
    0.7440000176429749,
    0.8769999742507935,
    0.8849999904632568
  ]
}