{
  "epoch": 7,
  "train_loss": 0.46126773976304036,
  "train_acc": 0.83892,
  "test_loss": 0.5369848456978797,
  "test_acc": 0.8208,
  "test_ece": 0.042074285447597504,
  "test_entropy": 0.38994818925857544,
  "bin_accuracies": [
    0.0,
    0.0,
    0.0,
    0.5833333333333334,
    0.345679012345679,
    0.3783783783783784,
    0.37542662116040953,
    0.4382284382284382,
    0.48951048951048953,
    0.5380952380952381,
    0.6452991452991453,
    0.7593457943925234,
    0.7589134125636672,
    0.8067129629629629,
    0.9648397104446742
  ],
  "bin_confidences": [
    0.0,
    0.0,
    0.0,
    0.23762118816375732,
    0.30597496032714844,
    0.3699093461036682,
    0.43542882800102234,
    0.5004775524139404,
    0.5672343969345093,
    0.633830189704895,
    0.7008662223815918,
    0.7658347487449646,
    0.834190845489502,
    0.9011814594268799,
    0.9888320565223694
  ],
  "bin_counts": [
    0.0,
    0.0,
    0.0,
    12.0,
    81.0,
    185.0,
    293.0,
    429.0,
    429.0,
    420.0,
    468.0,
    428.0,
    589.0,
    864.0,
    5802.0
  ],
  "per_class_acc": [
    0.9020000100135803,
    0.9200000166893005,
    0.6389999985694885,
    0.6589999794960022,
    0.9240000247955322,
    0.6899999976158142,
    0.8669999837875366,
    0.8080000281333923,
    0.8999999761581421,
    0.8989999890327454
  ]
}