{
  "epoch": 30,
  "train_loss": 0.07730074652263423,
  "train_acc": 0.97374,
  "test_loss": 0.3373326563835144,
  "test_acc": 0.9017,
  "test_ece": 0.049661967903375626,
  "test_entropy": 0.13105927407741547,
  "bin_accuracies": [
    0.0,
    0.0,
    0.0,
    0.0,
    0.16666666666666666,
    0.4074074074074074,
    0.42424242424242425,
    0.42567567567567566,
    0.40236686390532544,
    0.5189873417721519,
    0.5266272189349113,
    0.5507246376811594,
    0.6479400749063671,
    0.7018348623853211,
    0.9688286776165927
  ],
  "bin_confidences": [
    0.0,
    0.0,
    0.0,
    0.0,
    0.3072022795677185,
    0.3682655394077301,
    0.4373968839645386,
    0.5029452443122864,
    0.5690914392471313,
    0.6360765099525452,
    0.6998236179351807,
    0.7685810923576355,
    0.831894040107727,
    0.9027288556098938,
    0.995657742023468
  ],
  "bin_counts": [
    0.0,
    0.0,
    0.0,
    0.0,
    12.0,
    27.0,
    66.0,
    148.0,
    169.0,
    158.0,
    169.0,
    207.0,
    267.0,
    436.0,
    8341.0
  ],
  "per_class_acc": [
    0.9259999990463257,
    0.9559999704360962,
    0.8659999966621399,
    0.8050000071525574,
    0.8840000033378601,
    0.8109999895095825,
    0.9369999766349792,
    0.9610000252723694,
    0.9480000138282776,
    0.9229999780654907
  ]
}