{
  "epoch": 37,
  "train_loss": 0.030188485121359226,
  "train_acc": 0.99162,
  "test_loss": 0.3183204334974289,
  "test_acc": 0.9159,
  "test_ece": 0.044907502830028534,
  "test_entropy": 0.10456106811761856,
  "bin_accuracies": [
    0.0,
    0.0,
    0.0,
    0.0,
    0.0,
    0.3888888888888889,
    0.3333333333333333,
    0.4132231404958678,
    0.5238095238095238,
    0.4859154929577465,
    0.5878378378378378,
    0.6410256410256411,
    0.6530612244897959,
    0.6968838526912181,
    0.9669478793482029
  ],
  "bin_confidences": [
    0.0,
    0.0,
    0.0,
    0.0,
    0.30480098724365234,
    0.3675018548965454,
    0.43844905495643616,
    0.5052582621574402,
    0.5652773976325989,
    0.6351858973503113,
    0.6986334323883057,
    0.7656628489494324,
    0.8348215222358704,
    0.903337836265564,
    0.9964896440505981
  ],
  "bin_counts": [
    0.0,
    0.0,
    0.0,
    0.0,
    6.0,
    18.0,
    42.0,
    121.0,
    126.0,
    142.0,
    148.0,
    195.0,
    196.0,
    353.0,
    8653.0
  ],
  "per_class_acc": [
    0.9340000152587891,
    0.9589999914169312,
    0.8930000066757202,
    0.8379999995231628,
    0.9259999990463257,
    0.8510000109672546,
    0.9319999814033508,
    0.9419999718666077,
    0.9409999847412109,
    0.9430000185966492
  ]
}