{
  "epoch": 36,
  "train_loss": 0.0334299914098209,
  "train_acc": 0.99028,
  "test_loss": 0.3193690324574709,
  "test_acc": 0.9161,
  "test_ece": 0.045285265892744064,
  "test_entropy": 0.1043311282992363,
  "bin_accuracies": [
    0.0,
    0.0,
    0.0,
    0.0,
    0.5,
    0.3333333333333333,
    0.3191489361702128,
    0.35353535353535354,
    0.5,
    0.4626865671641791,
    0.5739644970414202,
    0.625,
    0.6666666666666666,
    0.7003058103975535,
    0.9678163571346176
  ],
  "bin_confidences": [
    0.0,
    0.0,
    0.0,
    0.0,
    0.2940748929977417,
    0.3748154938220978,
    0.4386194050312042,
    0.5043157339096069,
    0.5660849213600159,
    0.6359578967094421,
    0.7022661566734314,
    0.7670992016792297,
    0.8344123363494873,
    0.9039567708969116,
    0.9963705539703369
  ],
  "bin_counts": [
    0.0,
    0.0,
    0.0,
    0.0,
    8.0,
    21.0,
    47.0,
    99.0,
    126.0,
    134.0,
    169.0,
    184.0,
    216.0,
    327.0,
    8669.0
  ],
  "per_class_acc": [
    0.9210000038146973,
    0.9620000123977661,
    0.871999979019165,
    0.8180000185966492,
    0.9309999942779541,
    0.8759999871253967,
    0.953000009059906,
    0.9399999976158142,
    0.9549999833106995,
    0.9330000281333923
  ]
}