{
  "epoch": 18,
  "train_loss": 0.23037805697878302,
  "train_acc": 0.91884,
  "test_loss": 0.47278709217906,
  "test_acc": 0.8582,
  "test_ece": 0.06328916549682617,
  "test_entropy": 0.21565081179141998,
  "bin_accuracies": [
    0.0,
    0.0,
    0.0,
    0.0,
    0.058823529411764705,
    0.22033898305084745,
    0.3181818181818182,
    0.391304347826087,
    0.5289256198347108,
    0.5148148148148148,
    0.5451612903225806,
    0.6149425287356322,
    0.6723300970873787,
    0.7422512234910277,
    0.9559978337395072
  ],
  "bin_confidences": [
    0.0,
    0.0,
    0.0,
    0.25298237800598145,
    0.3092833161354065,
    0.37572017312049866,
    0.43688464164733887,
    0.5033122897148132,
    0.5673794150352478,
    0.6366738677024841,
    0.6990561485290527,
    0.7667480111122131,
    0.8352682590484619,
    0.9025647044181824,
    0.9927825927734375
  ],
  "bin_counts": [
    0.0,
    0.0,
    0.0,
    3.0,
    17.0,
    59.0,
    110.0,
    230.0,
    242.0,
    270.0,
    310.0,
    348.0,
    412.0,
    613.0,
    7386.0
  ],
  "per_class_acc": [
    0.8939999938011169,
    0.847000002861023,
    0.7870000004768372,
    0.8149999976158142,
    0.9290000200271606,
    0.6940000057220459,
    0.9139999747276306,
    0.781000018119812,
    0.9520000219345093,
    0.968999981880188
  ]
}