{
  "epoch": 17,
  "train_loss": 0.2412346518024459,
  "train_acc": 0.91578,
  "test_loss": 0.40053547218441965,
  "test_acc": 0.8705,
  "test_ece": 0.04628254100680351,
  "test_entropy": 0.22857895493507385,
  "bin_accuracies": [
    0.0,
    0.0,
    0.0,
    0.0,
    0.18181818181818182,
    0.34177215189873417,
    0.28776978417266186,
    0.45454545454545453,
    0.4742647058823529,
    0.5244755244755245,
    0.5777777777777777,
    0.6728395061728395,
    0.7386934673366834,
    0.7676767676767676,
    0.9678298800436205
  ],
  "bin_confidences": [
    0.0,
    0.0,
    0.0,
    0.2411360740661621,
    0.31223198771476746,
    0.37315133213996887,
    0.43607935309410095,
    0.5025372505187988,
    0.5689250826835632,
    0.6329051852226257,
    0.6989233493804932,
    0.767733097076416,
    0.834422767162323,
    0.9041903018951416,
    0.9923544526100159
  ],
  "bin_counts": [
    0.0,
    0.0,
    0.0,
    4.0,
    22.0,
    79.0,
    139.0,
    231.0,
    272.0,
    286.0,
    315.0,
    324.0,
    398.0,
    594.0,
    7336.0
  ],
  "per_class_acc": [
    0.8510000109672546,
    0.9789999723434448,
    0.8140000104904175,
    0.7369999885559082,
    0.9160000085830688,
    0.8309999704360962,
    0.8740000128746033,
    0.8939999938011169,
    0.9169999957084656,
    0.8920000195503235
  ]
}