{
  "epoch": 47,
  "train_loss": 0.013004625179802479,
  "train_acc": 0.99752,
  "test_loss": 0.32051000915467737,
  "test_acc": 0.9185,
  "test_ece": 0.046401072293519974,
  "test_entropy": 0.09284521639347076,
  "bin_accuracies": [
    0.0,
    0.0,
    0.0,
    0.0,
    0.5,
    0.25,
    0.20930232558139536,
    0.39622641509433965,
    0.46774193548387094,
    0.4580152671755725,
    0.5765765765765766,
    0.6352941176470588,
    0.6417910447761194,
    0.6982456140350877,
    0.9661671207992734
  ],
  "bin_confidences": [
    0.0,
    0.0,
    0.0,
    0.24095523357391357,
    0.3031904101371765,
    0.36893385648727417,
    0.4357113540172577,
    0.5071948170661926,
    0.5650463104248047,
    0.6366572380065918,
    0.6996598839759827,
    0.7663995027542114,
    0.8357609510421753,
    0.9033190011978149,
    0.9968976974487305
  ],
  "bin_counts": [
    0.0,
    0.0,
    0.0,
    1.0,
    4.0,
    16.0,
    43.0,
    106.0,
    124.0,
    131.0,
    111.0,
    170.0,
    201.0,
    285.0,
    8808.0
  ],
  "per_class_acc": [
    0.9359999895095825,
    0.9570000171661377,
    0.8870000243186951,
    0.828000009059906,
    0.9319999814033508,
    0.8650000095367432,
    0.9430000185966492,
    0.9390000104904175,
    0.9509999752044678,
    0.9470000267028809
  ]
}