{
  "epoch": 11,
  "train_loss": 0.34423000062518105,
  "train_acc": 0.8802,
  "test_loss": 0.47504049599170683,
  "test_acc": 0.8397,
  "test_ece": 0.040837060660123825,
  "test_entropy": 0.3340940475463867,
  "bin_accuracies": [
    0.0,
    0.0,
    0.0,
    0.2,
    0.29411764705882354,
    0.3053435114503817,
    0.3611111111111111,
    0.46296296296296297,
    0.47733333333333333,
    0.5149863760217984,
    0.636150234741784,
    0.6835164835164835,
    0.7522441651705566,
    0.8195488721804511,
    0.9717993911232174
  ],
  "bin_confidences": [
    0.0,
    0.0,
    0.0,
    0.24075524508953094,
    0.3090517520904541,
    0.371969610452652,
    0.4343227744102478,
    0.503533124923706,
    0.5657442808151245,
    0.6343802809715271,
    0.7003083825111389,
    0.7680550217628479,
    0.8341991901397705,
    0.9029262661933899,
    0.989833652973175
  ],
  "bin_counts": [
    0.0,
    0.0,
    0.0,
    5.0,
    51.0,
    131.0,
    216.0,
    378.0,
    375.0,
    367.0,
    426.0,
    455.0,
    557.0,
    798.0,
    6241.0
  ],
  "per_class_acc": [
    0.9079999923706055,
    0.8889999985694885,
    0.7950000166893005,
    0.8100000023841858,
    0.890999972820282,
    0.5260000228881836,
    0.8790000081062317,
    0.8889999985694885,
    0.9290000200271606,
    0.8809999823570251
  ]
}