{
  "epoch": 24,
  "train_loss": 0.10766497754570468,
  "train_acc": 0.96358,
  "test_loss": 0.32878318674862383,
  "test_acc": 0.9008,
  "test_ece": 0.04325857758522034,
  "test_entropy": 0.1548646241426468,
  "bin_accuracies": [
    0.0,
    0.0,
    0.0,
    0.14285714285714285,
    0.4166666666666667,
    0.3076923076923077,
    0.34328358208955223,
    0.40397350993377484,
    0.5053191489361702,
    0.5303030303030303,
    0.5567010309278351,
    0.6771653543307087,
    0.6478405315614618,
    0.738430583501006,
    0.9718240237271379
  ],
  "bin_confidences": [
    0.0,
    0.0,
    0.0,
    0.2525002658367157,
    0.31600409746170044,
    0.374272882938385,
    0.436129629611969,
    0.5056867003440857,
    0.5647516250610352,
    0.6321607828140259,
    0.7026267051696777,
    0.766688883304596,
    0.8370553851127625,
    0.9023352861404419,
    0.9947559833526611
  ],
  "bin_counts": [
    0.0,
    0.0,
    0.0,
    7.0,
    12.0,
    39.0,
    67.0,
    151.0,
    188.0,
    198.0,
    194.0,
    254.0,
    301.0,
    497.0,
    8092.0
  ],
  "per_class_acc": [
    0.9210000038146973,
    0.9649999737739563,
    0.8309999704360962,
    0.753000020980835,
    0.9279999732971191,
    0.8799999952316284,
    0.9559999704360962,
    0.9129999876022339,
    0.9520000219345093,
    0.9089999794960022
  ]
}