{
  "epoch": 12,
  "train_loss": 0.3214234354169777,
  "train_acc": 0.88816,
  "test_loss": 0.5439709666371345,
  "test_acc": 0.8247,
  "test_ece": 0.059986162930727005,
  "test_entropy": 0.3113946318626404,
  "bin_accuracies": [
    0.0,
    0.0,
    1.0,
    0.0,
    0.3076923076923077,
    0.2542372881355932,
    0.36764705882352944,
    0.40707964601769914,
    0.40860215053763443,
    0.5319693094629157,
    0.5966587112171837,
    0.6013215859030837,
    0.7328646748681898,
    0.7817460317460317,
    0.9626005996528326
  ],
  "bin_confidences": [
    0.0,
    0.0,
    0.19503210484981537,
    0.2516809105873108,
    0.30591848492622375,
    0.37301674485206604,
    0.43705108761787415,
    0.5013381838798523,
    0.5665712356567383,
    0.6338567137718201,
    0.7026280760765076,
    0.7664002180099487,
    0.8340154886245728,
    0.9029437899589539,
    0.989655077457428
  ],
  "bin_counts": [
    0.0,
    0.0,
    1.0,
    1.0,
    39.0,
    118.0,
    204.0,
    339.0,
    372.0,
    391.0,
    419.0,
    454.0,
    569.0,
    756.0,
    6337.0
  ],
  "per_class_acc": [
    0.8840000033378601,
    0.8880000114440918,
    0.6269999742507935,
    0.6959999799728394,
    0.8299999833106995,
    0.9210000038146973,
    0.7590000033378601,
    0.796999990940094,
    0.9129999876022339,
    0.9319999814033508
  ]
}