{
  "epoch": 44,
  "train_loss": 0.016190122315169447,
  "train_acc": 0.99614,
  "test_loss": 0.3196397726982832,
  "test_acc": 0.9178,
  "test_ece": 0.04767432063817978,
  "test_entropy": 0.09313635528087616,
  "bin_accuracies": [
    0.0,
    0.0,
    0.0,
    0.0,
    0.4,
    0.5555555555555556,
    0.2571428571428571,
    0.37272727272727274,
    0.44537815126050423,
    0.5234375,
    0.546875,
    0.5655172413793104,
    0.6237113402061856,
    0.6763848396501457,
    0.9678559215775675
  ],
  "bin_confidences": [
    0.0,
    0.0,
    0.0,
    0.26107335090637207,
    0.2929530143737793,
    0.37061893939971924,
    0.43666401505470276,
    0.5048969984054565,
    0.5678807497024536,
    0.6321489214897156,
    0.704526960849762,
    0.7654995918273926,
    0.8334149122238159,
    0.9030420184135437,
    0.9969673752784729
  ],
  "bin_counts": [
    0.0,
    0.0,
    0.0,
    2.0,
    5.0,
    18.0,
    35.0,
    110.0,
    119.0,
    128.0,
    128.0,
    145.0,
    194.0,
    343.0,
    8773.0
  ],
  "per_class_acc": [
    0.9380000233650208,
    0.9580000042915344,
    0.8859999775886536,
    0.8399999737739563,
    0.9200000166893005,
    0.8709999918937683,
    0.9359999895095825,
    0.9419999718666077,
    0.9459999799728394,
    0.9409999847412109
  ]
}