{
  "epoch": 49,
  "train_loss": 0.012139298171853012,
  "train_acc": 0.99746,
  "test_loss": 0.3202445001155138,
  "test_acc": 0.9206,
  "test_ece": 0.045238323509693146,
  "test_entropy": 0.09168434143066406,
  "bin_accuracies": [
    0.0,
    0.0,
    0.0,
    0.0,
    0.2857142857142857,
    0.47058823529411764,
    0.37142857142857144,
    0.449438202247191,
    0.45161290322580644,
    0.5441176470588235,
    0.6090225563909775,
    0.5986394557823129,
    0.6358695652173914,
    0.7003257328990228,
    0.9649699580546424
  ],
  "bin_confidences": [
    0.0,
    0.0,
    0.0,
    0.0,
    0.3090994954109192,
    0.36658474802970886,
    0.4403318166732788,
    0.5013989806175232,
    0.5657481551170349,
    0.6335663199424744,
    0.7010541558265686,
    0.7683426141738892,
    0.8358893990516663,
    0.9036288857460022,
    0.9967851042747498
  ],
  "bin_counts": [
    0.0,
    0.0,
    0.0,
    0.0,
    7.0,
    17.0,
    35.0,
    89.0,
    124.0,
    136.0,
    133.0,
    147.0,
    184.0,
    307.0,
    8821.0
  ],
  "per_class_acc": [
    0.9369999766349792,
    0.9589999914169312,
    0.8989999890327454,
    0.8330000042915344,
    0.9269999861717224,
    0.8629999756813049,
    0.9459999799728394,
    0.9480000138282776,
    0.9459999799728394,
    0.9480000138282776
  ]
}