{
  "epoch": 31,
  "train_loss": 0.07630593858926041,
  "train_acc": 0.97416,
  "test_loss": 0.34200968764722345,
  "test_acc": 0.9028,
  "test_ece": 0.046725474298000336,
  "test_entropy": 0.1358170360326767,
  "bin_accuracies": [
    0.0,
    0.0,
    0.0,
    0.0,
    0.4166666666666667,
    0.3103448275862069,
    0.37037037037037035,
    0.4326241134751773,
    0.46511627906976744,
    0.5561224489795918,
    0.5706806282722513,
    0.59375,
    0.6366906474820144,
    0.7146341463414634,
    0.9686444766039556
  ],
  "bin_confidences": [
    0.0,
    0.0,
    0.0,
    0.24070987105369568,
    0.3155185282230377,
    0.37313276529312134,
    0.4380592107772827,
    0.5044919848442078,
    0.5661466121673584,
    0.6341812610626221,
    0.6983903646469116,
    0.7688184976577759,
    0.8345335721969604,
    0.9043434858322144,
    0.9953042268753052
  ],
  "bin_counts": [
    0.0,
    0.0,
    0.0,
    1.0,
    12.0,
    29.0,
    54.0,
    141.0,
    172.0,
    196.0,
    191.0,
    224.0,
    278.0,
    410.0,
    8292.0
  ],
  "per_class_acc": [
    0.9070000052452087,
    0.9670000076293945,
    0.8669999837875366,
    0.7960000038146973,
    0.925000011920929,
    0.8709999918937683,
    0.9020000100135803,
    0.9279999732971191,
    0.9070000052452087,
    0.9580000042915344
  ]
}