{
  "epoch": 45,
  "train_loss": 0.015053939506592577,
  "train_acc": 0.99696,
  "test_loss": 0.32154207676649094,
  "test_acc": 0.917,
  "test_ece": 0.047025714069604874,
  "test_entropy": 0.09463296830654144,
  "bin_accuracies": [
    0.0,
    0.0,
    0.0,
    0.0,
    0.2,
    0.21052631578947367,
    0.3409090909090909,
    0.35185185185185186,
    0.5037593984962406,
    0.41935483870967744,
    0.576271186440678,
    0.58,
    0.6521739130434783,
    0.7237762237762237,
    0.9656153933735626
  ],
  "bin_confidences": [
    0.0,
    0.0,
    0.0,
    0.0,
    0.2983299791812897,
    0.37316203117370605,
    0.43750178813934326,
    0.5058237910270691,
    0.567388653755188,
    0.6351730227470398,
    0.6994531154632568,
    0.7688536643981934,
    0.8374032974243164,
    0.9037750959396362,
    0.9967620968818665
  ],
  "bin_counts": [
    0.0,
    0.0,
    0.0,
    0.0,
    5.0,
    19.0,
    44.0,
    108.0,
    133.0,
    124.0,
    118.0,
    150.0,
    230.0,
    286.0,
    8783.0
  ],
  "per_class_acc": [
    0.9340000152587891,
    0.9539999961853027,
    0.8820000290870667,
    0.8379999995231628,
    0.9309999942779541,
    0.8569999933242798,
    0.9449999928474426,
    0.9409999847412109,
    0.9509999752044678,
    0.9369999766349792
  ]
}