{
  "epoch": 20,
  "train_loss": 0.20631148719497958,
  "train_acc": 0.92738,
  "test_loss": 0.5592062312364579,
  "test_acc": 0.8358,
  "test_ece": 0.0827140286564827,
  "test_entropy": 0.22000287473201752,
  "bin_accuracies": [
    0.0,
    0.0,
    0.0,
    0.0,
    0.13333333333333333,
    0.27419354838709675,
    0.2564102564102564,
    0.43568464730290457,
    0.4681647940074906,
    0.47794117647058826,
    0.5424836601307189,
    0.5598885793871866,
    0.5894039735099338,
    0.681203007518797,
    0.9479209835612654
  ],
  "bin_confidences": [
    0.0,
    0.0,
    0.0,
    0.2378857433795929,
    0.3125777542591095,
    0.36941856145858765,
    0.43848249316215515,
    0.5045127868652344,
    0.5675101280212402,
    0.6339688897132874,
    0.7013145089149475,
    0.7669512629508972,
    0.8349760174751282,
    0.9023547768592834,
    0.993431806564331
  ],
  "bin_counts": [
    0.0,
    0.0,
    0.0,
    4.0,
    15.0,
    62.0,
    117.0,
    241.0,
    267.0,
    272.0,
    306.0,
    359.0,
    453.0,
    665.0,
    7239.0
  ],
  "per_class_acc": [
    0.8510000109672546,
    0.8519999980926514,
    0.7689999938011169,
    0.460999995470047,
    0.871999979019165,
    0.9309999942779541,
    0.765999972820282,
    0.9390000104904175,
    0.9570000171661377,
    0.9599999785423279
  ]
}