{
  "epoch": 16,
  "train_loss": 0.2514065542756139,
  "train_acc": 0.91224,
  "test_loss": 0.39643132492899896,
  "test_acc": 0.8721,
  "test_ece": 0.04319648817181587,
  "test_entropy": 0.23363852500915527,
  "bin_accuracies": [
    0.0,
    0.0,
    0.0,
    0.5,
    0.25925925925925924,
    0.4067796610169492,
    0.3591549295774648,
    0.4296875,
    0.49458483754512633,
    0.5581395348837209,
    0.57,
    0.6736526946107785,
    0.7067307692307693,
    0.7893939393939394,
    0.9703847218378079
  ],
  "bin_confidences": [
    0.0,
    0.0,
    0.0,
    0.23762434720993042,
    0.303823322057724,
    0.3733972907066345,
    0.43439197540283203,
    0.503892183303833,
    0.5669335126876831,
    0.6319051384925842,
    0.7001301050186157,
    0.7679227590560913,
    0.8339536190032959,
    0.9022044539451599,
    0.9923039078712463
  ],
  "bin_counts": [
    0.0,
    0.0,
    0.0,
    2.0,
    27.0,
    59.0,
    142.0,
    256.0,
    277.0,
    301.0,
    300.0,
    334.0,
    416.0,
    660.0,
    7226.0
  ],
  "per_class_acc": [
    0.8889999985694885,
    0.9480000138282776,
    0.8629999756813049,
    0.7390000224113464,
    0.8569999933242798,
    0.7929999828338623,
    0.9279999732971191,
    0.8389999866485596,
    0.9380000233650208,
    0.9269999861717224
  ]
}