{
  "epoch": 40,
  "train_loss": 0.02162658908259114,
  "train_acc": 0.99444,
  "test_loss": 0.3101360735297203,
  "test_acc": 0.9197,
  "test_ece": 0.04310503602027893,
  "test_entropy": 0.10081105679273605,
  "bin_accuracies": [
    0.0,
    0.0,
    0.0,
    1.0,
    0.2,
    0.43478260869565216,
    0.4897959183673469,
    0.44642857142857145,
    0.5267175572519084,
    0.5109489051094891,
    0.6031746031746031,
    0.5935483870967742,
    0.6387665198237885,
    0.6856287425149701,
    0.9689655172413794
  ],
  "bin_confidences": [
    0.0,
    0.0,
    0.0,
    0.2379683554172516,
    0.3157094419002533,
    0.36927899718284607,
    0.4348292052745819,
    0.5058795809745789,
    0.5666148662567139,
    0.6336540579795837,
    0.7006622552871704,
    0.7670324444770813,
    0.8341585993766785,
    0.9028804302215576,
    0.9966280460357666
  ],
  "bin_counts": [
    0.0,
    0.0,
    0.0,
    1.0,
    5.0,
    23.0,
    49.0,
    112.0,
    131.0,
    137.0,
    126.0,
    155.0,
    227.0,
    334.0,
    8700.0
  ],
  "per_class_acc": [
    0.9319999814033508,
    0.9559999704360962,
    0.8989999890327454,
    0.8289999961853027,
    0.9229999780654907,
    0.8759999871253967,
    0.9419999718666077,
    0.9449999928474426,
    0.9539999961853027,
    0.9409999847412109
  ]
}