{
  "epoch": 6,
  "train_loss": 0.5121266299196522,
  "train_acc": 0.8203,
  "test_loss": 0.5635625839233398,
  "test_acc": 0.8061,
  "test_ece": 0.045915648341178894,
  "test_entropy": 0.41401317715644836,
  "bin_accuracies": [
    0.0,
    0.0,
    0.0,
    0.25,
    0.2608695652173913,
    0.3277777777777778,
    0.3992932862190813,
    0.4282608695652174,
    0.5417515274949084,
    0.531390134529148,
    0.5930470347648262,
    0.7026022304832714,
    0.7313432835820896,
    0.823658269441402,
    0.9658276685651295
  ],
  "bin_confidences": [
    0.0,
    0.0,
    0.1858283281326294,
    0.24831756949424744,
    0.29989033937454224,
    0.37186914682388306,
    0.43625408411026,
    0.5023366808891296,
    0.5678846836090088,
    0.6307968497276306,
    0.7004196047782898,
    0.7660897970199585,
    0.8357152342796326,
    0.9024853706359863,
    0.9874776601791382
  ],
  "bin_counts": [
    0.0,
    0.0,
    2.0,
    16.0,
    69.0,
    180.0,
    283.0,
    460.0,
    491.0,
    446.0,
    489.0,
    538.0,
    670.0,
    913.0,
    5443.0
  ],
  "per_class_acc": [
    0.8029999732971191,
    0.8700000047683716,
    0.7419999837875366,
    0.765999972820282,
    0.7149999737739563,
    0.628000020980835,
    0.8790000081062317,
    0.8259999752044678,
    0.9440000057220459,
    0.8880000114440918
  ]
}