{
  "epoch": 4,
  "train_loss": 0.6316560535784572,
  "train_acc": 0.77966,
  "test_loss": 0.9204155260324478,
  "test_acc": 0.7052,
  "test_ece": 0.10044477134943008,
  "test_entropy": 0.5327790379524231,
  "bin_accuracies": [
    0.0,
    0.0,
    0.0,
    0.07407407407407407,
    0.26785714285714285,
    0.30864197530864196,
    0.3627450980392157,
    0.41412520064205455,
    0.4766214177978884,
    0.5407166123778502,
    0.5432692307692307,
    0.6114551083591331,
    0.6649746192893401,
    0.7538910505836576,
    0.9133522727272727
  ],
  "bin_confidences": [
    0.0,
    0.0,
    0.0,
    0.24255207180976868,
    0.30676501989364624,
    0.3689335882663727,
    0.43484124541282654,
    0.5008660554885864,
    0.5655093789100647,
    0.6335330009460449,
    0.7005828619003296,
    0.7672809958457947,
    0.8344389796257019,
    0.901684045791626,
    0.9837157726287842
  ],
  "bin_counts": [
    0.0,
    0.0,
    0.0,
    27.0,
    112.0,
    243.0,
    408.0,
    623.0,
    663.0,
    614.0,
    624.0,
    646.0,
    788.0,
    1028.0,
    4224.0
  ],
  "per_class_acc": [
    0.7839999794960022,
    0.7519999742507935,
    0.796999990940094,
    0.5509999990463257,
    0.9210000038146973,
    0.33799999952316284,
    0.7210000157356262,
    0.47099998593330383,
    0.9380000233650208,
    0.7789999842643738
  ]
}