{
  "epoch": 21,
  "train_loss": 0.19998695470792863,
  "train_acc": 0.93074,
  "test_loss": 0.48289731606841085,
  "test_acc": 0.8515,
  "test_ece": 0.06492064893245697,
  "test_entropy": 0.22857363522052765,
  "bin_accuracies": [
    0.0,
    0.0,
    0.0,
    0.0,
    0.2857142857142857,
    0.3142857142857143,
    0.3202614379084967,
    0.4329004329004329,
    0.49416342412451364,
    0.48201438848920863,
    0.5323076923076923,
    0.6036036036036037,
    0.6613272311212814,
    0.7521222410865874,
    0.9551809210526315
  ],
  "bin_confidences": [
    0.0,
    0.0,
    0.0,
    0.2548471987247467,
    0.30994051694869995,
    0.3714272081851959,
    0.43429386615753174,
    0.5027150511741638,
    0.5677334666252136,
    0.6350645422935486,
    0.7008387446403503,
    0.7668952941894531,
    0.8346728086471558,
    0.9030073881149292,
    0.9928600192070007
  ],
  "bin_counts": [
    0.0,
    0.0,
    0.0,
    3.0,
    28.0,
    70.0,
    153.0,
    231.0,
    257.0,
    278.0,
    325.0,
    333.0,
    437.0,
    589.0,
    7296.0
  ],
  "per_class_acc": [
    0.8569999933242798,
    0.9359999895095825,
    0.9160000085830688,
    0.6769999861717224,
    0.9440000057220459,
    0.6079999804496765,
    0.8309999704360962,
    0.9039999842643738,
    0.9160000085830688,
    0.9259999990463257
  ]
}