{
  "epoch": 26,
  "train_loss": 0.09323877156200007,
  "train_acc": 0.96816,
  "test_loss": 0.3268293462693691,
  "test_acc": 0.9027,
  "test_ece": 0.045221664011478424,
  "test_entropy": 0.14248350262641907,
  "bin_accuracies": [
    0.0,
    0.0,
    0.0,
    0.0,
    0.5714285714285714,
    0.325,
    0.4307692307692308,
    0.4859154929577465,
    0.5256410256410257,
    0.5154639175257731,
    0.4876847290640394,
    0.6090534979423868,
    0.6714801444043321,
    0.708803611738149,
    0.9704631092743405
  ],
  "bin_confidences": [
    0.0,
    0.0,
    0.0,
    0.2523236572742462,
    0.30745071172714233,
    0.3754440248012543,
    0.43505632877349854,
    0.5007146000862122,
    0.5643982291221619,
    0.63458651304245,
    0.7006399035453796,
    0.7671138048171997,
    0.8348766565322876,
    0.9041023254394531,
    0.995087206363678
  ],
  "bin_counts": [
    0.0,
    0.0,
    0.0,
    3.0,
    7.0,
    40.0,
    65.0,
    142.0,
    156.0,
    194.0,
    203.0,
    243.0,
    277.0,
    443.0,
    8227.0
  ],
  "per_class_acc": [
    0.9309999942779541,
    0.9470000267028809,
    0.8809999823570251,
    0.8410000205039978,
    0.8889999985694885,
    0.8349999785423279,
    0.9340000152587891,
    0.890999972820282,
    0.9259999990463257,
    0.9520000219345093
  ]
}