{
  "epoch": 46,
  "train_loss": 0.01358218890938746,
  "train_acc": 0.9972,
  "test_loss": 0.318961234241724,
  "test_acc": 0.9194,
  "test_ece": 0.0453367680311203,
  "test_entropy": 0.09361372888088226,
  "bin_accuracies": [
    0.0,
    0.0,
    0.0,
    0.0,
    0.2222222222222222,
    0.14285714285714285,
    0.3076923076923077,
    0.39814814814814814,
    0.5158730158730159,
    0.4728682170542636,
    0.5116279069767442,
    0.6357142857142857,
    0.6746411483253588,
    0.73,
    0.9655564396953507
  ],
  "bin_confidences": [
    0.0,
    0.0,
    0.0,
    0.0,
    0.3031519651412964,
    0.3726027309894562,
    0.4390110671520233,
    0.5066514015197754,
    0.5699082612991333,
    0.6354581713676453,
    0.7039347887039185,
    0.7678232192993164,
    0.8373475670814514,
    0.9043174982070923,
    0.9968324303627014
  ],
  "bin_counts": [
    0.0,
    0.0,
    0.0,
    0.0,
    9.0,
    14.0,
    39.0,
    108.0,
    126.0,
    129.0,
    129.0,
    140.0,
    209.0,
    300.0,
    8797.0
  ],
  "per_class_acc": [
    0.9330000281333923,
    0.9589999914169312,
    0.8790000081062317,
    0.8339999914169312,
    0.921999990940094,
    0.8659999966621399,
    0.9539999961853027,
    0.9390000104904175,
    0.9620000123977661,
    0.9459999799728394
  ]
}