{
  "epoch": 38,
  "train_loss": 0.03063962660024843,
  "train_acc": 0.991,
  "test_loss": 0.3258499273657799,
  "test_acc": 0.9152,
  "test_ece": 0.0462089478969574,
  "test_entropy": 0.10364221036434174,
  "bin_accuracies": [
    0.0,
    0.0,
    0.0,
    0.0,
    0.42857142857142855,
    0.2857142857142857,
    0.38636363636363635,
    0.45,
    0.4793388429752066,
    0.5104895104895105,
    0.5234899328859061,
    0.5470588235294118,
    0.6206896551724138,
    0.744927536231884,
    0.9670938690682369
  ],
  "bin_confidences": [
    0.0,
    0.0,
    0.0,
    0.0,
    0.3110353350639343,
    0.3712216913700104,
    0.43195638060569763,
    0.5070445537567139,
    0.5673441886901855,
    0.6341035962104797,
    0.6990695595741272,
    0.7674151062965393,
    0.8347364068031311,
    0.9024971127510071,
    0.9965525269508362
  ],
  "bin_counts": [
    0.0,
    0.0,
    0.0,
    0.0,
    7.0,
    28.0,
    44.0,
    100.0,
    121.0,
    143.0,
    149.0,
    170.0,
    232.0,
    345.0,
    8661.0
  ],
  "per_class_acc": [
    0.9169999957084656,
    0.9639999866485596,
    0.8930000066757202,
    0.8240000009536743,
    0.9079999923706055,
    0.8569999933242798,
    0.949999988079071,
    0.9419999718666077,
    0.9599999785423279,
    0.9369999766349792
  ]
}