{
  "epoch": 9,
  "train_loss": 0.3982446861770147,
  "train_acc": 0.86198,
  "test_loss": 0.49259463146328925,
  "test_acc": 0.8403,
  "test_ece": 0.044755447655916214,
  "test_entropy": 0.3222903609275818,
  "bin_accuracies": [
    0.0,
    0.0,
    0.0,
    0.25,
    0.1774193548387097,
    0.2789115646258503,
    0.33497536945812806,
    0.4293628808864266,
    0.5240793201133145,
    0.5787878787878787,
    0.5939086294416244,
    0.7055961070559611,
    0.7203065134099617,
    0.8129973474801061,
    0.9668217054263566
  ],
  "bin_confidences": [
    0.0,
    0.0,
    0.16823144257068634,
    0.25253406167030334,
    0.307550311088562,
    0.37011951208114624,
    0.4333420991897583,
    0.5010405778884888,
    0.5677434206008911,
    0.6337685585021973,
    0.7015114426612854,
    0.7666332125663757,
    0.8341023325920105,
    0.9029026031494141,
    0.9903530478477478
  ],
  "bin_counts": [
    0.0,
    0.0,
    1.0,
    12.0,
    62.0,
    147.0,
    203.0,
    361.0,
    353.0,
    330.0,
    394.0,
    411.0,
    522.0,
    754.0,
    6450.0
  ],
  "per_class_acc": [
    0.8199999928474426,
    0.9570000171661377,
    0.7649999856948853,
    0.5899999737739563,
    0.7860000133514404,
    0.7940000295639038,
    0.9259999990463257,
    0.9110000133514404,
    0.9330000281333923,
    0.9210000038146973
  ]
}