{
  "epoch": 25,
  "train_loss": 0.09706074438150734,
  "train_acc": 0.96762,
  "test_loss": 0.32705138564109804,
  "test_acc": 0.9019,
  "test_ece": 0.044014520943164825,
  "test_entropy": 0.14828257262706757,
  "bin_accuracies": [
    0.0,
    0.0,
    0.0,
    0.0,
    0.5,
    0.2857142857142857,
    0.4,
    0.42,
    0.5029585798816568,
    0.5238095238095238,
    0.5348837209302325,
    0.5833333333333334,
    0.6812080536912751,
    0.75,
    0.9710020800195767
  ],
  "bin_confidences": [
    0.0,
    0.0,
    0.0,
    0.2557618319988251,
    0.31850653886795044,
    0.3726440668106079,
    0.4339256286621094,
    0.5080814361572266,
    0.567014753818512,
    0.6349385380744934,
    0.6991367936134338,
    0.7681291699409485,
    0.8349695205688477,
    0.9034234881401062,
    0.9947939515113831
  ],
  "bin_counts": [
    0.0,
    0.0,
    0.0,
    3.0,
    8.0,
    35.0,
    80.0,
    150.0,
    169.0,
    189.0,
    215.0,
    228.0,
    298.0,
    452.0,
    8173.0
  ],
  "per_class_acc": [
    0.9419999718666077,
    0.972000002861023,
    0.8360000252723694,
    0.8550000190734863,
    0.9049999713897705,
    0.7710000276565552,
    0.9319999814033508,
    0.9359999895095825,
    0.9459999799728394,
    0.9240000247955322
  ]
}