{
  "train_loss": [
    2.006150794760955,
    1.7904495168524934,
    1.671357832296425,
    1.5909778144963258,
    1.5204318831948673,
    1.4789017694990347,
    1.4301593215264323,
    1.3916585219790563,
    1.3581523506537727,
    1.3368959692128175,
    1.3107408983323274,
    1.2871718027097794,
    1.2706717296939372,
    1.249237144999492,
    1.235741480841966,
    1.2231003196952899,
    1.204351160989698,
    1.1896981523774774,
    1.154943014654662,
    1.1501326484753347,
    1.127462106592515,
    1.1207389144031592,
    1.104637321456314,
    1.0933258728602964,
    1.0798694906027422,
    1.0695546132219418,
    1.0572962265490267,
    1.048641873899933,
    1.035858149266304,
    1.022694511181863,
    1.0113459941371323,
    1.005175883050465,
    0.9893526959297297,
    0.9782737679493702,
    0.8815414695178762,
    0.8501701233027231,
    0.8360327471552602,
    0.8176817569281439,
    0.8074085878594147,
    0.7940374763725359,
    0.7806378453588851,
    0.7643639296674363,
    0.6495660035049214,
    0.6112113863305972,
    0.5892954387933093,
    0.5727981723787839,
    0.5581095286494936,
    0.5369131694669309,
    0.4471535685727054,
    0.41144183468635737
  ],
  "train_acc": [
    0.2951,
    0.41424,
    0.47386,
    0.5136,
    0.5467,
    0.56914,
    0.593,
    0.60694,
    0.6206,
    0.63224,
    0.6421,
    0.6498,
    0.65678,
    0.66486,
    0.67114,
    0.67522,
    0.6816,
    0.68656,
    0.70008,
    0.69954,
    0.70762,
    0.70678,
    0.71484,
    0.71666,
    0.72054,
    0.7227,
    0.72724,
    0.72638,
    0.73138,
    0.7326,
    0.73524,
    0.73808,
    0.74102,
    0.74162,
    0.7675,
    0.77428,
    0.77568,
    0.77894,
    0.77914,
    0.78204,
    0.78394,
    0.78712,
    0.81474,
    0.82364,
    0.82818,
    0.8318,
    0.83544,
    0.83884,
    0.86474,
    0.87608
  ],
  "test_loss": [
    1.4760257589817047,
    1.2235890090465547,
    1.1068903911113739,
    1.0931977665424346,
    0.944242250919342,
    0.920320594906807,
    0.8197804796695709,
    0.8574744546413422,
    0.8105643314123153,
    0.7497410351037979,
    0.773798103928566,
    0.7969726437330246,
    0.7414129394292831,
    0.6610791075229645,
    0.7270352029800415,
    0.6797697770595551,
    0.6939353573322297,
    0.6248949411511421,
    0.6962485453486442,
    0.6804647943377495,
    0.6580539879202842,
    0.7154100552201271,
    0.6927917271852493,
    0.6389487981796265,
    0.6270182609558106,
    0.6767370474338531,
    0.6580957490205764,
    0.6120926353335381,
    0.6740292012691498,
    0.6635297825932502,
    0.6471289032697678,
    0.7405862471461296,
    0.6199056559801102,
    0.6682932543754577,
    0.6188511261343956,
    0.560247409939766,
    0.6235920125246048,
    0.6357058528065681,
    0.7534212839603424,
    0.6711308020353317,
    0.6377848920226097,
    0.7329536285996437,
    0.6389278146624565,
    0.6910606902837754,
    0.7259760856628418,
    0.697377935051918,
    0.7499943169951439,
    0.7774870410561562,
    0.7292124480009079,
    0.7837034803628922
  ],
  "test_acc": [
    0.4692,
    0.5785,
    0.6344,
    0.6334,
    0.712,
    0.7202,
    0.7553,
    0.7459,
    0.7658,
    0.7983,
    0.7832,
    0.7855,
    0.7977,
    0.822,
    0.7966,
    0.8266,
    0.8302,
    0.8263,
    0.8355,
    0.8238,
    0.8282,
    0.817,
    0.8298,
    0.8464,
    0.8401,
    0.8294,
    0.8389,
    0.8351,
    0.8194,
    0.8331,
    0.8159,
    0.8094,
    0.8376,
    0.8252,
    0.832,
    0.8509,
    0.8346,
    0.8269,
    0.8026,
    0.8215,
    0.832,
    0.8102,
    0.8277,
    0.8076,
    0.8057,
    0.8127,
    0.7952,
    0.7896,
    0.806,
    0.786
  ],
  "test_ece": [
    0.028798390179872513,
    0.06291946023702621,
    0.0826442763209343,
    0.0546664223074913,
    0.1399383246898651,
    0.1297295093536377,
    0.12536321580410004,
    0.12811125814914703,
    0.1476861834526062,
    0.17423976957798004,
    0.147670179605484,
    0.16716799139976501,
    0.16036252677440643,
    0.1541098803281784,
    0.1449977308511734,
    0.173809215426445,
    0.18900510668754578,
    0.1271800547838211,
    0.20308448374271393,
    0.16723576188087463,
    0.14778012037277222,
    0.16163000464439392,
    0.17647764086723328,
    0.17918264865875244,
    0.14873923361301422,
    0.15416130423545837,
    0.1640557050704956,
    0.11446654796600342,
    0.12098760157823563,
    0.15289627015590668,
    0.09106454253196716,
    0.13554075360298157,
    0.12086248397827148,
    0.11045236885547638,
    0.08769074082374573,
    0.08534663915634155,
    0.08947744965553284,
    0.059109099209308624,
    0.10709328204393387,
    0.0774044394493103,
    0.07139010727405548,
    0.09225175529718399,
    0.05683174356818199,
    0.03440175577998161,
    0.04970420151948929,
    0.03515930473804474,
    0.01951947622001171,
    0.028788454830646515,
    0.023306209594011307,
    0.02479744330048561
  ],
  "test_entropy": [
    1.61623215675354,
    1.4405725002288818,
    1.3747937679290771,
    1.2962957620620728,
    1.3456459045410156,
    1.3045923709869385,
    1.1959608793258667,
    1.2432982921600342,
    1.247714877128601,
    1.2563714981079102,
    1.2149792909622192,
    1.2779910564422607,
    1.2226873636245728,
    1.1326534748077393,
    1.163500428199768,
    1.1929247379302979,
    1.2238993644714355,
    1.0439448356628418,
    1.2751212120056152,
    1.1786235570907593,
    1.108327865600586,
    1.1992896795272827,
    1.204200029373169,
    1.1696010828018188,
    1.0917259454727173,
    1.1416782140731812,
    1.1503443717956543,
    0.9928506016731262,
    1.0693832635879517,
    1.1321624517440796,
    0.9778165221214294,
    1.137463927268982,
    1.005462646484375,
    1.0049549341201782,
    0.9039413332939148,
    0.8316230177879333,
    0.8948567509651184,
    0.8042117357254028,
    1.0210005044937134,
    0.872351348400116,
    0.8067307472229004,
    0.9353421926498413,
    0.773023247718811,
    0.7404278516769409,
    0.7689969539642334,
    0.6866999268531799,
    0.67005455493927,
    0.7093663215637207,
    0.60518479347229,
    0.6626487374305725
  ],
  "epoch_time": [
    660.305632352829,
    660.0231275558472,
    660.1369926929474,
    660.3075540065765,
    659.9456396102905,
    660.1500947475433,
    660.0670475959778,
    660.2558348178864,
    660.0522310733795,
    659.9137694835663,
    660.0514466762543,
    660.1218926906586,
    659.9434990882874,
    660.1920924186707,
    659.9663429260254,
    660.2346122264862,
    660.2940227985382,
    660.2714700698853,
    27.86768889427185,
    26.793124198913574,
    26.652374267578125,
    26.711975574493408,
    26.72462272644043,
    26.725127935409546,
    26.70621156692505,
    26.71246886253357,
    26.716203927993774,
    26.73331332206726,
    26.72110152244568,
    26.71158003807068,
    26.691353797912598,
    26.714722871780396,
    26.706873655319214,
    26.684518814086914,
    26.75197196006775,
    26.719724655151367,
    26.74063539505005,
    26.685290098190308,
    26.698701858520508,
    26.85130548477173,
    26.747435331344604,
    26.801708459854126,
    26.76300573348999,
    26.739005088806152,
    26.73215675354004,
    26.721548318862915,
    26.710469245910645,
    26.70363736152649,
    26.66465735435486,
    26.661745309829712
  ]
}