{
  "epoch": 1,
  "train_loss": 1.7904495168524934,
  "train_acc": 0.41424,
  "test_loss": 1.2235890090465547,
  "test_acc": 0.5785,
  "test_ece": 0.06291946023702621,
  "test_entropy": 1.4405725002288818,
  "bin_accuracies": [
    0.0,
    0.0,
    0.18181818181818182,
    0.25668449197860965,
    0.3244813278008299,
    0.4152046783625731,
    0.48867069486404835,
    0.5699115044247788,
    0.6468609865470852,
    0.7310252996005326,
    0.8146487294469357,
    0.88,
    0.9142335766423357,
    0.9593679458239278,
    0.9751243781094527
  ],
  "bin_confidences": [
    0.0,
    0.0,
    0.18488775193691254,
    0.2384585589170456,
    0.30146554112434387,
    0.36759763956069946,
    0.43273675441741943,
    0.4978855848312378,
    0.5657845139503479,
    0.631912112236023,
    0.6987107396125793,
    0.7667170166969299,
    0.8336422443389893,
    0.8992746472358704,
    0.9561571478843689
  ],
  "bin_counts": [
    0.0,
    0.0,
    121.0,
    748.0,
    1205.0,
    1368.0,
    1324.0,
    1130.0,
    892.0,
    751.0,
    669.0,
    600.0,
    548.0,
    443.0,
    201.0
  ],
  "per_class_acc": [
    0.5529999732971191,
    0.859000027179718,
    0.5550000071525574,
    0.41499999165534973,
    0.29899999499320984,
    0.6420000195503235,
    0.5350000262260437,
    0.49000000953674316,
    0.7919999957084656,
    0.6449999809265137
  ]
}