{
  "epoch": 42,
  "train_loss": 0.6495660035049214,
  "train_acc": 0.81474,
  "test_loss": 0.6389278146624565,
  "test_acc": 0.8277,
  "test_ece": 0.05683174356818199,
  "test_entropy": 0.773023247718811,
  "bin_accuracies": [
    0.0,
    0.0,
    0.3333333333333333,
    0.30952380952380953,
    0.38396624472573837,
    0.4576271186440678,
    0.4549763033175355,
    0.582,
    0.6607460035523979,
    0.7342767295597484,
    0.8278805120910384,
    0.8701007838745801,
    0.9180999180999181,
    0.9287765651924181,
    0.9754067347710934
  ],
  "bin_confidences": [
    0.0,
    0.0,
    0.1834942102432251,
    0.2428899109363556,
    0.30587878823280334,
    0.3698231279850006,
    0.4337385892868042,
    0.5013571381568909,
    0.5664027333259583,
    0.6343557834625244,
    0.6993145942687988,
    0.7688708901405334,
    0.8360641598701477,
    0.9016643166542053,
    0.9683758616447449
  ],
  "bin_counts": [
    0.0,
    0.0,
    3.0,
    84.0,
    237.0,
    354.0,
    422.0,
    500.0,
    563.0,
    636.0,
    703.0,
    893.0,
    1221.0,
    1741.0,
    2643.0
  ],
  "per_class_acc": [
    0.8510000109672546,
    0.906000018119812,
    0.734000027179718,
    0.6850000023841858,
    0.8560000061988831,
    0.7720000147819519,
    0.8289999961853027,
    0.8420000076293945,
    0.8970000147819519,
    0.9049999713897705
  ]
}