{
  "epoch": 31,
  "train_loss": 1.005175883050465,
  "train_acc": 0.73808,
  "test_loss": 0.7405862471461296,
  "test_acc": 0.8094,
  "test_ece": 0.13554075360298157,
  "test_entropy": 1.137463927268982,
  "bin_accuracies": [
    0.0,
    0.0,
    0.2,
    0.3878787878787879,
    0.37772397094430993,
    0.5106035889070146,
    0.5869894099848714,
    0.6466575716234653,
    0.7612732095490716,
    0.847926267281106,
    0.8987783595113438,
    0.9150036954915004,
    0.9420875420875421,
    0.9524517087667161,
    0.9754464285714286
  ],
  "bin_confidences": [
    0.0,
    0.0,
    0.18735843896865845,
    0.24220246076583862,
    0.30148744583129883,
    0.3682054877281189,
    0.4344967305660248,
    0.500201940536499,
    0.5676370859146118,
    0.6339076161384583,
    0.6999179720878601,
    0.767680823802948,
    0.8328568935394287,
    0.8978935480117798,
    0.9539702534675598
  ],
  "bin_counts": [
    0.0,
    0.0,
    15.0,
    165.0,
    413.0,
    613.0,
    661.0,
    733.0,
    754.0,
    868.0,
    1146.0,
    1353.0,
    1485.0,
    1346.0,
    448.0
  ],
  "per_class_acc": [
    0.8659999966621399,
    0.8360000252723694,
    0.6600000262260437,
    0.7300000190734863,
    0.6869999766349792,
    0.6549999713897705,
    0.8840000033378601,
    0.9769999980926514,
    0.8569999933242798,
    0.9419999718666077
  ]
}