{
  "epoch": 39,
  "train_loss": 0.7940374763725359,
  "train_acc": 0.78204,
  "test_loss": 0.6711308020353317,
  "test_acc": 0.8215,
  "test_ece": 0.0774044394493103,
  "test_entropy": 0.872351348400116,
  "bin_accuracies": [
    0.0,
    0.0,
    0.0,
    0.3125,
    0.39759036144578314,
    0.4895833333333333,
    0.4970873786407767,
    0.590443686006826,
    0.6918138041733547,
    0.7668539325842697,
    0.8497596153846154,
    0.8698224852071006,
    0.9143911439114392,
    0.9479343520090548,
    0.974771873322598
  ],
  "bin_confidences": [
    0.0,
    0.0,
    0.18361225724220276,
    0.24056248366832733,
    0.29970940947532654,
    0.3699965476989746,
    0.43394556641578674,
    0.4995487332344055,
    0.5673294067382812,
    0.6351944804191589,
    0.7011058330535889,
    0.7668896913528442,
    0.8351085782051086,
    0.9013059735298157,
    0.9634149670600891
  ],
  "bin_counts": [
    0.0,
    0.0,
    4.0,
    96.0,
    249.0,
    384.0,
    515.0,
    586.0,
    623.0,
    712.0,
    832.0,
    1014.0,
    1355.0,
    1767.0,
    1863.0
  ],
  "per_class_acc": [
    0.824999988079071,
    0.8840000033378601,
    0.8009999990463257,
    0.5360000133514404,
    0.7739999890327454,
    0.8650000095367432,
    0.8650000095367432,
    0.902999997138977,
    0.8450000286102295,
    0.9169999957084656
  ]
}