{
  "epoch": 48,
  "train_loss": 0.4471535685727054,
  "train_acc": 0.86474,
  "test_loss": 0.7292124480009079,
  "test_acc": 0.806,
  "test_ece": 0.023306209594011307,
  "test_entropy": 0.60518479347229,
  "bin_accuracies": [
    0.0,
    0.0,
    0.0,
    0.3333333333333333,
    0.23622047244094488,
    0.3875968992248062,
    0.47837150127226463,
    0.5311284046692607,
    0.5979166666666667,
    0.6757741347905283,
    0.7212837837837838,
    0.773841961852861,
    0.8320526893523601,
    0.891123439667129,
    0.9497474747474748
  ],
  "bin_confidences": [
    0.0,
    0.0,
    0.18956753611564636,
    0.2439970225095749,
    0.3019847571849823,
    0.3682747781276703,
    0.43320751190185547,
    0.49944034218788147,
    0.567196249961853,
    0.634213924407959,
    0.7000744342803955,
    0.7666956782341003,
    0.835691511631012,
    0.9036633372306824,
    0.9762506484985352
  ],
  "bin_counts": [
    0.0,
    0.0,
    4.0,
    36.0,
    127.0,
    258.0,
    393.0,
    514.0,
    480.0,
    549.0,
    592.0,
    734.0,
    911.0,
    1442.0,
    3960.0
  ],
  "per_class_acc": [
    0.8130000233650208,
    0.8450000286102295,
    0.7620000243186951,
    0.7409999966621399,
    0.800000011920929,
    0.7110000252723694,
    0.8109999895095825,
    0.824999988079071,
    0.8790000081062317,
    0.8730000257492065
  ]
}