{
  "epoch": 40,
  "train_loss": 0.7806378453588851,
  "train_acc": 0.78394,
  "test_loss": 0.6377848920226097,
  "test_acc": 0.832,
  "test_ece": 0.07139010727405548,
  "test_entropy": 0.8067307472229004,
  "bin_accuracies": [
    0.0,
    0.0,
    0.375,
    0.2903225806451613,
    0.35585585585585583,
    0.48484848484848486,
    0.5242290748898678,
    0.5917602996254682,
    0.7094972067039106,
    0.7897810218978102,
    0.8135593220338984,
    0.8856848609680742,
    0.9031037093111279,
    0.9476813317479191,
    0.963169164882227
  ],
  "bin_confidences": [
    0.0,
    0.0,
    0.1888323873281479,
    0.24399805068969727,
    0.30435243248939514,
    0.37038612365722656,
    0.4359095096588135,
    0.5001519918441772,
    0.5679932832717896,
    0.6334488987922668,
    0.6999603509902954,
    0.7680463194847107,
    0.8350133299827576,
    0.9013927578926086,
    0.9668518900871277
  ],
  "bin_counts": [
    0.0,
    0.0,
    8.0,
    62.0,
    222.0,
    363.0,
    454.0,
    534.0,
    537.0,
    685.0,
    826.0,
    971.0,
    1321.0,
    1682.0,
    2335.0
  ],
  "per_class_acc": [
    0.8510000109672546,
    0.871999979019165,
    0.7990000247955322,
    0.7049999833106995,
    0.753000020980835,
    0.8399999737739563,
    0.8859999775886536,
    0.8579999804496765,
    0.8360000252723694,
    0.9200000166893005
  ]
}