{
  "epoch": 41,
  "train_loss": 0.7643639296674363,
  "train_acc": 0.78712,
  "test_loss": 0.7329536285996437,
  "test_acc": 0.8102,
  "test_ece": 0.09225175529718399,
  "test_entropy": 0.9353421926498413,
  "bin_accuracies": [
    0.0,
    0.0,
    0.3333333333333333,
    0.24096385542168675,
    0.3510971786833856,
    0.44537815126050423,
    0.5714285714285714,
    0.6161764705882353,
    0.7363253856942497,
    0.7966751918158568,
    0.8453389830508474,
    0.885036496350365,
    0.9257274119448698,
    0.9473328831870358,
    0.968915343915344
  ],
  "bin_confidences": [
    0.0,
    0.0,
    0.18793387711048126,
    0.2463809847831726,
    0.30365434288978577,
    0.3676796853542328,
    0.4340188801288605,
    0.49951890110969543,
    0.5669193267822266,
    0.6337239742279053,
    0.7018303275108337,
    0.767204225063324,
    0.8339978456497192,
    0.9016563296318054,
    0.9644497036933899
  ],
  "bin_counts": [
    0.0,
    0.0,
    6.0,
    83.0,
    319.0,
    476.0,
    602.0,
    680.0,
    713.0,
    782.0,
    944.0,
    1096.0,
    1306.0,
    1481.0,
    1512.0
  ],
  "per_class_acc": [
    0.8389999866485596,
    0.9259999990463257,
    0.7089999914169312,
    0.7009999752044678,
    0.7850000262260437,
    0.6710000038146973,
    0.8999999761581421,
    0.843999981880188,
    0.8650000095367432,
    0.8619999885559082
  ]
}