{
  "epoch": 0,
  "train_loss": 2.006150794760955,
  "train_acc": 0.2951,
  "test_loss": 1.4760257589817047,
  "test_acc": 0.4692,
  "test_ece": 0.028798390179872513,
  "test_entropy": 1.61623215675354,
  "bin_accuracies": [
    0.0,
    0.5,
    0.20491803278688525,
    0.24620938628158845,
    0.33077830188679247,
    0.39317889317889315,
    0.47915027537372146,
    0.5201654601861427,
    0.5933609958506224,
    0.6503378378378378,
    0.7564655172413793,
    0.8,
    0.8532423208191127,
    0.8607594936708861,
    0.9263157894736842
  ],
  "bin_confidences": [
    0.0,
    0.12349200248718262,
    0.17887811362743378,
    0.2359272688627243,
    0.2995378375053406,
    0.3660142719745636,
    0.43167582154273987,
    0.4983814060688019,
    0.565888524055481,
    0.6326403021812439,
    0.6995531320571899,
    0.7657411098480225,
    0.8325560092926025,
    0.8994077444076538,
    0.9550155401229858
  ],
  "bin_counts": [
    0.0,
    2.0,
    366.0,
    1385.0,
    1696.0,
    1554.0,
    1271.0,
    967.0,
    723.0,
    592.0,
    464.0,
    355.0,
    293.0,
    237.0,
    95.0
  ],
  "per_class_acc": [
    0.3370000123977661,
    0.7940000295639038,
    0.057999998331069946,
    0.3970000147819519,
    0.460999995470047,
    0.6679999828338623,
    0.4740000069141388,
    0.4909999966621399,
    0.7879999876022339,
    0.2240000069141388
  ]
}