{
  "epoch": 44,
  "train_loss": 0.5892954387933093,
  "train_acc": 0.82818,
  "test_loss": 0.7259760856628418,
  "test_acc": 0.8057,
  "test_ece": 0.04970420151948929,
  "test_entropy": 0.7689969539642334,
  "bin_accuracies": [
    0.0,
    0.0,
    0.4,
    0.2714285714285714,
    0.3894230769230769,
    0.4498567335243553,
    0.5147058823529411,
    0.5798045602605864,
    0.6491228070175439,
    0.7524893314366998,
    0.8210227272727273,
    0.816884661117717,
    0.8901734104046243,
    0.905587668593449,
    0.9587591240875912
  ],
  "bin_confidences": [
    0.0,
    0.0,
    0.18551722168922424,
    0.24294550716876984,
    0.3045768141746521,
    0.3679713308811188,
    0.4338352382183075,
    0.5010645389556885,
    0.5666676759719849,
    0.633482813835144,
    0.7031421661376953,
    0.768264651298523,
    0.8346366286277771,
    0.9027366042137146,
    0.9711984395980835
  ],
  "bin_counts": [
    0.0,
    0.0,
    5.0,
    70.0,
    208.0,
    349.0,
    544.0,
    614.0,
    627.0,
    703.0,
    704.0,
    841.0,
    1038.0,
    1557.0,
    2740.0
  ],
  "per_class_acc": [
    0.7350000143051147,
    0.9110000133514404,
    0.7919999957084656,
    0.640999972820282,
    0.8080000281333923,
    0.8069999814033508,
    0.8809999823570251,
    0.7929999828338623,
    0.8450000286102295,
    0.843999981880188
  ]
}