{
  "epoch": 29,
  "train_loss": 1.022694511181863,
  "train_acc": 0.7326,
  "test_loss": 0.6635297825932502,
  "test_acc": 0.8331,
  "test_ece": 0.15289627015590668,
  "test_entropy": 1.1321624517440796,
  "bin_accuracies": [
    0.0,
    0.0,
    0.3157894736842105,
    0.2737430167597765,
    0.35597826086956524,
    0.5256410256410257,
    0.5628834355828221,
    0.6869565217391305,
    0.7670850767085077,
    0.8618181818181818,
    0.9162916291629163,
    0.9483568075117371,
    0.9722222222222222,
    0.9785977859778597,
    0.9968652037617555
  ],
  "bin_confidences": [
    0.0,
    0.0,
    0.18857033550739288,
    0.23894338309764862,
    0.30150529742240906,
    0.3686002790927887,
    0.43431466817855835,
    0.5007140040397644,
    0.5675476789474487,
    0.6347717046737671,
    0.7020941972732544,
    0.7685384154319763,
    0.8337453007698059,
    0.896449625492096,
    0.9494433999061584
  ],
  "bin_counts": [
    0.0,
    0.0,
    19.0,
    179.0,
    368.0,
    546.0,
    652.0,
    690.0,
    717.0,
    825.0,
    1111.0,
    1491.0,
    1728.0,
    1355.0,
    319.0
  ],
  "per_class_acc": [
    0.9340000152587891,
    0.9110000133514404,
    0.7260000109672546,
    0.5490000247955322,
    0.8579999804496765,
    0.8360000252723694,
    0.8809999823570251,
    0.843999981880188,
    0.8740000128746033,
    0.9179999828338623
  ]
}