{
  "epoch": 20,
  "train_loss": 1.127462106592515,
  "train_acc": 0.70762,
  "test_loss": 0.6580539879202842,
  "test_acc": 0.8282,
  "test_ece": 0.14778012037277222,
  "test_entropy": 1.108327865600586,
  "bin_accuracies": [
    0.0,
    0.0,
    0.11764705882352941,
    0.3793103448275862,
    0.3856041131105398,
    0.49469964664310956,
    0.5919881305637982,
    0.674547983310153,
    0.7773279352226721,
    0.8243727598566308,
    0.8964824120603015,
    0.9447761194029851,
    0.9689737470167065,
    0.9872791519434629,
    0.9956236323851203
  ],
  "bin_confidences": [
    0.0,
    0.0,
    0.1853061020374298,
    0.24231435358524323,
    0.30286115407943726,
    0.36879926919937134,
    0.43304523825645447,
    0.4989723861217499,
    0.5671113729476929,
    0.6349393129348755,
    0.7014099955558777,
    0.7689146995544434,
    0.8337695002555847,
    0.8983347415924072,
    0.9530340433120728
  ],
  "bin_counts": [
    0.0,
    0.0,
    17.0,
    174.0,
    389.0,
    566.0,
    674.0,
    719.0,
    741.0,
    837.0,
    995.0,
    1340.0,
    1676.0,
    1415.0,
    457.0
  ],
  "per_class_acc": [
    0.8679999709129333,
    0.8429999947547913,
    0.7730000019073486,
    0.6729999780654907,
    0.9150000214576721,
    0.7979999780654907,
    0.7910000085830688,
    0.8050000071525574,
    0.921999990940094,
    0.8939999938011169
  ]
}