{
  "epoch": 36,
  "train_loss": 0.8360327471552602,
  "train_acc": 0.77568,
  "test_loss": 0.6235920125246048,
  "test_acc": 0.8346,
  "test_ece": 0.08947744965553284,
  "test_entropy": 0.8948567509651184,
  "bin_accuracies": [
    0.0,
    0.0,
    0.2857142857142857,
    0.3191489361702128,
    0.357429718875502,
    0.40714285714285714,
    0.5087336244541485,
    0.6146953405017921,
    0.7352941176470589,
    0.7889060092449923,
    0.8402366863905325,
    0.8984861976847729,
    0.9385796545105566,
    0.9602272727272727,
    0.9787644787644788
  ],
  "bin_confidences": [
    0.0,
    0.0,
    0.1905641406774521,
    0.24528934061527252,
    0.30424436926841736,
    0.36770549416542053,
    0.43443432450294495,
    0.4997754991054535,
    0.5676090121269226,
    0.6350964307785034,
    0.7019151449203491,
    0.7695352435112,
    0.83465975522995,
    0.9008116126060486,
    0.9600970149040222
  ],
  "bin_counts": [
    0.0,
    0.0,
    7.0,
    94.0,
    249.0,
    420.0,
    458.0,
    558.0,
    544.0,
    649.0,
    845.0,
    1123.0,
    1563.0,
    1936.0,
    1554.0
  ],
  "per_class_acc": [
    0.8939999938011169,
    0.8169999718666077,
    0.7910000085830688,
    0.6909999847412109,
    0.7829999923706055,
    0.7749999761581421,
    0.8539999723434448,
    0.9020000100135803,
    0.8989999890327454,
    0.9399999976158142
  ]
}