{
  "epoch": 21,
  "train_loss": 1.1207389144031592,
  "train_acc": 0.70678,
  "test_loss": 0.7154100552201271,
  "test_acc": 0.817,
  "test_ece": 0.16163000464439392,
  "test_entropy": 1.1992896795272827,
  "bin_accuracies": [
    0.0,
    0.0,
    0.17857142857142858,
    0.31640625,
    0.39520958083832336,
    0.5101088646967341,
    0.593974175035868,
    0.6775510204081633,
    0.7844474761255116,
    0.8740581270182992,
    0.9079069767441861,
    0.9568034557235421,
    0.9740024183796856,
    0.9866108786610879,
    0.9939393939393939
  ],
  "bin_confidences": [
    0.0,
    0.0,
    0.1847194880247116,
    0.24198518693447113,
    0.30301040410995483,
    0.36870577931404114,
    0.4338585138320923,
    0.49918869137763977,
    0.5664928555488586,
    0.6333930492401123,
    0.701375424861908,
    0.7679902911186218,
    0.8331732749938965,
    0.8955447673797607,
    0.9461355209350586
  ],
  "bin_counts": [
    0.0,
    0.0,
    28.0,
    256.0,
    501.0,
    643.0,
    697.0,
    735.0,
    733.0,
    929.0,
    1075.0,
    1389.0,
    1654.0,
    1195.0,
    165.0
  ],
  "per_class_acc": [
    0.8939999938011169,
    0.949999988079071,
    0.6439999938011169,
    0.4449999928474426,
    0.8539999723434448,
    0.8600000143051147,
    0.9120000004768372,
    0.9449999928474426,
    0.7829999923706055,
    0.8830000162124634
  ]
}