{
  "epoch": 34,
  "train_loss": 0.8815414695178762,
  "train_acc": 0.7675,
  "test_loss": 0.6188511261343956,
  "test_acc": 0.832,
  "test_ece": 0.08769074082374573,
  "test_entropy": 0.9039413332939148,
  "bin_accuracies": [
    0.0,
    0.0,
    0.3333333333333333,
    0.3287671232876712,
    0.37333333333333335,
    0.4114583333333333,
    0.48041237113402063,
    0.6178217821782178,
    0.6809269162210339,
    0.7581792318634424,
    0.8531701890989989,
    0.9055509527754764,
    0.9405762304921969,
    0.9650025733401956,
    0.960536113179449
  ],
  "bin_confidences": [
    0.0,
    0.0,
    0.18937553465366364,
    0.2405802607536316,
    0.30431628227233887,
    0.36783507466316223,
    0.43311572074890137,
    0.5005384683609009,
    0.5663643479347229,
    0.6345466375350952,
    0.7010987401008606,
    0.7688268423080444,
    0.834588348865509,
    0.9005056619644165,
    0.9602803587913513
  ],
  "bin_counts": [
    0.0,
    0.0,
    6.0,
    73.0,
    225.0,
    384.0,
    485.0,
    505.0,
    561.0,
    703.0,
    899.0,
    1207.0,
    1666.0,
    1943.0,
    1343.0
  ],
  "per_class_acc": [
    0.8600000143051147,
    0.9010000228881836,
    0.7490000128746033,
    0.6029999852180481,
    0.7770000100135803,
    0.9259999990463257,
    0.8569999933242798,
    0.8100000023841858,
    0.921999990940094,
    0.9150000214576721
  ]
}