{
  "epoch": 25,
  "train_loss": 1.0695546132219418,
  "train_acc": 0.7227,
  "test_loss": 0.6767370474338531,
  "test_acc": 0.8294,
  "test_ece": 0.15416130423545837,
  "test_entropy": 1.1416782140731812,
  "bin_accuracies": [
    0.0,
    0.0,
    0.2857142857142857,
    0.2721518987341772,
    0.3741339491916859,
    0.522202486678508,
    0.5454545454545454,
    0.656957928802589,
    0.7834302325581395,
    0.8523644752018454,
    0.9115586690017513,
    0.9484472049689441,
    0.9780473714615829,
    0.9892739273927392,
    0.992831541218638
  ],
  "bin_confidences": [
    0.0,
    0.0,
    0.18125520646572113,
    0.23968471586704254,
    0.3013503849506378,
    0.36777418851852417,
    0.4329642057418823,
    0.49979493021965027,
    0.5677530765533447,
    0.6329861283302307,
    0.7020930647850037,
    0.7681868076324463,
    0.8337628245353699,
    0.8963236212730408,
    0.9495899677276611
  ],
  "bin_counts": [
    0.0,
    0.0,
    28.0,
    158.0,
    433.0,
    563.0,
    671.0,
    618.0,
    688.0,
    867.0,
    1142.0,
    1610.0,
    1731.0,
    1212.0,
    279.0
  ],
  "per_class_acc": [
    0.8389999866485596,
    0.9490000009536743,
    0.6110000014305115,
    0.6129999756813049,
    0.8690000176429749,
    0.8100000023841858,
    0.9070000052452087,
    0.8489999771118164,
    0.9490000009536743,
    0.8980000019073486
  ]
}