{
  "epoch": 26,
  "train_loss": 1.0572962265490267,
  "train_acc": 0.72724,
  "test_loss": 0.6580957490205764,
  "test_acc": 0.8389,
  "test_ece": 0.1640557050704956,
  "test_entropy": 1.1503443717956543,
  "bin_accuracies": [
    0.0,
    0.0,
    0.35714285714285715,
    0.31868131868131866,
    0.4037433155080214,
    0.49838187702265374,
    0.6199376947040498,
    0.6964856230031949,
    0.7900874635568513,
    0.8558030480656507,
    0.9288107202680067,
    0.9584587597832631,
    0.9675767918088737,
    0.9731601731601731,
    0.9915611814345991
  ],
  "bin_confidences": [
    0.0,
    0.0,
    0.18537184596061707,
    0.24239693582057953,
    0.3020588159561157,
    0.36828967928886414,
    0.4350488483905792,
    0.5001647472381592,
    0.5660455822944641,
    0.6343158483505249,
    0.7033103704452515,
    0.7685827612876892,
    0.8320827484130859,
    0.8964254260063171,
    0.9486623406410217
  ],
  "bin_counts": [
    0.0,
    0.0,
    14.0,
    182.0,
    374.0,
    618.0,
    642.0,
    626.0,
    686.0,
    853.0,
    1194.0,
    1661.0,
    1758.0,
    1155.0,
    237.0
  ],
  "per_class_acc": [
    0.8330000042915344,
    0.8730000257492065,
    0.7940000295639038,
    0.6380000114440918,
    0.8930000066757202,
    0.6980000138282776,
    0.925000011920929,
    0.8690000176429749,
    0.9599999785423279,
    0.906000018119812
  ]
}