{
  "epoch": 23,
  "train_loss": 1.0933258728602964,
  "train_acc": 0.71666,
  "test_loss": 0.6389487981796265,
  "test_acc": 0.8464,
  "test_ece": 0.17918264865875244,
  "test_entropy": 1.1696010828018188,
  "bin_accuracies": [
    0.0,
    0.0,
    0.2631578947368421,
    0.3333333333333333,
    0.49786324786324787,
    0.546031746031746,
    0.6426630434782609,
    0.7510316368638239,
    0.8017241379310345,
    0.8783132530120482,
    0.9153543307086615,
    0.9588509316770186,
    0.981888745148771,
    0.9914590747330961,
    1.0
  ],
  "bin_confidences": [
    0.0,
    0.0,
    0.18284060060977936,
    0.24184681475162506,
    0.303344190120697,
    0.3681653141975403,
    0.43289268016815186,
    0.49962908029556274,
    0.5657148957252502,
    0.6359615921974182,
    0.7012917995452881,
    0.7685937285423279,
    0.833918035030365,
    0.8975666761398315,
    0.9480835795402527
  ],
  "bin_counts": [
    0.0,
    0.0,
    19.0,
    174.0,
    468.0,
    630.0,
    736.0,
    727.0,
    812.0,
    830.0,
    1016.0,
    1288.0,
    1546.0,
    1405.0,
    349.0
  ],
  "per_class_acc": [
    0.7839999794960022,
    0.9290000200271606,
    0.781000018119812,
    0.7860000133514404,
    0.8410000205039978,
    0.7409999966621399,
    0.847000002861023,
    0.9079999923706055,
    0.9309999942779541,
    0.9160000085830688
  ]
}