{
  "epoch": 30,
  "train_loss": 1.0113459941371323,
  "train_acc": 0.73524,
  "test_loss": 0.6471289032697678,
  "test_acc": 0.8159,
  "test_ece": 0.09106454253196716,
  "test_entropy": 0.9778165221214294,
  "bin_accuracies": [
    0.0,
    0.0,
    0.0,
    0.21052631578947367,
    0.36531365313653136,
    0.4110854503464203,
    0.5057251908396947,
    0.5726351351351351,
    0.6608695652173913,
    0.7287157287157288,
    0.8489702517162472,
    0.9194053208137715,
    0.9475616151022549,
    0.9593052109181142,
    0.9715061058344641
  ],
  "bin_confidences": [
    0.0,
    0.0,
    0.18287597596645355,
    0.23886269330978394,
    0.30551090836524963,
    0.3685741722583771,
    0.43388229608535767,
    0.501296877861023,
    0.5677708983421326,
    0.6350051760673523,
    0.7013951539993286,
    0.7693093419075012,
    0.8344981074333191,
    0.8979070782661438,
    0.9528376460075378
  ],
  "bin_counts": [
    0.0,
    0.0,
    6.0,
    95.0,
    271.0,
    433.0,
    524.0,
    592.0,
    575.0,
    693.0,
    874.0,
    1278.0,
    1907.0,
    2015.0,
    737.0
  ],
  "per_class_acc": [
    0.8949999809265137,
    0.8980000019073486,
    0.7120000123977661,
    0.4690000116825104,
    0.75,
    0.9409999847412109,
    0.8169999718666077,
    0.8399999737739563,
    0.9070000052452087,
    0.9300000071525574
  ]
}