{
  "epoch": 19,
  "train_loss": 1.1501326484753347,
  "train_acc": 0.69954,
  "test_loss": 0.6804647943377495,
  "test_acc": 0.8238,
  "test_ece": 0.16723576188087463,
  "test_entropy": 1.1786235570907593,
  "bin_accuracies": [
    0.0,
    0.0,
    0.15384615384615385,
    0.35051546391752575,
    0.4025423728813559,
    0.5350877192982456,
    0.558041958041958,
    0.6912751677852349,
    0.7992916174734357,
    0.8627659574468085,
    0.9236773633998265,
    0.9621818181818181,
    0.9786921381337252,
    0.9903677758318739,
    1.0
  ],
  "bin_confidences": [
    0.0,
    0.0,
    0.18038828670978546,
    0.24170322716236115,
    0.30296584963798523,
    0.36747053265571594,
    0.43310022354125977,
    0.5002912282943726,
    0.5670329928398132,
    0.6345124840736389,
    0.700881838798523,
    0.766961395740509,
    0.8330666422843933,
    0.898531973361969,
    0.9499392509460449
  ],
  "bin_counts": [
    0.0,
    0.0,
    13.0,
    194.0,
    472.0,
    684.0,
    715.0,
    745.0,
    847.0,
    940.0,
    1153.0,
    1375.0,
    1361.0,
    1142.0,
    359.0
  ],
  "per_class_acc": [
    0.7839999794960022,
    0.8320000171661377,
    0.765999972820282,
    0.6570000052452087,
    0.8429999947547913,
    0.8550000190734863,
    0.8880000114440918,
    0.8669999837875366,
    0.8579999804496765,
    0.8880000114440918
  ]
}