{
  "epoch": 28,
  "train_loss": 1.035858149266304,
  "train_acc": 0.73138,
  "test_loss": 0.6740292012691498,
  "test_acc": 0.8194,
  "test_ece": 0.12098760157823563,
  "test_entropy": 1.0693832635879517,
  "bin_accuracies": [
    0.0,
    0.0,
    0.25,
    0.2468354430379747,
    0.4227405247813411,
    0.448207171314741,
    0.5208711433756806,
    0.655608214849921,
    0.7324364723467862,
    0.7956852791878173,
    0.8846153846153846,
    0.9235167977126519,
    0.9545709478407179,
    0.9641089108910891,
    0.96900826446281
  ],
  "bin_confidences": [
    0.0,
    0.0,
    0.18155384063720703,
    0.24194413423538208,
    0.3035374879837036,
    0.36719468235969543,
    0.4343786835670471,
    0.5002034306526184,
    0.5668841600418091,
    0.6336432099342346,
    0.7016494870185852,
    0.7680091857910156,
    0.834108293056488,
    0.8981066942214966,
    0.9514701962471008
  ],
  "bin_counts": [
    0.0,
    0.0,
    8.0,
    158.0,
    343.0,
    502.0,
    551.0,
    633.0,
    669.0,
    788.0,
    1066.0,
    1399.0,
    1783.0,
    1616.0,
    484.0
  ],
  "per_class_acc": [
    0.8930000066757202,
    0.9359999895095825,
    0.6399999856948853,
    0.4959999918937683,
    0.8059999942779541,
    0.9240000247955322,
    0.8640000224113464,
    0.8790000081062317,
    0.824999988079071,
    0.9309999942779541
  ]
}