{
  "epoch": 5,
  "train_loss": 1.4789017694990347,
  "train_acc": 0.56914,
  "test_loss": 0.920320594906807,
  "test_acc": 0.7202,
  "test_ece": 0.1297295093536377,
  "test_entropy": 1.3045923709869385,
  "bin_accuracies": [
    0.0,
    0.0,
    0.19718309859154928,
    0.3485838779956427,
    0.40836012861736337,
    0.4896551724137931,
    0.5619512195121952,
    0.6529411764705882,
    0.7575392038600723,
    0.799265605875153,
    0.8781038374717833,
    0.9175141242937853,
    0.9485776805251641,
    0.9632701421800948,
    0.9915254237288136
  ],
  "bin_confidences": [
    0.0,
    0.0,
    0.18326987326145172,
    0.23819996416568756,
    0.30331942439079285,
    0.36696887016296387,
    0.43249449133872986,
    0.49903735518455505,
    0.5667315125465393,
    0.6331725716590881,
    0.7000834345817566,
    0.766990065574646,
    0.8337923288345337,
    0.9007659554481506,
    0.9552645683288574
  ],
  "bin_counts": [
    0.0,
    0.0,
    71.0,
    459.0,
    933.0,
    1015.0,
    1025.0,
    850.0,
    829.0,
    817.0,
    886.0,
    885.0,
    914.0,
    844.0,
    472.0
  ],
  "per_class_acc": [
    0.8820000290870667,
    0.7730000019073486,
    0.421999990940094,
    0.4740000069141388,
    0.7289999723434448,
    0.7680000066757202,
    0.7839999794960022,
    0.7360000014305115,
    0.8220000267028809,
    0.8119999766349792
  ]
}