{
  "epoch": 12,
  "train_loss": 1.2706717296939372,
  "train_acc": 0.65678,
  "test_loss": 0.7414129394292831,
  "test_acc": 0.7977,
  "test_ece": 0.16036252677440643,
  "test_entropy": 1.2226873636245728,
  "bin_accuracies": [
    0.0,
    0.0,
    0.2727272727272727,
    0.28205128205128205,
    0.4208566108007449,
    0.480946123521682,
    0.6082603254067585,
    0.697841726618705,
    0.7866205305651672,
    0.8551587301587301,
    0.8877284595300261,
    0.9536121673003802,
    0.9748743718592965,
    0.98559670781893,
    0.9902597402597403
  ],
  "bin_confidences": [
    0.0,
    0.0,
    0.18940529227256775,
    0.24104048311710358,
    0.30343589186668396,
    0.3682567775249481,
    0.43336430191993713,
    0.5005215406417847,
    0.5670748949050903,
    0.6342530846595764,
    0.7010557651519775,
    0.7673494815826416,
    0.8325645923614502,
    0.8978294134140015,
    0.9532229900360107
  ],
  "bin_counts": [
    0.0,
    0.0,
    22.0,
    234.0,
    537.0,
    761.0,
    799.0,
    834.0,
    867.0,
    1008.0,
    1149.0,
    1315.0,
    1194.0,
    972.0,
    308.0
  ],
  "per_class_acc": [
    0.8629999756813049,
    0.8360000252723694,
    0.8840000033378601,
    0.5149999856948853,
    0.7620000243186951,
    0.7310000061988831,
    0.8330000042915344,
    0.7900000214576721,
    0.8769999742507935,
    0.8859999775886536
  ]
}