{
  "epoch": 46,
  "train_loss": 0.5581095286494936,
  "train_acc": 0.83544,
  "test_loss": 0.7499943169951439,
  "test_acc": 0.7952,
  "test_ece": 0.01951947622001171,
  "test_entropy": 0.67005455493927,
  "bin_accuracies": [
    0.0,
    0.0,
    0.0,
    0.3333333333333333,
    0.31216931216931215,
    0.3717948717948718,
    0.4592074592074592,
    0.5471349353049908,
    0.5735567970204841,
    0.6783333333333333,
    0.7049441786283892,
    0.8081081081081081,
    0.8444216990788127,
    0.8917987594762233,
    0.9558119898677174
  ],
  "bin_confidences": [
    0.0,
    0.0,
    0.17841778695583344,
    0.24413342773914337,
    0.303590327501297,
    0.3680095374584198,
    0.4328598976135254,
    0.501449704170227,
    0.5662211775779724,
    0.6318399310112,
    0.7011412978172302,
    0.7670614719390869,
    0.8346601128578186,
    0.9023891687393188,
    0.9734787344932556
  ],
  "bin_counts": [
    0.0,
    0.0,
    2.0,
    42.0,
    189.0,
    312.0,
    429.0,
    541.0,
    537.0,
    600.0,
    627.0,
    740.0,
    977.0,
    1451.0,
    3553.0
  ],
  "per_class_acc": [
    0.8140000104904175,
    0.9290000200271606,
    0.7480000257492065,
    0.6380000114440918,
    0.8059999942779541,
    0.6330000162124634,
    0.8809999823570251,
    0.7839999794960022,
    0.8370000123977661,
    0.8820000290870667
  ]
}