{
  "epoch": 32,
  "train_loss": 0.9893526959297297,
  "train_acc": 0.74102,
  "test_loss": 0.6199056559801102,
  "test_acc": 0.8376,
  "test_ece": 0.12086248397827148,
  "test_entropy": 1.005462646484375,
  "bin_accuracies": [
    0.0,
    0.0,
    0.45454545454545453,
    0.3090909090909091,
    0.3686131386861314,
    0.4437367303609342,
    0.5463917525773195,
    0.6352313167259787,
    0.7295597484276729,
    0.7827338129496403,
    0.9006211180124224,
    0.9227857683573051,
    0.9604296212549462,
    0.9842271293375394,
    0.9757489300998573
  ],
  "bin_confidences": [
    0.0,
    0.0,
    0.18681246042251587,
    0.24613633751869202,
    0.3030135929584503,
    0.36760213971138,
    0.4346422553062439,
    0.4997963011264801,
    0.5677513480186462,
    0.6334143280982971,
    0.7003645896911621,
    0.7692420482635498,
    0.8358428478240967,
    0.8980451822280884,
    0.9522242546081543
  ],
  "bin_counts": [
    0.0,
    0.0,
    11.0,
    110.0,
    274.0,
    471.0,
    582.0,
    562.0,
    636.0,
    695.0,
    966.0,
    1321.0,
    1769.0,
    1902.0,
    701.0
  ],
  "per_class_acc": [
    0.8870000243186951,
    0.8970000147819519,
    0.7829999923706055,
    0.8159999847412109,
    0.7390000224113464,
    0.7870000004768372,
    0.8550000190734863,
    0.7739999890327454,
    0.9470000267028809,
    0.890999972820282
  ]
}