{
  "epoch": 16,
  "train_loss": 1.204351160989698,
  "train_acc": 0.6816,
  "test_loss": 0.6939353573322297,
  "test_acc": 0.8302,
  "test_ece": 0.18900510668754578,
  "test_entropy": 1.2238993644714355,
  "bin_accuracies": [
    0.0,
    0.0,
    0.20833333333333334,
    0.2898550724637681,
    0.4288461538461538,
    0.5640686922060766,
    0.6469833119383825,
    0.7779083431257344,
    0.839041095890411,
    0.8936585365853659,
    0.9182776801405975,
    0.9515201314708299,
    0.9811937857726901,
    0.9861623616236163,
    0.9966555183946488
  ],
  "bin_confidences": [
    0.0,
    0.0,
    0.18688027560710907,
    0.24150215089321136,
    0.3042317032814026,
    0.3688078820705414,
    0.4352605938911438,
    0.5015883445739746,
    0.5683428645133972,
    0.6343507170677185,
    0.699745774269104,
    0.7666337490081787,
    0.8334974050521851,
    0.8973789811134338,
    0.9520322680473328
  ],
  "bin_counts": [
    0.0,
    0.0,
    24.0,
    207.0,
    520.0,
    757.0,
    779.0,
    851.0,
    876.0,
    1025.0,
    1138.0,
    1217.0,
    1223.0,
    1084.0,
    299.0
  ],
  "per_class_acc": [
    0.8700000047683716,
    0.8769999742507935,
    0.8169999718666077,
    0.6919999718666077,
    0.8169999718666077,
    0.7450000047683716,
    0.8700000047683716,
    0.8500000238418579,
    0.9539999961853027,
    0.8100000023841858
  ]
}