{
  "epoch": 45,
  "train_loss": 0.5727981723787839,
  "train_acc": 0.8318,
  "test_loss": 0.697377935051918,
  "test_acc": 0.8127,
  "test_ece": 0.03515930473804474,
  "test_entropy": 0.6866999268531799,
  "bin_accuracies": [
    0.0,
    0.0,
    0.5,
    0.16071428571428573,
    0.3551912568306011,
    0.3982808022922636,
    0.49324324324324326,
    0.5807770961145194,
    0.6413934426229508,
    0.7025547445255474,
    0.7742424242424243,
    0.7945205479452054,
    0.8703527168732126,
    0.9166144200626959,
    0.9562087582483503
  ],
  "bin_confidences": [
    0.0,
    0.0,
    0.18885445594787598,
    0.24552348256111145,
    0.30397364497184753,
    0.36824631690979004,
    0.43510422110557556,
    0.5000874400138855,
    0.5657654404640198,
    0.63298499584198,
    0.7001879215240479,
    0.7674668431282043,
    0.8352705836296082,
    0.9021044969558716,
    0.9728623032569885
  ],
  "bin_counts": [
    0.0,
    0.0,
    2.0,
    56.0,
    183.0,
    349.0,
    444.0,
    489.0,
    488.0,
    548.0,
    660.0,
    803.0,
    1049.0,
    1595.0,
    3334.0
  ],
  "per_class_acc": [
    0.8980000019073486,
    0.8939999938011169,
    0.7749999761581421,
    0.6700000166893005,
    0.8069999814033508,
    0.7269999980926514,
    0.8500000238418579,
    0.8289999961853027,
    0.8270000219345093,
    0.8500000238418579
  ]
}