{
  "epoch": 2,
  "train_loss": 1.671357832296425,
  "train_acc": 0.47386,
  "test_loss": 1.1068903911113739,
  "test_acc": 0.6344,
  "test_ece": 0.0826442763209343,
  "test_entropy": 1.3747937679290771,
  "bin_accuracies": [
    0.0,
    0.0,
    0.22535211267605634,
    0.29680998613037446,
    0.3586459286367795,
    0.4709351305812974,
    0.5266055045871559,
    0.5949632738719832,
    0.6752767527675276,
    0.7676056338028169,
    0.7769028871391076,
    0.8707782672540382,
    0.9045643153526971,
    0.9364341085271318,
    0.9770833333333333
  ],
  "bin_confidences": [
    0.0,
    0.0,
    0.18449994921684265,
    0.23731295764446259,
    0.30093443393707275,
    0.36663490533828735,
    0.4330004155635834,
    0.49881118535995483,
    0.5663381814956665,
    0.6329143047332764,
    0.7002817988395691,
    0.7669752240180969,
    0.8334239721298218,
    0.8995293378829956,
    0.9589874744415283
  ],
  "bin_counts": [
    0.0,
    0.0,
    142.0,
    721.0,
    1093.0,
    1187.0,
    1090.0,
    953.0,
    813.0,
    710.0,
    762.0,
    681.0,
    723.0,
    645.0,
    480.0
  ],
  "per_class_acc": [
    0.6439999938011169,
    0.9240000247955322,
    0.5609999895095825,
    0.3149999976158142,
    0.7170000076293945,
    0.4350000023841858,
    0.7670000195503235,
    0.6639999747276306,
    0.7289999723434448,
    0.5879999995231628
  ]
}