{
  "epoch": 13,
  "train_loss": 1.249237144999492,
  "train_acc": 0.66486,
  "test_loss": 0.6610791075229645,
  "test_acc": 0.822,
  "test_ece": 0.1541098803281784,
  "test_entropy": 1.1326534748077393,
  "bin_accuracies": [
    0.0,
    0.0,
    0.16666666666666666,
    0.3026315789473684,
    0.4050632911392405,
    0.5192604006163328,
    0.5765171503957783,
    0.6813655761024182,
    0.7858136300417247,
    0.8339350180505415,
    0.9298056155507559,
    0.9446254071661238,
    0.9805825242718447,
    0.9922530664945126,
    1.0
  ],
  "bin_confidences": [
    0.0,
    0.0,
    0.19080248475074768,
    0.23980630934238434,
    0.30329927802085876,
    0.36678460240364075,
    0.4341771602630615,
    0.499131977558136,
    0.5663758516311646,
    0.6346728801727295,
    0.7011059522628784,
    0.7680675983428955,
    0.8340465426445007,
    0.8980910778045654,
    0.9490904211997986
  ],
  "bin_counts": [
    0.0,
    0.0,
    18.0,
    228.0,
    474.0,
    649.0,
    758.0,
    703.0,
    719.0,
    831.0,
    926.0,
    1228.0,
    1545.0,
    1549.0,
    372.0
  ],
  "per_class_acc": [
    0.7720000147819519,
    0.9599999785423279,
    0.7879999876022339,
    0.7250000238418579,
    0.8339999914169312,
    0.722000002861023,
    0.7940000295639038,
    0.8820000290870667,
    0.8849999904632568,
    0.8579999804496765
  ]
}