{
  "epoch": 38,
  "train_loss": 0.8074085878594147,
  "train_acc": 0.77914,
  "test_loss": 0.7534212839603424,
  "test_acc": 0.8026,
  "test_ece": 0.10709328204393387,
  "test_entropy": 1.0210005044937134,
  "bin_accuracies": [
    0.0,
    0.0,
    0.3181818181818182,
    0.3073394495412844,
    0.3897550111358575,
    0.49348534201954397,
    0.5112903225806451,
    0.6650082918739635,
    0.7194570135746606,
    0.8090185676392573,
    0.8565169769989047,
    0.912630579297246,
    0.9456754824874911,
    0.9647840531561461,
    0.9696714406065712
  ],
  "bin_confidences": [
    0.0,
    0.0,
    0.18358668684959412,
    0.2416069358587265,
    0.302316814661026,
    0.3683827817440033,
    0.4335309565067291,
    0.4998666048049927,
    0.5670313835144043,
    0.6342765092849731,
    0.7029542326927185,
    0.7675732970237732,
    0.8338609337806702,
    0.9007509350776672,
    0.96021968126297
  ],
  "bin_counts": [
    0.0,
    0.0,
    22.0,
    218.0,
    449.0,
    614.0,
    620.0,
    603.0,
    663.0,
    754.0,
    913.0,
    1053.0,
    1399.0,
    1505.0,
    1187.0
  ],
  "per_class_acc": [
    0.6980000138282776,
    0.9139999747276306,
    0.6489999890327454,
    0.6759999990463257,
    0.871999979019165,
    0.6019999980926514,
    0.9449999928474426,
    0.9150000214576721,
    0.8650000095367432,
    0.8899999856948853
  ]
}