{
  "epoch": 47,
  "train_loss": 0.5369131694669309,
  "train_acc": 0.83884,
  "test_loss": 0.7774870410561562,
  "test_acc": 0.7896,
  "test_ece": 0.028788454830646515,
  "test_entropy": 0.7093663215637207,
  "bin_accuracies": [
    0.0,
    0.0,
    0.0,
    0.28,
    0.29411764705882354,
    0.4061624649859944,
    0.46723044397463004,
    0.5416666666666666,
    0.6209150326797386,
    0.6894736842105263,
    0.7419804741980475,
    0.803921568627451,
    0.8597678916827853,
    0.9046979865771813,
    0.9475190839694656
  ],
  "bin_confidences": [
    0.0,
    0.0,
    0.18591368198394775,
    0.24516147375106812,
    0.3063281774520874,
    0.3683840036392212,
    0.43692851066589355,
    0.5002304911613464,
    0.5660296082496643,
    0.6339066624641418,
    0.6999982595443726,
    0.7673240900039673,
    0.8351346254348755,
    0.9030646085739136,
    0.9728783369064331
  ],
  "bin_counts": [
    0.0,
    0.0,
    1.0,
    50.0,
    187.0,
    357.0,
    473.0,
    600.0,
    612.0,
    570.0,
    717.0,
    765.0,
    1034.0,
    1490.0,
    3144.0
  ],
  "per_class_acc": [
    0.8740000128746033,
    0.9340000152587891,
    0.7670000195503235,
    0.597000002861023,
    0.7200000286102295,
    0.7649999856948853,
    0.8169999718666077,
    0.7979999780654907,
    0.8489999771118164,
    0.7749999761581421
  ]
}