{
  "epoch": 6,
  "train_loss": 1.4301593215264323,
  "train_acc": 0.593,
  "test_loss": 0.8197804796695709,
  "test_acc": 0.7553,
  "test_ece": 0.12536321580410004,
  "test_entropy": 1.1959608793258667,
  "bin_accuracies": [
    0.0,
    0.0,
    0.2,
    0.31351351351351353,
    0.3592896174863388,
    0.4976303317535545,
    0.5804661487236404,
    0.6421052631578947,
    0.7556390977443609,
    0.814621409921671,
    0.8850432632880099,
    0.9187935034802784,
    0.95,
    0.9821428571428571,
    0.9931129476584022
  ],
  "bin_confidences": [
    0.0,
    0.0,
    0.1868564337491989,
    0.24022245407104492,
    0.30286553502082825,
    0.3674629032611847,
    0.4329138696193695,
    0.49881646037101746,
    0.5665082335472107,
    0.6347622275352478,
    0.7014346718788147,
    0.76771080493927,
    0.8337628841400146,
    0.900564432144165,
    0.9543846845626831
  ],
  "bin_counts": [
    0.0,
    0.0,
    45.0,
    370.0,
    732.0,
    844.0,
    901.0,
    855.0,
    798.0,
    766.0,
    809.0,
    862.0,
    1060.0,
    1232.0,
    726.0
  ],
  "per_class_acc": [
    0.8759999871253967,
    0.9259999990463257,
    0.5659999847412109,
    0.44999998807907104,
    0.7160000205039978,
    0.8019999861717224,
    0.7670000195503235,
    0.8659999966621399,
    0.7400000095367432,
    0.843999981880188
  ]
}