{
  "epoch": 37,
  "train_loss": 0.8176817569281439,
  "train_acc": 0.77894,
  "test_loss": 0.6357058528065681,
  "test_acc": 0.8269,
  "test_ece": 0.059109099209308624,
  "test_entropy": 0.8042117357254028,
  "bin_accuracies": [
    0.0,
    0.0,
    0.25,
    0.2894736842105263,
    0.3401015228426396,
    0.39572192513368987,
    0.48687350835322196,
    0.5647773279352226,
    0.6537037037037037,
    0.7368421052631579,
    0.8168249660786974,
    0.8737967914438503,
    0.91027496382055,
    0.9507364144235653,
    0.9736842105263158
  ],
  "bin_confidences": [
    0.0,
    0.0,
    0.1812610626220703,
    0.2429255247116089,
    0.30266866087913513,
    0.36967387795448303,
    0.43666258454322815,
    0.49975141882896423,
    0.5667310953140259,
    0.6324136853218079,
    0.7020456790924072,
    0.7680546045303345,
    0.8348765969276428,
    0.902008593082428,
    0.964460015296936
  ],
  "bin_counts": [
    0.0,
    0.0,
    8.0,
    76.0,
    197.0,
    374.0,
    419.0,
    494.0,
    540.0,
    627.0,
    737.0,
    935.0,
    1382.0,
    1969.0,
    2242.0
  ],
  "per_class_acc": [
    0.8820000290870667,
    0.8519999980926514,
    0.7839999794960022,
    0.5789999961853027,
    0.8240000009536743,
    0.7919999957084656,
    0.8550000190734863,
    0.9290000200271606,
    0.9470000267028809,
    0.824999988079071
  ]
}