{
  "epoch": 3,
  "train_loss": 1.5909778144963258,
  "train_acc": 0.5136,
  "test_loss": 1.0931977665424346,
  "test_acc": 0.6334,
  "test_ece": 0.0546664223074913,
  "test_entropy": 1.2962957620620728,
  "bin_accuracies": [
    0.0,
    0.0,
    0.21428571428571427,
    0.3068432671081678,
    0.3484013230429989,
    0.4224952741020794,
    0.4972677595628415,
    0.5536363636363636,
    0.6238341968911917,
    0.6674669867947179,
    0.7703412073490814,
    0.8595578673602081,
    0.8994910941475827,
    0.9288537549407114,
    0.9615384615384616
  ],
  "bin_confidences": [
    0.0,
    0.0,
    0.18719422817230225,
    0.24014373123645782,
    0.302217572927475,
    0.3668162226676941,
    0.43237951397895813,
    0.49793633818626404,
    0.5665181875228882,
    0.6335408687591553,
    0.7014021873474121,
    0.7678277492523193,
    0.8337022662162781,
    0.8998182415962219,
    0.9581043124198914
  ],
  "bin_counts": [
    0.0,
    0.0,
    42.0,
    453.0,
    907.0,
    1058.0,
    1098.0,
    1100.0,
    965.0,
    833.0,
    762.0,
    769.0,
    786.0,
    759.0,
    468.0
  ],
  "per_class_acc": [
    0.25999999046325684,
    0.8429999947547913,
    0.7289999723434448,
    0.7630000114440918,
    0.5239999890327454,
    0.38199999928474426,
    0.6600000262260437,
    0.5529999732971191,
    0.8090000152587891,
    0.8109999895095825
  ]
}