{
  "epoch": 4,
  "train_loss": 1.5204318831948673,
  "train_acc": 0.5467,
  "test_loss": 0.944242250919342,
  "test_acc": 0.712,
  "test_ece": 0.1399383246898651,
  "test_entropy": 1.3456459045410156,
  "bin_accuracies": [
    0.0,
    0.0,
    0.2808988764044944,
    0.29930795847750863,
    0.4214876033057851,
    0.48846153846153845,
    0.5833333333333334,
    0.6597077244258872,
    0.7511111111111111,
    0.8348729792147807,
    0.9171741778319124,
    0.9254498714652957,
    0.940677966101695,
    0.9763157894736842,
    0.9921875
  ],
  "bin_confidences": [
    0.0,
    0.0,
    0.1840156614780426,
    0.23799125850200653,
    0.3008928894996643,
    0.3666909337043762,
    0.4316742718219757,
    0.4994656443595886,
    0.5678362846374512,
    0.6343313455581665,
    0.6997864246368408,
    0.7661738991737366,
    0.8337645530700684,
    0.898895263671875,
    0.9563561081886292
  ],
  "bin_counts": [
    0.0,
    0.0,
    89.0,
    578.0,
    968.0,
    1040.0,
    1032.0,
    958.0,
    900.0,
    866.0,
    821.0,
    778.0,
    826.0,
    760.0,
    384.0
  ],
  "per_class_acc": [
    0.6859999895095825,
    0.8370000123977661,
    0.5879999995231628,
    0.4090000092983246,
    0.5860000252723694,
    0.7519999742507935,
    0.7070000171661377,
    0.8320000171661377,
    0.9049999713897705,
    0.8180000185966492
  ]
}