{
  "epoch": 7,
  "train_loss": 1.3916585219790563,
  "train_acc": 0.60694,
  "test_loss": 0.8574744546413422,
  "test_acc": 0.7459,
  "test_ece": 0.12811125814914703,
  "test_entropy": 1.2432982921600342,
  "bin_accuracies": [
    0.0,
    0.0,
    0.21951219512195122,
    0.31545741324921134,
    0.398876404494382,
    0.5053418803418803,
    0.574656188605108,
    0.6445221445221445,
    0.741826381059752,
    0.8029782359679267,
    0.8673835125448028,
    0.9172113289760349,
    0.940677966101695,
    0.983739837398374,
    0.9955555555555555
  ],
  "bin_confidences": [
    0.0,
    0.0,
    0.18508440256118774,
    0.2400503307580948,
    0.3010784387588501,
    0.3675246834754944,
    0.43326833844184875,
    0.500600278377533,
    0.5672429800033569,
    0.6328884959220886,
    0.7018214464187622,
    0.7673989534378052,
    0.833703339099884,
    0.8997888565063477,
    0.9559812545776367
  ],
  "bin_counts": [
    0.0,
    0.0,
    41.0,
    317.0,
    712.0,
    936.0,
    1018.0,
    858.0,
    887.0,
    873.0,
    837.0,
    918.0,
    944.0,
    984.0,
    675.0
  ],
  "per_class_acc": [
    0.7549999952316284,
    0.9490000009536743,
    0.7950000166893005,
    0.5910000205039978,
    0.7929999828338623,
    0.5429999828338623,
    0.8489999771118164,
    0.6019999980926514,
    0.9269999861717224,
    0.6549999713897705
  ]
}