{
  "epoch": 49,
  "train_loss": 0.41144183468635737,
  "train_acc": 0.87608,
  "test_loss": 0.7837034803628922,
  "test_acc": 0.786,
  "test_ece": 0.02479744330048561,
  "test_entropy": 0.6626487374305725,
  "bin_accuracies": [
    0.0,
    0.0,
    1.0,
    0.17307692307692307,
    0.25882352941176473,
    0.41455696202531644,
    0.4342105263157895,
    0.5334507042253521,
    0.5957820738137083,
    0.6621848739495798,
    0.7388059701492538,
    0.7924773022049286,
    0.8349106203995794,
    0.8975290697674418,
    0.9432077625570776
  ],
  "bin_confidences": [
    0.0,
    0.0,
    0.1898377239704132,
    0.24493837356567383,
    0.3038346767425537,
    0.3668242394924164,
    0.43392422795295715,
    0.49919816851615906,
    0.5665919184684753,
    0.6332305669784546,
    0.7029799222946167,
    0.7673416137695312,
    0.8350595235824585,
    0.9026145935058594,
    0.9762939810752869
  ],
  "bin_counts": [
    0.0,
    0.0,
    2.0,
    52.0,
    170.0,
    316.0,
    456.0,
    568.0,
    569.0,
    595.0,
    670.0,
    771.0,
    951.0,
    1376.0,
    3504.0
  ],
  "per_class_acc": [
    0.7979999780654907,
    0.8510000109672546,
    0.7080000042915344,
    0.7009999752044678,
    0.7799999713897705,
    0.7699999809265137,
    0.781000018119812,
    0.7379999756813049,
    0.8859999775886536,
    0.847000002861023
  ]
}