{
  "epoch": 11,
  "train_loss": 1.2871718027097794,
  "train_acc": 0.6498,
  "test_loss": 0.7969726437330246,
  "test_acc": 0.7855,
  "test_ece": 0.16716799139976501,
  "test_entropy": 1.2779910564422607,
  "bin_accuracies": [
    0.0,
    0.0,
    0.16666666666666666,
    0.31733333333333336,
    0.42857142857142855,
    0.5497630331753555,
    0.6073985680190931,
    0.719441210710128,
    0.8123644251626898,
    0.8703494926719278,
    0.9018595041322314,
    0.9448144624167459,
    0.9715481171548117,
    0.9791013584117032,
    0.9758713136729222
  ],
  "bin_confidences": [
    0.0,
    0.0,
    0.18625777959823608,
    0.23903027176856995,
    0.3024596571922302,
    0.36748233437538147,
    0.43244096636772156,
    0.5008359551429749,
    0.567615807056427,
    0.6325751543045044,
    0.7004773616790771,
    0.7672988176345825,
    0.8337600231170654,
    0.8955217003822327,
    0.9592381715774536
  ],
  "bin_counts": [
    0.0,
    0.0,
    66.0,
    375.0,
    665.0,
    844.0,
    838.0,
    859.0,
    922.0,
    887.0,
    968.0,
    1051.0,
    1195.0,
    957.0,
    373.0
  ],
  "per_class_acc": [
    0.8130000233650208,
    0.9599999785423279,
    0.7720000147819519,
    0.5339999794960022,
    0.8690000176429749,
    0.5960000157356262,
    0.8360000252723694,
    0.7300000190734863,
    0.9380000233650208,
    0.8069999814033508
  ]
}