{
  "epoch": 18,
  "train_loss": 1.154943014654662,
  "train_acc": 0.70008,
  "test_loss": 0.6962485453486442,
  "test_acc": 0.8355,
  "test_ece": 0.20308448374271393,
  "test_entropy": 1.2751212120056152,
  "bin_accuracies": [
    0.0,
    0.0,
    0.3076923076923077,
    0.3706070287539936,
    0.4326750448833034,
    0.5835694050991501,
    0.6451204055766794,
    0.7670157068062827,
    0.8369441277080958,
    0.9133333333333333,
    0.953579858379229,
    0.96640625,
    0.9858333333333333,
    0.9905956112852664,
    1.0
  ],
  "bin_confidences": [
    0.0,
    0.0,
    0.18612147867679596,
    0.24065452814102173,
    0.301315575838089,
    0.3669497072696686,
    0.43287193775177,
    0.5005492568016052,
    0.568191647529602,
    0.6347876191139221,
    0.7013108730316162,
    0.7661266326904297,
    0.8319457173347473,
    0.8972607254981995,
    0.9489644169807434
  ],
  "bin_counts": [
    0.0,
    0.0,
    26.0,
    313.0,
    557.0,
    706.0,
    789.0,
    764.0,
    877.0,
    1050.0,
    1271.0,
    1280.0,
    1200.0,
    957.0,
    210.0
  ],
  "per_class_acc": [
    0.8930000066757202,
    0.9419999718666077,
    0.7749999761581421,
    0.609000027179718,
    0.8230000138282776,
    0.7689999938011169,
    0.8629999756813049,
    0.9190000295639038,
    0.8799999952316284,
    0.8820000290870667
  ]
}