{
  "epoch": 35,
  "train_loss": 0.8501701233027231,
  "train_acc": 0.77428,
  "test_loss": 0.560247409939766,
  "test_acc": 0.8509,
  "test_ece": 0.08534663915634155,
  "test_entropy": 0.8316230177879333,
  "bin_accuracies": [
    0.0,
    0.0,
    0.3333333333333333,
    0.2236842105263158,
    0.39285714285714285,
    0.4085714285714286,
    0.5330188679245284,
    0.6016597510373444,
    0.7047970479704797,
    0.7641196013289037,
    0.8372703412073491,
    0.9219790675547098,
    0.9446902654867256,
    0.9625570776255707,
    0.9760570555272542
  ],
  "bin_confidences": [
    0.0,
    0.0,
    0.18544743955135345,
    0.2428414672613144,
    0.3038172423839569,
    0.3689204156398773,
    0.4340430498123169,
    0.5006371736526489,
    0.5669295787811279,
    0.6345334649085999,
    0.7004966139793396,
    0.7688549160957336,
    0.8348093628883362,
    0.9022133350372314,
    0.9607282876968384
  ],
  "bin_counts": [
    0.0,
    0.0,
    6.0,
    76.0,
    196.0,
    350.0,
    424.0,
    482.0,
    542.0,
    602.0,
    762.0,
    1051.0,
    1356.0,
    2190.0,
    1963.0
  ],
  "per_class_acc": [
    0.8539999723434448,
    0.9070000052452087,
    0.8040000200271606,
    0.6480000019073486,
    0.902999997138977,
    0.847000002861023,
    0.902999997138977,
    0.8090000152587891,
    0.9150000214576721,
    0.9190000295639038
  ]
}