{
  "epoch": 9,
  "train_loss": 1.3368959692128175,
  "train_acc": 0.63224,
  "test_loss": 0.7497410351037979,
  "test_acc": 0.7983,
  "test_ece": 0.17423976957798004,
  "test_entropy": 1.2563714981079102,
  "bin_accuracies": [
    0.0,
    0.0,
    0.24324324324324326,
    0.3146417445482866,
    0.44991789819376027,
    0.5220048899755502,
    0.619324796274738,
    0.6902761104441777,
    0.8109965635738832,
    0.8658798283261803,
    0.9224572004028198,
    0.9586709886547812,
    0.9748520710059172,
    0.9946524064171123,
    0.9950980392156863
  ],
  "bin_confidences": [
    0.0,
    0.0,
    0.18509948253631592,
    0.2401708960533142,
    0.30110371112823486,
    0.36688098311424255,
    0.4340289235115051,
    0.4985549747943878,
    0.5669170022010803,
    0.633834719657898,
    0.7007760405540466,
    0.7667775750160217,
    0.8326191902160645,
    0.8959152698516846,
    0.9507006406784058
  ],
  "bin_counts": [
    0.0,
    0.0,
    37.0,
    321.0,
    609.0,
    818.0,
    859.0,
    833.0,
    873.0,
    932.0,
    993.0,
    1234.0,
    1352.0,
    935.0,
    204.0
  ],
  "per_class_acc": [
    0.7919999957084656,
    0.9520000219345093,
    0.7020000219345093,
    0.6589999794960022,
    0.7710000276565552,
    0.7319999933242798,
    0.906000018119812,
    0.777999997138977,
    0.8270000219345093,
    0.8640000224113464
  ]
}