{
  "epoch": 24,
  "train_loss": 1.0798694906027422,
  "train_acc": 0.72054,
  "test_loss": 0.6270182609558106,
  "test_acc": 0.8401,
  "test_ece": 0.14873923361301422,
  "test_entropy": 1.0917259454727173,
  "bin_accuracies": [
    0.0,
    0.0,
    0.5333333333333333,
    0.3161290322580645,
    0.4155844155844156,
    0.49902912621359224,
    0.5961844197138315,
    0.7131901840490797,
    0.7567567567567568,
    0.8702830188679245,
    0.8976525821596244,
    0.9347659247889486,
    0.9613733905579399,
    0.9839857651245552,
    0.9866666666666667
  ],
  "bin_confidences": [
    0.0,
    0.0,
    0.1861875057220459,
    0.2408071905374527,
    0.30295637249946594,
    0.36852315068244934,
    0.4327460527420044,
    0.5013412833213806,
    0.5678240060806274,
    0.6349355578422546,
    0.7017038464546204,
    0.7670629620552063,
    0.834638237953186,
    0.8989123702049255,
    0.9505239725112915
  ],
  "bin_counts": [
    0.0,
    0.0,
    15.0,
    155.0,
    385.0,
    515.0,
    629.0,
    652.0,
    666.0,
    848.0,
    1065.0,
    1303.0,
    1631.0,
    1686.0,
    450.0
  ],
  "per_class_acc": [
    0.9139999747276306,
    0.9399999976158142,
    0.8109999895095825,
    0.7300000190734863,
    0.8100000023841858,
    0.7160000205039978,
    0.9169999957084656,
    0.878000020980835,
    0.8690000176429749,
    0.8159999847412109
  ]
}