{
  "epoch": 15,
  "train_loss": 1.2231003196952899,
  "train_acc": 0.67522,
  "test_loss": 0.6797697770595551,
  "test_acc": 0.8266,
  "test_ece": 0.173809215426445,
  "test_entropy": 1.1929247379302979,
  "bin_accuracies": [
    0.0,
    0.0,
    0.13636363636363635,
    0.3273542600896861,
    0.4134831460674157,
    0.5446927374301676,
    0.5953360768175583,
    0.72,
    0.7914634146341464,
    0.8801791713325868,
    0.92,
    0.9611032531824611,
    0.9793195463642428,
    0.9915254237288136,
    0.9891696750902527
  ],
  "bin_confidences": [
    0.0,
    0.0,
    0.18068063259124756,
    0.2424505203962326,
    0.30228784680366516,
    0.3694092631340027,
    0.43242257833480835,
    0.5003994703292847,
    0.5677234530448914,
    0.634403645992279,
    0.7012989521026611,
    0.7671483755111694,
    0.8330974578857422,
    0.8960828185081482,
    0.951399028301239
  ],
  "bin_counts": [
    0.0,
    0.0,
    22.0,
    223.0,
    445.0,
    716.0,
    729.0,
    775.0,
    820.0,
    893.0,
    1125.0,
    1414.0,
    1499.0,
    1062.0,
    277.0
  ],
  "per_class_acc": [
    0.8360000252723694,
    0.8410000205039978,
    0.7390000224113464,
    0.7689999938011169,
    0.8330000042915344,
    0.765999972820282,
    0.8050000071525574,
    0.8930000066757202,
    0.9259999990463257,
    0.8579999804496765
  ]
}