{
  "epoch": 17,
  "train_loss": 1.1896981523774774,
  "train_acc": 0.68656,
  "test_loss": 0.6248949411511421,
  "test_acc": 0.8263,
  "test_ece": 0.1271800547838211,
  "test_entropy": 1.0439448356628418,
  "bin_accuracies": [
    0.0,
    1.0,
    0.5,
    0.24444444444444444,
    0.3917808219178082,
    0.4666666666666667,
    0.5606557377049181,
    0.638095238095238,
    0.7151079136690648,
    0.8053691275167785,
    0.8800403225806451,
    0.9298107255520505,
    0.9718475073313783,
    0.9849884526558892,
    0.9897435897435898
  ],
  "bin_confidences": [
    0.0,
    0.12978269159793854,
    0.18884766101837158,
    0.24040193855762482,
    0.30351611971855164,
    0.3675592839717865,
    0.43394479155540466,
    0.4988839328289032,
    0.5670038461685181,
    0.6344749331474304,
    0.7014719843864441,
    0.7684727907180786,
    0.8349950313568115,
    0.898171067237854,
    0.9525886178016663
  ],
  "bin_counts": [
    0.0,
    1.0,
    12.0,
    135.0,
    365.0,
    525.0,
    610.0,
    630.0,
    695.0,
    745.0,
    992.0,
    1268.0,
    1705.0,
    1732.0,
    585.0
  ],
  "per_class_acc": [
    0.8270000219345093,
    0.902999997138977,
    0.7549999952316284,
    0.6230000257492065,
    0.7300000190734863,
    0.8679999709129333,
    0.8560000061988831,
    0.8730000257492065,
    0.8730000257492065,
    0.9549999833106995
  ]
}