{
  "epoch": 8,
  "train_loss": 1.3581523506537727,
  "train_acc": 0.6206,
  "test_loss": 0.8105643314123153,
  "test_acc": 0.7658,
  "test_ece": 0.1476861834526062,
  "test_entropy": 1.247714877128601,
  "bin_accuracies": [
    0.0,
    0.0,
    0.3103448275862069,
    0.3181818181818182,
    0.3991097922848665,
    0.5252051582649473,
    0.5901814300960512,
    0.6843198338525441,
    0.7540045766590389,
    0.8430493273542601,
    0.8951923076923077,
    0.9243614931237721,
    0.958171206225681,
    0.9711846318036286,
    0.9932885906040269
  ],
  "bin_confidences": [
    0.0,
    0.0,
    0.18218979239463806,
    0.2402971237897873,
    0.3023211658000946,
    0.3677343428134918,
    0.43335527181625366,
    0.4991232752799988,
    0.5665836930274963,
    0.6329554915428162,
    0.7000980377197266,
    0.7676264643669128,
    0.8346391320228577,
    0.8977037668228149,
    0.9601724147796631
  ],
  "bin_counts": [
    0.0,
    0.0,
    29.0,
    308.0,
    674.0,
    853.0,
    937.0,
    963.0,
    874.0,
    892.0,
    1040.0,
    1018.0,
    1028.0,
    937.0,
    447.0
  ],
  "per_class_acc": [
    0.7110000252723694,
    0.843999981880188,
    0.8029999732971191,
    0.5600000023841858,
    0.6819999814033508,
    0.6639999747276306,
    0.7739999890327454,
    0.8889999985694885,
    0.9129999876022339,
    0.8180000185966492
  ]
}