{
  "epoch": 14,
  "train_loss": 1.235741480841966,
  "train_acc": 0.67114,
  "test_loss": 0.7270352029800415,
  "test_acc": 0.7966,
  "test_ece": 0.1449977308511734,
  "test_entropy": 1.163500428199768,
  "bin_accuracies": [
    0.0,
    0.0,
    0.0,
    0.28717948717948716,
    0.38076923076923075,
    0.4748923959827834,
    0.6220379146919431,
    0.7019464720194647,
    0.7418576598311218,
    0.8317865429234339,
    0.8657587548638133,
    0.9441666666666667,
    0.960060286360211,
    0.9897557131599685,
    0.9949494949494949
  ],
  "bin_confidences": [
    0.0,
    0.0,
    0.18858319520950317,
    0.23977935314178467,
    0.3048608601093292,
    0.36809423565864563,
    0.43279406428337097,
    0.4990531802177429,
    0.5669606328010559,
    0.6327295303344727,
    0.7011042833328247,
    0.7678405046463013,
    0.8339009284973145,
    0.8977957963943481,
    0.9527634978294373
  ],
  "bin_counts": [
    0.0,
    0.0,
    11.0,
    195.0,
    520.0,
    697.0,
    844.0,
    822.0,
    829.0,
    862.0,
    1028.0,
    1200.0,
    1327.0,
    1269.0,
    396.0
  ],
  "per_class_acc": [
    0.8399999737739563,
    0.8600000143051147,
    0.8330000042915344,
    0.7310000061988831,
    0.765999972820282,
    0.734000027179718,
    0.7820000052452087,
    0.6019999980926514,
    0.9190000295639038,
    0.8989999890327454
  ]
}