{
  "epoch": 43,
  "train_loss": 0.6112113863305972,
  "train_acc": 0.82364,
  "test_loss": 0.6910606902837754,
  "test_acc": 0.8076,
  "test_ece": 0.03440175577998161,
  "test_entropy": 0.7404278516769409,
  "bin_accuracies": [
    0.0,
    0.0,
    0.25,
    0.2948717948717949,
    0.2916666666666667,
    0.39759036144578314,
    0.46924829157175396,
    0.5279383429672447,
    0.6169064748201439,
    0.70578231292517,
    0.7702127659574468,
    0.8458049886621315,
    0.8762458471760798,
    0.9296102385107621,
    0.9647735442127966
  ],
  "bin_confidences": [
    0.0,
    0.0,
    0.18625760078430176,
    0.24447064101696014,
    0.3025719225406647,
    0.36935240030288696,
    0.43351271748542786,
    0.5003942847251892,
    0.5668652057647705,
    0.6325724124908447,
    0.700676679611206,
    0.768111526966095,
    0.8349026441574097,
    0.9025877714157104,
    0.9697070717811584
  ],
  "bin_counts": [
    0.0,
    0.0,
    4.0,
    78.0,
    192.0,
    332.0,
    439.0,
    519.0,
    556.0,
    588.0,
    705.0,
    882.0,
    1204.0,
    1719.0,
    2782.0
  ],
  "per_class_acc": [
    0.7990000247955322,
    0.8460000157356262,
    0.6570000052452087,
    0.7049999833106995,
    0.8159999847412109,
    0.8460000157356262,
    0.8149999976158142,
    0.8220000267028809,
    0.8899999856948853,
    0.8799999952316284
  ]
}