{
  "epoch": 33,
  "train_loss": 0.9782737679493702,
  "train_acc": 0.74162,
  "test_loss": 0.6682932543754577,
  "test_acc": 0.8252,
  "test_ece": 0.11045236885547638,
  "test_entropy": 1.0049549341201782,
  "bin_accuracies": [
    0.0,
    0.0,
    0.1111111111111111,
    0.3469387755102041,
    0.46488294314381273,
    0.45751633986928103,
    0.5427574171029669,
    0.632258064516129,
    0.6962616822429907,
    0.7948387096774193,
    0.8699186991869918,
    0.9121212121212121,
    0.9415461973601509,
    0.9655765920826161,
    0.9706877113866967
  ],
  "bin_confidences": [
    0.0,
    0.0,
    0.18230581283569336,
    0.24248436093330383,
    0.30328482389450073,
    0.36623820662498474,
    0.4337872862815857,
    0.4994267523288727,
    0.5674519538879395,
    0.6348706483840942,
    0.7025514841079712,
    0.7687937617301941,
    0.8341044783592224,
    0.8996838331222534,
    0.9568267464637756
  ],
  "bin_counts": [
    0.0,
    0.0,
    9.0,
    98.0,
    299.0,
    459.0,
    573.0,
    620.0,
    642.0,
    775.0,
    984.0,
    1320.0,
    1591.0,
    1743.0,
    887.0
  ],
  "per_class_acc": [
    0.8579999804496765,
    0.9679999947547913,
    0.8709999918937683,
    0.5460000038146973,
    0.8579999804496765,
    0.8529999852180481,
    0.8320000171661377,
    0.8119999766349792,
    0.8339999914169312,
    0.8199999928474426
  ]
}