{
  "epoch": 22,
  "train_loss": 1.104637321456314,
  "train_acc": 0.71484,
  "test_loss": 0.6927917271852493,
  "test_acc": 0.8298,
  "test_ece": 0.17647764086723328,
  "test_entropy": 1.204200029373169,
  "bin_accuracies": [
    0.0,
    0.0,
    0.1111111111111111,
    0.25308641975308643,
    0.4072289156626506,
    0.5123456790123457,
    0.612184249628529,
    0.7146596858638743,
    0.8142011834319527,
    0.8923465096719932,
    0.9301521438450899,
    0.9543147208121827,
    0.9572719802793755,
    0.9819616685456595,
    0.9803921568627451
  ],
  "bin_confidences": [
    0.0,
    0.0,
    0.18775315582752228,
    0.2425147444009781,
    0.3019126355648041,
    0.3674805164337158,
    0.43315717577934265,
    0.5004176497459412,
    0.5682796239852905,
    0.6345309019088745,
    0.7014538645744324,
    0.7666863799095154,
    0.8317611813545227,
    0.8979511260986328,
    0.9554892778396606
  ],
  "bin_counts": [
    0.0,
    0.0,
    18.0,
    162.0,
    415.0,
    648.0,
    673.0,
    764.0,
    845.0,
    1189.0,
    1446.0,
    1379.0,
    1217.0,
    887.0,
    357.0
  ],
  "per_class_acc": [
    0.8569999933242798,
    0.8949999809265137,
    0.6610000133514404,
    0.699999988079071,
    0.906000018119812,
    0.8460000157356262,
    0.8090000152587891,
    0.8330000042915344,
    0.8410000205039978,
    0.949999988079071
  ]
}