{
  "epoch": 10,
  "train_loss": 1.3107408983323274,
  "train_acc": 0.6421,
  "test_loss": 0.773798103928566,
  "test_acc": 0.7832,
  "test_ece": 0.147670179605484,
  "test_entropy": 1.2149792909622192,
  "bin_accuracies": [
    0.0,
    0.0,
    0.16,
    0.2988165680473373,
    0.3942307692307692,
    0.506900878293601,
    0.6167664670658682,
    0.6804657179818887,
    0.7657430730478589,
    0.8451380552220888,
    0.8983228511530398,
    0.9350877192982456,
    0.9641367806505421,
    0.9845904298459043,
    0.9930232558139535
  ],
  "bin_confidences": [
    0.0,
    0.0,
    0.18340416252613068,
    0.23882746696472168,
    0.30206573009490967,
    0.36736321449279785,
    0.43315744400024414,
    0.49989157915115356,
    0.5659534931182861,
    0.6344410181045532,
    0.7014047503471375,
    0.7674575448036194,
    0.8328778147697449,
    0.8988063931465149,
    0.9525966644287109
  ],
  "bin_counts": [
    0.0,
    0.0,
    50.0,
    338.0,
    624.0,
    797.0,
    835.0,
    773.0,
    794.0,
    833.0,
    954.0,
    1140.0,
    1199.0,
    1233.0,
    430.0
  ],
  "per_class_acc": [
    0.8080000281333923,
    0.925000011920929,
    0.625,
    0.5339999794960022,
    0.8460000157356262,
    0.7519999742507935,
    0.9430000185966492,
    0.6159999966621399,
    0.8629999756813049,
    0.9200000166893005
  ]
}