{
  "epoch": 27,
  "train_loss": 1.048641873899933,
  "train_acc": 0.72638,
  "test_loss": 0.6120926353335381,
  "test_acc": 0.8351,
  "test_ece": 0.11446654796600342,
  "test_entropy": 0.9928506016731262,
  "bin_accuracies": [
    0.0,
    0.0,
    0.16666666666666666,
    0.2708333333333333,
    0.4068965517241379,
    0.46226415094339623,
    0.5657237936772047,
    0.5992779783393501,
    0.74079754601227,
    0.7991689750692521,
    0.8533333333333334,
    0.9090909090909091,
    0.9602534562211982,
    0.9736328125,
    0.986468200270636
  ],
  "bin_confidences": [
    0.0,
    0.0,
    0.1813664436340332,
    0.240813210606575,
    0.30352410674095154,
    0.36678779125213623,
    0.4350740313529968,
    0.49965357780456543,
    0.5674297213554382,
    0.633599579334259,
    0.7008190155029297,
    0.7686767578125,
    0.8367512822151184,
    0.8977503776550293,
    0.9527949094772339
  ],
  "bin_counts": [
    0.0,
    0.0,
    6.0,
    96.0,
    290.0,
    424.0,
    601.0,
    554.0,
    652.0,
    722.0,
    900.0,
    1232.0,
    1736.0,
    2048.0,
    739.0
  ],
  "per_class_acc": [
    0.921999990940094,
    0.8410000205039978,
    0.765999972820282,
    0.8539999723434448,
    0.7580000162124634,
    0.7300000190734863,
    0.8050000071525574,
    0.8629999756813049,
    0.8740000128746033,
    0.9380000233650208
  ]
}