{
  "train_loss": [
    1.5445885219232505,
    1.0869186881862942,
    0.8580218902634232,
    0.7139650249420224,
    0.6223288554974529,
    0.5442908413879707,
    0.49615139973438,
    0.4547775940364584,
    0.42613526488966347,
    0.3925587631704862,
    0.36033779241697256,
    0.34238220427347266,
    0.3206311505850014,
    0.2990410854978025,
    0.28366509274296137,
    0.2688556166218065,
    0.25188457234131406,
    0.23700220659946847,
    0.227671605642037,
    0.21955168647381962,
    0.20784559081811124,
    0.19301646553418217,
    0.18845338705936662,
    0.17535346342474603,
    0.11620263383745233,
    0.09821628680085892,
    0.09270790653765354,
    0.08563755641279318,
    0.0823150796058309,
    0.07894650873873392,
    0.07656508913297025,
    0.05015175314643956,
    0.04356027545545565,
    0.03861018716860229,
    0.03683442327067675,
    0.03463642201874682,
    0.03092925639375282,
    0.028874171282048038,
    0.023117165743370954,
    0.021584820185723663,
    0.019822528887101832,
    0.018744534947444946,
    0.017709268533322206,
    0.01656809342486779,
    0.014599697100465445,
    0.013721883601849645,
    0.01455249898064205,
    0.013144008758122964,
    0.01304486463777721,
    0.013287727152357055
  ],
  "train_acc": [
    0.42878,
    0.60944,
    0.69632,
    0.75094,
    0.78476,
    0.81066,
    0.8299,
    0.8431,
    0.85282,
    0.86264,
    0.87536,
    0.88056,
    0.88926,
    0.89558,
    0.90082,
    0.9057,
    0.9125,
    0.91584,
    0.92034,
    0.92392,
    0.92768,
    0.93286,
    0.9333,
    0.93844,
    0.96154,
    0.9665,
    0.9692,
    0.97062,
    0.97254,
    0.97362,
    0.97432,
    0.98418,
    0.98668,
    0.98826,
    0.98926,
    0.98944,
    0.9913,
    0.99128,
    0.99414,
    0.99422,
    0.99536,
    0.99524,
    0.99582,
    0.99626,
    0.99708,
    0.99738,
    0.99688,
    0.99752,
    0.99758,
    0.99742
  ],
  "test_loss": [
    1.2672138500213623,
    0.9759151494503021,
    0.890174287557602,
    0.7662767571210861,
    0.6440465080738068,
    0.5627012777328492,
    0.5535027852654457,
    0.5473327860236168,
    0.5431220775842667,
    0.4654653795063496,
    0.5336208689212799,
    0.501903108805418,
    0.45581534028053283,
    0.42301470175385475,
    0.4317055115103722,
    0.4220190881937742,
    0.4379816308617592,
    0.38435308560729026,
    0.4095655457675457,
    0.5416650915145874,
    0.41751701951026915,
    0.42192524671554565,
    0.44959680080413816,
    0.40446383237838746,
    0.3060794933885336,
    0.31755304999649525,
    0.3162880611419678,
    0.326520277261734,
    0.34756340250372886,
    0.3228612909466028,
    0.3500738959759474,
    0.28524580121040344,
    0.29034471727907657,
    0.30334537118673327,
    0.312963133752346,
    0.3070585045218468,
    0.3029733779281378,
    0.3076338566094637,
    0.29187845639884474,
    0.2966141822189093,
    0.2928576989471912,
    0.2980687580630183,
    0.29708745613694193,
    0.307345363907516,
    0.29857184205204246,
    0.2971753001958132,
    0.29681096944957974,
    0.2986009247228503,
    0.29914502080529926,
    0.3010394898802042
  ],
  "test_acc": [
    0.5305,
    0.6563,
    0.7064,
    0.7382,
    0.7852,
    0.8078,
    0.821,
    0.817,
    0.8202,
    0.8432,
    0.8252,
    0.8402,
    0.8471,
    0.8647,
    0.8577,
    0.8675,
    0.8649,
    0.878,
    0.8708,
    0.8394,
    0.873,
    0.8723,
    0.8672,
    0.8724,
    0.9074,
    0.9049,
    0.9046,
    0.9021,
    0.8992,
    0.9017,
    0.902,
    0.9167,
    0.9154,
    0.9168,
    0.9146,
    0.9163,
    0.9142,
    0.918,
    0.9206,
    0.9198,
    0.921,
    0.9202,
    0.9215,
    0.9176,
    0.9202,
    0.9211,
    0.9217,
    0.9206,
    0.9226,
    0.921
  ],
  "test_ece": [
    0.06680717319250107,
    0.06672410666942596,
    0.0675535798072815,
    0.07348089665174484,
    0.03454179689288139,
    0.04662966728210449,
    0.03961337357759476,
    0.043899912387132645,
    0.04485389217734337,
    0.040259119123220444,
    0.0598713755607605,
    0.0526985228061676,
    0.0449986457824707,
    0.03736613690853119,
    0.03845595568418503,
    0.045394167304039,
    0.04005313292145729,
    0.03739238157868385,
    0.051169220358133316,
    0.07162054628133774,
    0.04874548688530922,
    0.05270452797412872,
    0.050600554794073105,
    0.054994136095047,
    0.03748176991939545,
    0.0400959849357605,
    0.04144786298274994,
    0.046149756759405136,
    0.04862155392765999,
    0.046939410269260406,
    0.05000906065106392,
    0.0406765453517437,
    0.04273597151041031,
    0.04272286966443062,
    0.046219345182180405,
    0.0450432188808918,
    0.04722869396209717,
    0.0442575104534626,
    0.04218598082661629,
    0.04332772642374039,
    0.04261991009116173,
    0.0443255752325058,
    0.04337283968925476,
    0.04704446345567703,
    0.046178076416254044,
    0.04425091668963432,
    0.0451255701482296,
    0.0455915629863739,
    0.04353513568639755,
    0.04610159620642662
  ],
  "test_entropy": [
    1.0942460298538208,
    0.7680246233940125,
    0.6317993998527527,
    0.5276523232460022,
    0.5076711177825928,
    0.40796634554862976,
    0.39591896533966064,
    0.38310301303863525,
    0.38037675619125366,
    0.3256820738315582,
    0.317813515663147,
    0.30398422479629517,
    0.30253052711486816,
    0.27268895506858826,
    0.28697752952575684,
    0.24211716651916504,
    0.26539281010627747,
    0.23919379711151123,
    0.21270836889743805,
    0.24182270467281342,
    0.21234111487865448,
    0.20514041185379028,
    0.2242489755153656,
    0.19747303426265717,
    0.15068617463111877,
    0.15066252648830414,
    0.1441437304019928,
    0.14027076959609985,
    0.13986921310424805,
    0.13774409890174866,
    0.12977135181427002,
    0.11544115841388702,
    0.11340437084436417,
    0.11187744140625,
    0.10750589519739151,
    0.10443457216024399,
    0.10346954315900803,
    0.10158144682645798,
    0.09941289573907852,
    0.09894570708274841,
    0.09670067578554153,
    0.09572368115186691,
    0.09596898406744003,
    0.0946723148226738,
    0.09195929020643234,
    0.09275161474943161,
    0.09127189218997955,
    0.09223143011331558,
    0.09160739928483963,
    0.09050048142671585
  ],
  "epoch_time": [
    26.636200189590454,
    26.664993286132812,
    26.641029834747314,
    26.617597579956055,
    26.638178825378418,
    26.63770341873169,
    26.61659860610962,
    26.688212633132935,
    26.627257823944092,
    26.63365411758423,
    26.658782243728638,
    26.65136742591858,
    26.67591905593872,
    26.675312042236328,
    26.650296688079834,
    26.64553427696228,
    26.674360990524292,
    26.637773513793945,
    26.63712763786316,
    26.629168272018433,
    26.642908573150635,
    26.660709857940674,
    26.67012643814087,
    26.638625144958496,
    26.697653770446777,
    26.701664686203003,
    26.683481454849243,
    26.692113161087036,
    26.678045749664307,
    26.708681344985962,
    26.690198183059692,
    26.645907163619995,
    26.648457765579224,
    26.632846117019653,
    26.614288568496704,
    27.038777112960815,
    26.714489459991455,
    26.680092573165894,
    26.6827495098114,
    26.66912531852722,
    26.681739568710327,
    26.642990350723267,
    44.252188205718994,
    48.26738619804382,
    26.66493058204651,
    41.54402565956116,
    49.47981595993042,
    26.61746859550476,
    41.73295068740845,
    46.637629985809326
  ]
}