{
  "epoch": 25,
  "train_loss": 0.09821628680085892,
  "train_acc": 0.9665,
  "test_loss": 0.31755304999649525,
  "test_acc": 0.9049,
  "test_ece": 0.0400959849357605,
  "test_entropy": 0.15066252648830414,
  "bin_accuracies": [
    0.0,
    0.0,
    0.0,
    0.0,
    0.2857142857142857,
    0.3870967741935484,
    0.4153846153846154,
    0.3958333333333333,
    0.5159574468085106,
    0.5073891625615764,
    0.5603864734299517,
    0.6088709677419355,
    0.7333333333333333,
    0.7971014492753623,
    0.9702007141977589
  ],
  "bin_confidences": [
    0.0,
    0.0,
    0.0,
    0.24381619691848755,
    0.3130966126918793,
    0.37699612975120544,
    0.4362349212169647,
    0.5046764612197876,
    0.567151665687561,
    0.6319291591644287,
    0.7012420296669006,
    0.7671828269958496,
    0.8342292308807373,
    0.9037283658981323,
    0.9945263266563416
  ],
  "bin_counts": [
    0.0,
    0.0,
    0.0,
    3.0,
    7.0,
    31.0,
    65.0,
    144.0,
    188.0,
    203.0,
    207.0,
    248.0,
    300.0,
    483.0,
    8121.0
  ],
  "per_class_acc": [
    0.9470000267028809,
    0.9610000252723694,
    0.8859999775886536,
    0.8500000238418579,
    0.9110000133514404,
    0.8259999752044678,
    0.8849999904632568,
    0.9070000052452087,
    0.9539999961853027,
    0.921999990940094
  ]
}