{
  "epoch": 18,
  "train_loss": 0.227671605642037,
  "train_acc": 0.92034,
  "test_loss": 0.4095655457675457,
  "test_acc": 0.8708,
  "test_ece": 0.051169220358133316,
  "test_entropy": 0.21270836889743805,
  "bin_accuracies": [
    0.0,
    0.0,
    0.0,
    0.0,
    0.35714285714285715,
    0.26153846153846155,
    0.2743362831858407,
    0.45045045045045046,
    0.5092936802973977,
    0.4944649446494465,
    0.5673758865248227,
    0.6214511041009464,
    0.6928571428571428,
    0.7659235668789809,
    0.9671532846715328
  ],
  "bin_confidences": [
    0.0,
    0.0,
    0.0,
    0.2624971866607666,
    0.30545875430107117,
    0.3720723092556,
    0.435575008392334,
    0.5033989548683167,
    0.5641827583312988,
    0.6347509622573853,
    0.7008012533187866,
    0.7678048610687256,
    0.8342587351799011,
    0.9037982821464539,
    0.9929322600364685
  ],
  "bin_counts": [
    0.0,
    0.0,
    0.0,
    1.0,
    14.0,
    65.0,
    113.0,
    222.0,
    269.0,
    271.0,
    282.0,
    317.0,
    420.0,
    628.0,
    7398.0
  ],
  "per_class_acc": [
    0.8450000286102295,
    0.8859999775886536,
    0.8410000205039978,
    0.8610000014305115,
    0.8190000057220459,
    0.7559999823570251,
    0.871999979019165,
    0.9359999895095825,
    0.925000011920929,
    0.9670000076293945
  ]
}