{
  "epoch": 5,
  "train_loss": 0.5442908413879707,
  "train_acc": 0.81066,
  "test_loss": 0.5627012777328492,
  "test_acc": 0.8078,
  "test_ece": 0.04662966728210449,
  "test_entropy": 0.40796634554862976,
  "bin_accuracies": [
    0.0,
    0.0,
    0.0,
    0.0,
    0.3055555555555556,
    0.3220338983050847,
    0.3435114503816794,
    0.43847874720357943,
    0.48846960167714887,
    0.5845511482254697,
    0.658008658008658,
    0.6728971962616822,
    0.746606334841629,
    0.8191721132897604,
    0.9630371449380918
  ],
  "bin_confidences": [
    0.0,
    0.0,
    0.19326570630073547,
    0.2528094947338104,
    0.30622610449790955,
    0.3699871003627777,
    0.4334047734737396,
    0.5021361112594604,
    0.5659069418907166,
    0.634498655796051,
    0.7004069685935974,
    0.7689260840415955,
    0.8344045281410217,
    0.9032928943634033,
    0.9875245690345764
  ],
  "bin_counts": [
    0.0,
    0.0,
    1.0,
    15.0,
    72.0,
    177.0,
    262.0,
    447.0,
    477.0,
    479.0,
    462.0,
    535.0,
    663.0,
    918.0,
    5492.0
  ],
  "per_class_acc": [
    0.7860000133514404,
    0.8510000109672546,
    0.6899999976158142,
    0.7670000195503235,
    0.8600000143051147,
    0.5519999861717224,
    0.8519999980926514,
    0.8809999823570251,
    0.9210000038146973,
    0.9179999828338623
  ]
}