{
  "epoch": 44,
  "train_loss": 0.014599697100465445,
  "train_acc": 0.99708,
  "test_loss": 0.29857184205204246,
  "test_acc": 0.9202,
  "test_ece": 0.046178076416254044,
  "test_entropy": 0.09195929020643234,
  "bin_accuracies": [
    0.0,
    0.0,
    0.0,
    0.0,
    0.0,
    0.17647058823529413,
    0.4857142857142857,
    0.3176470588235294,
    0.43089430894308944,
    0.45,
    0.5285714285714286,
    0.5302013422818792,
    0.625,
    0.6955223880597015,
    0.9700374531835206
  ],
  "bin_confidences": [
    0.0,
    0.0,
    0.0,
    0.0,
    0.2985716462135315,
    0.3683044910430908,
    0.4382001459598541,
    0.5078895688056946,
    0.5677172541618347,
    0.6304425597190857,
    0.7035372257232666,
    0.7666055560112,
    0.8325079083442688,
    0.9050137400627136,
    0.9965679049491882
  ],
  "bin_counts": [
    0.0,
    0.0,
    0.0,
    0.0,
    1.0,
    17.0,
    35.0,
    85.0,
    123.0,
    120.0,
    140.0,
    149.0,
    184.0,
    335.0,
    8811.0
  ],
  "per_class_acc": [
    0.9300000071525574,
    0.9700000286102295,
    0.8859999775886536,
    0.8240000009536743,
    0.925000011920929,
    0.8849999904632568,
    0.9340000152587891,
    0.9449999928474426,
    0.9520000219345093,
    0.9509999752044678
  ]
}