{
  "epoch": 42,
  "train_loss": 0.017709268533322206,
  "train_acc": 0.99582,
  "test_loss": 0.29708745613694193,
  "test_acc": 0.9215,
  "test_ece": 0.04337283968925476,
  "test_entropy": 0.09596898406744003,
  "bin_accuracies": [
    0.0,
    0.0,
    0.0,
    0.0,
    0.5,
    0.25,
    0.4146341463414634,
    0.5416666666666666,
    0.42857142857142855,
    0.4728682170542636,
    0.5874125874125874,
    0.5502958579881657,
    0.6666666666666666,
    0.6805111821086262,
    0.9700387331966279
  ],
  "bin_confidences": [
    0.0,
    0.0,
    0.0,
    0.0,
    0.32333359122276306,
    0.3642348349094391,
    0.43680715560913086,
    0.5013352632522583,
    0.566888153553009,
    0.6318023204803467,
    0.7008545398712158,
    0.7668653726577759,
    0.8375331163406372,
    0.9032865762710571,
    0.9964737892150879
  ],
  "bin_counts": [
    0.0,
    0.0,
    0.0,
    0.0,
    2.0,
    20.0,
    41.0,
    72.0,
    147.0,
    129.0,
    143.0,
    169.0,
    186.0,
    313.0,
    8778.0
  ],
  "per_class_acc": [
    0.9300000071525574,
    0.9700000286102295,
    0.8899999856948853,
    0.8500000238418579,
    0.9330000281333923,
    0.8629999756813049,
    0.9309999942779541,
    0.9430000185966492,
    0.953000009059906,
    0.9520000219345093
  ]
}