{
  "epoch": 20,
  "train_loss": 0.20784559081811124,
  "train_acc": 0.92768,
  "test_loss": 0.41751701951026915,
  "test_acc": 0.873,
  "test_ece": 0.04874548688530922,
  "test_entropy": 0.21234111487865448,
  "bin_accuracies": [
    0.0,
    0.0,
    0.0,
    0.0,
    0.23076923076923078,
    0.3125,
    0.4,
    0.4558139534883721,
    0.43448275862068964,
    0.5390334572490706,
    0.5653846153846154,
    0.6544943820224719,
    0.6834170854271356,
    0.7317880794701986,
    0.9709968973425064
  ],
  "bin_confidences": [
    0.0,
    0.0,
    0.0,
    0.25399401783943176,
    0.30472609400749207,
    0.37400946021080017,
    0.43470674753189087,
    0.5038654208183289,
    0.566312849521637,
    0.633531928062439,
    0.6979085803031921,
    0.7693882584571838,
    0.8344306945800781,
    0.9036056995391846,
    0.9931929707527161
  ],
  "bin_counts": [
    0.0,
    0.0,
    0.0,
    3.0,
    13.0,
    64.0,
    115.0,
    215.0,
    290.0,
    269.0,
    260.0,
    356.0,
    398.0,
    604.0,
    7413.0
  ],
  "per_class_acc": [
    0.875,
    0.9520000219345093,
    0.7080000042915344,
    0.8169999718666077,
    0.7789999842643738,
    0.8539999723434448,
    0.9210000038146973,
    0.9390000104904175,
    0.9520000219345093,
    0.9330000281333923
  ]
}