{
  "epoch": 15,
  "train_loss": 0.2688556166218065,
  "train_acc": 0.9057,
  "test_loss": 0.4220190881937742,
  "test_acc": 0.8675,
  "test_ece": 0.045394167304039,
  "test_entropy": 0.24211716651916504,
  "bin_accuracies": [
    0.0,
    0.0,
    0.0,
    0.2,
    0.391304347826087,
    0.36,
    0.43243243243243246,
    0.4497991967871486,
    0.5323741007194245,
    0.5584905660377358,
    0.5845697329376854,
    0.6488095238095238,
    0.6882217090069284,
    0.7617554858934169,
    0.9681369138722694
  ],
  "bin_confidences": [
    0.0,
    0.0,
    0.19864867627620697,
    0.2558298110961914,
    0.3063637912273407,
    0.37047645449638367,
    0.4349904954433441,
    0.5037604570388794,
    0.5670225620269775,
    0.6341372132301331,
    0.700221836566925,
    0.7679292559623718,
    0.8347938060760498,
    0.9021220803260803,
    0.9924733638763428
  ],
  "bin_counts": [
    0.0,
    0.0,
    1.0,
    5.0,
    23.0,
    100.0,
    148.0,
    249.0,
    278.0,
    265.0,
    337.0,
    336.0,
    433.0,
    638.0,
    7187.0
  ],
  "per_class_acc": [
    0.9129999876022339,
    0.9580000042915344,
    0.8939999938011169,
    0.6539999842643738,
    0.7620000243186951,
    0.7910000085830688,
    0.9240000247955322,
    0.9419999718666077,
    0.9330000281333923,
    0.9039999842643738
  ]
}