{
  "epoch": 6,
  "train_loss": 0.49615139973438,
  "train_acc": 0.8299,
  "test_loss": 0.5535027852654457,
  "test_acc": 0.821,
  "test_ece": 0.03961337357759476,
  "test_entropy": 0.39591896533966064,
  "bin_accuracies": [
    0.0,
    0.0,
    0.0,
    0.4,
    0.2535211267605634,
    0.36231884057971014,
    0.3851851851851852,
    0.4600484261501211,
    0.5275229357798165,
    0.541871921182266,
    0.6519823788546255,
    0.7123552123552124,
    0.7585034013605442,
    0.8171683389074693,
    0.9647161572052402
  ],
  "bin_confidences": [
    0.0,
    0.0,
    0.0,
    0.2509036362171173,
    0.307605117559433,
    0.37029603123664856,
    0.43434110283851624,
    0.5013129115104675,
    0.5676875710487366,
    0.6324554681777954,
    0.699749231338501,
    0.7679809331893921,
    0.8350384831428528,
    0.9014327526092529,
    0.9878929853439331
  ],
  "bin_counts": [
    0.0,
    0.0,
    0.0,
    15.0,
    71.0,
    207.0,
    270.0,
    413.0,
    436.0,
    406.0,
    454.0,
    518.0,
    588.0,
    897.0,
    5725.0
  ],
  "per_class_acc": [
    0.828000009059906,
    0.8799999952316284,
    0.7170000076293945,
    0.671999990940094,
    0.8029999732971191,
    0.6779999732971191,
    0.9100000262260437,
    0.9409999847412109,
    0.859000027179718,
    0.921999990940094
  ]
}