{
  "epoch": 13,
  "train_loss": 0.2990410854978025,
  "train_acc": 0.89558,
  "test_loss": 0.42301470175385475,
  "test_acc": 0.8647,
  "test_ece": 0.03736613690853119,
  "test_entropy": 0.27268895506858826,
  "bin_accuracies": [
    0.0,
    0.0,
    0.0,
    0.0,
    0.17857142857142858,
    0.3761467889908257,
    0.4472049689440994,
    0.4618181818181818,
    0.5045871559633027,
    0.5794117647058824,
    0.6126984126984127,
    0.6724137931034483,
    0.7484536082474227,
    0.8034188034188035,
    0.9706483644859814
  ],
  "bin_confidences": [
    0.0,
    0.0,
    0.0,
    0.2356630116701126,
    0.307993620634079,
    0.3722971975803375,
    0.4336013197898865,
    0.5022420883178711,
    0.566478967666626,
    0.6338716149330139,
    0.699772834777832,
    0.7682221531867981,
    0.8346684575080872,
    0.9035918116569519,
    0.9908145070075989
  ],
  "bin_counts": [
    0.0,
    0.0,
    0.0,
    4.0,
    28.0,
    109.0,
    161.0,
    275.0,
    327.0,
    340.0,
    315.0,
    406.0,
    485.0,
    702.0,
    6848.0
  ],
  "per_class_acc": [
    0.8669999837875366,
    0.9580000042915344,
    0.7929999828338623,
    0.8140000104904175,
    0.9049999713897705,
    0.7910000085830688,
    0.8790000081062317,
    0.8330000042915344,
    0.8799999952316284,
    0.9269999861717224
  ]
}