{
  "epoch": 31,
  "train_loss": 0.05015175314643956,
  "train_acc": 0.98418,
  "test_loss": 0.28524580121040344,
  "test_acc": 0.9167,
  "test_ece": 0.0406765453517437,
  "test_entropy": 0.11544115841388702,
  "bin_accuracies": [
    0.0,
    0.0,
    0.0,
    0.0,
    0.2857142857142857,
    0.16,
    0.3333333333333333,
    0.4339622641509434,
    0.4857142857142857,
    0.48322147651006714,
    0.5685279187817259,
    0.6022099447513812,
    0.6641221374045801,
    0.7506631299734748,
    0.9728682170542635
  ],
  "bin_confidences": [
    0.0,
    0.0,
    0.0,
    0.0,
    0.31813669204711914,
    0.36325275897979736,
    0.4364071488380432,
    0.5024307370185852,
    0.5666095018386841,
    0.634030818939209,
    0.7006828784942627,
    0.7687808871269226,
    0.8361786603927612,
    0.9041280150413513,
    0.9959946274757385
  ],
  "bin_counts": [
    0.0,
    0.0,
    0.0,
    0.0,
    7.0,
    25.0,
    42.0,
    106.0,
    140.0,
    149.0,
    197.0,
    181.0,
    262.0,
    377.0,
    8514.0
  ],
  "per_class_acc": [
    0.9269999861717224,
    0.9599999785423279,
    0.8939999938011169,
    0.8209999799728394,
    0.9229999780654907,
    0.8510000109672546,
    0.9409999847412109,
    0.9419999718666077,
    0.9589999914169312,
    0.9490000009536743
  ]
}