{
  "epoch": 8,
  "train_loss": 0.42613526488966347,
  "train_acc": 0.85282,
  "test_loss": 0.5431220775842667,
  "test_acc": 0.8202,
  "test_ece": 0.04485389217734337,
  "test_entropy": 0.38037675619125366,
  "bin_accuracies": [
    0.0,
    0.0,
    0.0,
    0.25,
    0.34615384615384615,
    0.3227848101265823,
    0.3874538745387454,
    0.44358974358974357,
    0.5023041474654378,
    0.5772727272727273,
    0.5824175824175825,
    0.6808510638297872,
    0.7275693311582382,
    0.8425026968716289,
    0.9654751525719267
  ],
  "bin_confidences": [
    0.0,
    0.0,
    0.0,
    0.25442224740982056,
    0.30286112427711487,
    0.370213121175766,
    0.4355475604534149,
    0.5036529302597046,
    0.5656075477600098,
    0.6344586610794067,
    0.7001355290412903,
    0.7676449418067932,
    0.835297703742981,
    0.9034519791603088,
    0.9879114031791687
  ],
  "bin_counts": [
    0.0,
    0.0,
    0.0,
    8.0,
    52.0,
    158.0,
    271.0,
    390.0,
    434.0,
    440.0,
    455.0,
    517.0,
    613.0,
    927.0,
    5735.0
  ],
  "per_class_acc": [
    0.8870000243186951,
    0.9459999799728394,
    0.8190000057220459,
    0.746999979019165,
    0.7630000114440918,
    0.6990000009536743,
    0.8669999837875366,
    0.7680000066757202,
    0.9399999976158142,
    0.765999972820282
  ]
}