{
  "epoch": 35,
  "train_loss": 0.03463642201874682,
  "train_acc": 0.98944,
  "test_loss": 0.3070585045218468,
  "test_acc": 0.9163,
  "test_ece": 0.0450432188808918,
  "test_entropy": 0.10443457216024399,
  "bin_accuracies": [
    0.0,
    0.0,
    0.0,
    0.0,
    0.5,
    0.38461538461538464,
    0.27586206896551724,
    0.415929203539823,
    0.4195804195804196,
    0.4846153846153846,
    0.5133333333333333,
    0.5870967741935483,
    0.7050691244239631,
    0.710594315245478,
    0.968995835261453
  ],
  "bin_confidences": [
    0.0,
    0.0,
    0.0,
    0.0,
    0.32520031929016113,
    0.37015020847320557,
    0.4320843517780304,
    0.504166305065155,
    0.5653088688850403,
    0.6338548064231873,
    0.700361430644989,
    0.7672214508056641,
    0.835806667804718,
    0.9040801525115967,
    0.9961790442466736
  ],
  "bin_counts": [
    0.0,
    0.0,
    0.0,
    0.0,
    6.0,
    26.0,
    29.0,
    113.0,
    143.0,
    130.0,
    150.0,
    155.0,
    217.0,
    387.0,
    8644.0
  ],
  "per_class_acc": [
    0.9319999814033508,
    0.9710000157356262,
    0.8420000076293945,
    0.8299999833106995,
    0.9200000166893005,
    0.8880000114440918,
    0.9390000104904175,
    0.9399999976158142,
    0.9589999914169312,
    0.9419999718666077
  ]
}