{
  "epoch": 29,
  "train_loss": 0.07894650873873392,
  "train_acc": 0.97362,
  "test_loss": 0.3228612909466028,
  "test_acc": 0.9017,
  "test_ece": 0.046939410269260406,
  "test_entropy": 0.13774409890174866,
  "bin_accuracies": [
    0.0,
    0.0,
    0.0,
    0.0,
    0.0,
    0.39285714285714285,
    0.36231884057971014,
    0.45112781954887216,
    0.5,
    0.49760765550239233,
    0.5178571428571429,
    0.5537190082644629,
    0.6618705035971223,
    0.7427293064876958,
    0.96909465519331
  ],
  "bin_confidences": [
    0.0,
    0.0,
    0.0,
    0.23360580205917358,
    0.3070940673351288,
    0.37255945801734924,
    0.43517768383026123,
    0.5020456314086914,
    0.5635555982589722,
    0.6355693936347961,
    0.6987680196762085,
    0.7665997743606567,
    0.8331721425056458,
    0.9018999934196472,
    0.995116114616394
  ],
  "bin_counts": [
    0.0,
    0.0,
    0.0,
    1.0,
    6.0,
    28.0,
    69.0,
    133.0,
    168.0,
    209.0,
    168.0,
    242.0,
    278.0,
    447.0,
    8251.0
  ],
  "per_class_acc": [
    0.9229999780654907,
    0.9290000200271606,
    0.8769999742507935,
    0.8920000195503235,
    0.8690000176429749,
    0.781000018119812,
    0.9240000247955322,
    0.9110000133514404,
    0.9470000267028809,
    0.9639999866485596
  ]
}