{
  "epoch": 49,
  "train_loss": 0.013287727152357055,
  "train_acc": 0.99742,
  "test_loss": 0.3010394898802042,
  "test_acc": 0.921,
  "test_ece": 0.04610159620642662,
  "test_entropy": 0.09050048142671585,
  "bin_accuracies": [
    0.0,
    0.0,
    0.0,
    0.0,
    0.0,
    0.38461538461538464,
    0.3333333333333333,
    0.5444444444444444,
    0.425,
    0.47183098591549294,
    0.4583333333333333,
    0.5851851851851851,
    0.5714285714285714,
    0.6721311475409836,
    0.9697963800904977
  ],
  "bin_confidences": [
    0.0,
    0.0,
    0.0,
    0.2582525610923767,
    0.3178291916847229,
    0.3788907825946808,
    0.43648561835289,
    0.5073716640472412,
    0.5654768347740173,
    0.6324860453605652,
    0.6980568170547485,
    0.7671381235122681,
    0.8348753452301025,
    0.903246283531189,
    0.9965952634811401
  ],
  "bin_counts": [
    0.0,
    0.0,
    0.0,
    1.0,
    1.0,
    13.0,
    30.0,
    90.0,
    120.0,
    142.0,
    120.0,
    135.0,
    203.0,
    305.0,
    8840.0
  ],
  "per_class_acc": [
    0.9319999814033508,
    0.9670000076293945,
    0.8880000114440918,
    0.8360000252723694,
    0.9350000023841858,
    0.8809999823570251,
    0.9269999861717224,
    0.9430000185966492,
    0.9490000009536743,
    0.9520000219345093
  ]
}