{
  "epoch": 26,
  "train_loss": 0.09270790653765354,
  "train_acc": 0.9692,
  "test_loss": 0.3162880611419678,
  "test_acc": 0.9046,
  "test_ece": 0.04144786298274994,
  "test_entropy": 0.1441437304019928,
  "bin_accuracies": [
    0.0,
    0.0,
    0.0,
    0.0,
    0.26666666666666666,
    0.2777777777777778,
    0.40789473684210525,
    0.45,
    0.42857142857142855,
    0.5355191256830601,
    0.6071428571428571,
    0.6607929515418502,
    0.6564885496183206,
    0.7639198218262806,
    0.9704091573307355
  ],
  "bin_confidences": [
    0.0,
    0.0,
    0.0,
    0.2618815302848816,
    0.31025180220603943,
    0.37176990509033203,
    0.4393383860588074,
    0.5053821802139282,
    0.565198540687561,
    0.6328456997871399,
    0.6997367143630981,
    0.7675886154174805,
    0.8359376192092896,
    0.9013992547988892,
    0.9953478574752808
  ],
  "bin_counts": [
    0.0,
    0.0,
    0.0,
    2.0,
    15.0,
    36.0,
    76.0,
    160.0,
    182.0,
    183.0,
    196.0,
    227.0,
    262.0,
    449.0,
    8212.0
  ],
  "per_class_acc": [
    0.8669999837875366,
    0.9490000009536743,
    0.8740000128746033,
    0.7879999876022339,
    0.8989999890327454,
    0.8889999985694885,
    0.9350000023841858,
    0.9160000085830688,
    0.9679999947547913,
    0.9610000252723694
  ]
}