{
  "epoch": 3,
  "train_loss": 0.7139650249420224,
  "train_acc": 0.75094,
  "test_loss": 0.7662767571210861,
  "test_acc": 0.7382,
  "test_ece": 0.07348089665174484,
  "test_entropy": 0.5276523232460022,
  "bin_accuracies": [
    0.0,
    0.0,
    0.0,
    0.1875,
    0.3253968253968254,
    0.3368421052631579,
    0.3621621621621622,
    0.4452423698384201,
    0.4906621392190153,
    0.5448818897637795,
    0.539543057996485,
    0.6231454005934718,
    0.7219321148825065,
    0.7770334928229665,
    0.9489889705882353
  ],
  "bin_confidences": [
    0.0,
    0.0,
    0.0,
    0.24062785506248474,
    0.30610567331314087,
    0.3698442280292511,
    0.4357803463935852,
    0.5008906126022339,
    0.5663554668426514,
    0.6322206258773804,
    0.7010908722877502,
    0.7676205039024353,
    0.8358004689216614,
    0.9039799571037292,
    0.9843304753303528
  ],
  "bin_counts": [
    0.0,
    0.0,
    0.0,
    32.0,
    126.0,
    285.0,
    370.0,
    557.0,
    589.0,
    635.0,
    569.0,
    674.0,
    766.0,
    1045.0,
    4352.0
  ],
  "per_class_acc": [
    0.8309999704360962,
    0.8420000076293945,
    0.49399998784065247,
    0.7490000128746033,
    0.6850000023841858,
    0.49399998784065247,
    0.8640000224113464,
    0.7799999713897705,
    0.7770000100135803,
    0.8659999966621399
  ]
}