{
  "epoch": 41,
  "train_loss": 0.018744534947444946,
  "train_acc": 0.99524,
  "test_loss": 0.2980687580630183,
  "test_acc": 0.9202,
  "test_ece": 0.0443255752325058,
  "test_entropy": 0.09572368115186691,
  "bin_accuracies": [
    0.0,
    0.0,
    0.0,
    0.0,
    0.3333333333333333,
    0.35714285714285715,
    0.26666666666666666,
    0.44680851063829785,
    0.4744525547445255,
    0.4925373134328358,
    0.5114503816793893,
    0.575,
    0.576530612244898,
    0.7006172839506173,
    0.9702631878774068
  ],
  "bin_confidences": [
    0.0,
    0.0,
    0.0,
    0.0,
    0.3049006462097168,
    0.37784335017204285,
    0.4356282949447632,
    0.5042677521705627,
    0.5698018670082092,
    0.632368266582489,
    0.6979110240936279,
    0.7678393721580505,
    0.8353794813156128,
    0.9014095664024353,
    0.9964088201522827
  ],
  "bin_counts": [
    0.0,
    0.0,
    0.0,
    0.0,
    3.0,
    14.0,
    30.0,
    94.0,
    137.0,
    134.0,
    131.0,
    160.0,
    196.0,
    324.0,
    8777.0
  ],
  "per_class_acc": [
    0.9300000071525574,
    0.968999981880188,
    0.8859999775886536,
    0.8289999961853027,
    0.9229999780654907,
    0.8889999985694885,
    0.9369999766349792,
    0.9380000233650208,
    0.9520000219345093,
    0.9490000009536743
  ]
}