{
  "epoch": 37,
  "train_loss": 0.028874171282048038,
  "train_acc": 0.99128,
  "test_loss": 0.3076338566094637,
  "test_acc": 0.918,
  "test_ece": 0.0442575104534626,
  "test_entropy": 0.10158144682645798,
  "bin_accuracies": [
    0.0,
    0.0,
    0.0,
    0.0,
    0.2,
    0.4666666666666667,
    0.4,
    0.3611111111111111,
    0.4609375,
    0.47058823529411764,
    0.4861111111111111,
    0.5925925925925926,
    0.7046632124352331,
    0.7053571428571429,
    0.9695752009184845
  ],
  "bin_confidences": [
    0.0,
    0.0,
    0.0,
    0.2577989995479584,
    0.31611356139183044,
    0.37412136793136597,
    0.439832478761673,
    0.5033202171325684,
    0.5673497319221497,
    0.6332010626792908,
    0.7016493082046509,
    0.7685195803642273,
    0.8346983194351196,
    0.9043325781822205,
    0.9963417649269104
  ],
  "bin_counts": [
    0.0,
    0.0,
    0.0,
    1.0,
    5.0,
    15.0,
    45.0,
    108.0,
    128.0,
    153.0,
    144.0,
    162.0,
    193.0,
    336.0,
    8710.0
  ],
  "per_class_acc": [
    0.9240000247955322,
    0.9629999995231628,
    0.8889999985694885,
    0.8330000042915344,
    0.9409999847412109,
    0.8330000042915344,
    0.9369999766349792,
    0.953000009059906,
    0.9520000219345093,
    0.9549999833106995
  ]
}