{
  "epoch": 48,
  "train_loss": 0.01304486463777721,
  "train_acc": 0.99758,
  "test_loss": 0.29914502080529926,
  "test_acc": 0.9226,
  "test_ece": 0.04353513568639755,
  "test_entropy": 0.09160739928483963,
  "bin_accuracies": [
    0.0,
    0.0,
    0.0,
    0.0,
    0.5,
    0.35714285714285715,
    0.3611111111111111,
    0.4367816091954023,
    0.47244094488188976,
    0.45,
    0.5109489051094891,
    0.6141732283464567,
    0.6118143459915611,
    0.693950177935943,
    0.9699954710144928
  ],
  "bin_confidences": [
    0.0,
    0.0,
    0.0,
    0.0,
    0.2914464473724365,
    0.3782922923564911,
    0.43130993843078613,
    0.5045856237411499,
    0.5683340430259705,
    0.6315318942070007,
    0.7003418803215027,
    0.767837643623352,
    0.8366085290908813,
    0.9035658836364746,
    0.9965519309043884
  ],
  "bin_counts": [
    0.0,
    0.0,
    0.0,
    0.0,
    2.0,
    14.0,
    36.0,
    87.0,
    127.0,
    120.0,
    137.0,
    127.0,
    237.0,
    281.0,
    8832.0
  ],
  "per_class_acc": [
    0.9269999861717224,
    0.9700000286102295,
    0.8709999918937683,
    0.8379999995231628,
    0.9309999942779541,
    0.8999999761581421,
    0.9330000281333923,
    0.9440000057220459,
    0.9589999914169312,
    0.953000009059906
  ]
}