{
  "epoch": 32,
  "train_loss": 0.04356027545545565,
  "train_acc": 0.98668,
  "test_loss": 0.29034471727907657,
  "test_acc": 0.9154,
  "test_ece": 0.04273597151041031,
  "test_entropy": 0.11340437084436417,
  "bin_accuracies": [
    0.0,
    0.0,
    0.0,
    0.0,
    0.14285714285714285,
    0.4090909090909091,
    0.3541666666666667,
    0.41379310344827586,
    0.46715328467153283,
    0.4473684210526316,
    0.5714285714285714,
    0.558974358974359,
    0.6541666666666667,
    0.7087912087912088,
    0.9732601588042971
  ],
  "bin_confidences": [
    0.0,
    0.0,
    0.0,
    0.24757997691631317,
    0.3099922835826874,
    0.374076247215271,
    0.437430739402771,
    0.5034723877906799,
    0.5660101771354675,
    0.633254885673523,
    0.7012096047401428,
    0.766393780708313,
    0.8332852125167847,
    0.906490683555603,
    0.9958572387695312
  ],
  "bin_counts": [
    0.0,
    0.0,
    0.0,
    1.0,
    7.0,
    22.0,
    48.0,
    116.0,
    137.0,
    152.0,
    154.0,
    195.0,
    240.0,
    364.0,
    8564.0
  ],
  "per_class_acc": [
    0.9319999814033508,
    0.9490000009536743,
    0.8809999823570251,
    0.8399999737739563,
    0.9279999732971191,
    0.8560000061988831,
    0.9150000214576721,
    0.9480000138282776,
    0.9480000138282776,
    0.9570000171661377
  ]
}