{
  "epoch": 34,
  "train_loss": 0.03683442327067675,
  "train_acc": 0.98926,
  "test_loss": 0.312963133752346,
  "test_acc": 0.9146,
  "test_ece": 0.046219345182180405,
  "test_entropy": 0.10750589519739151,
  "bin_accuracies": [
    0.0,
    0.0,
    0.0,
    0.0,
    0.2857142857142857,
    0.4090909090909091,
    0.2631578947368421,
    0.40816326530612246,
    0.4728682170542636,
    0.5267175572519084,
    0.49673202614379086,
    0.5591397849462365,
    0.6434426229508197,
    0.7465940054495913,
    0.9674202898550724
  ],
  "bin_confidences": [
    0.0,
    0.0,
    0.0,
    0.0,
    0.30283865332603455,
    0.3769036531448364,
    0.43143749237060547,
    0.5077902674674988,
    0.5687539577484131,
    0.6333025693893433,
    0.6985974311828613,
    0.7662779092788696,
    0.8344441652297974,
    0.9031519889831543,
    0.9958643317222595
  ],
  "bin_counts": [
    0.0,
    0.0,
    0.0,
    0.0,
    7.0,
    22.0,
    38.0,
    98.0,
    129.0,
    131.0,
    153.0,
    186.0,
    244.0,
    367.0,
    8625.0
  ],
  "per_class_acc": [
    0.9210000038146973,
    0.968999981880188,
    0.8700000047683716,
    0.7860000133514404,
    0.921999990940094,
    0.9139999747276306,
    0.921999990940094,
    0.9449999928474426,
    0.9520000219345093,
    0.9449999928474426
  ]
}