{
  "epoch": 19,
  "train_loss": 0.21955168647381962,
  "train_acc": 0.92392,
  "test_loss": 0.5416650915145874,
  "test_acc": 0.8394,
  "test_ece": 0.07162054628133774,
  "test_entropy": 0.24182270467281342,
  "bin_accuracies": [
    0.0,
    0.0,
    0.0,
    0.3333333333333333,
    0.18518518518518517,
    0.27631578947368424,
    0.29357798165137616,
    0.41509433962264153,
    0.43956043956043955,
    0.4612794612794613,
    0.5685714285714286,
    0.6009852216748769,
    0.6577181208053692,
    0.7089136490250696,
    0.9563238013942239
  ],
  "bin_confidences": [
    0.0,
    0.0,
    0.0,
    0.2570231854915619,
    0.31485626101493835,
    0.3693397045135498,
    0.4370897710323334,
    0.5028198957443237,
    0.5649750828742981,
    0.6313949227333069,
    0.6993194818496704,
    0.7667287588119507,
    0.8344234824180603,
    0.9044488668441772,
    0.9917877912521362
  ],
  "bin_counts": [
    0.0,
    0.0,
    0.0,
    3.0,
    27.0,
    76.0,
    109.0,
    265.0,
    273.0,
    297.0,
    350.0,
    406.0,
    447.0,
    718.0,
    7029.0
  ],
  "per_class_acc": [
    0.8989999890327454,
    0.9829999804496765,
    0.7789999842643738,
    0.8799999952316284,
    0.875,
    0.7099999785423279,
    0.8579999804496765,
    0.6430000066757202,
    0.8830000162124634,
    0.8840000033378601
  ]
}