{
  "epoch": 38,
  "train_loss": 0.023117165743370954,
  "train_acc": 0.99414,
  "test_loss": 0.29187845639884474,
  "test_acc": 0.9206,
  "test_ece": 0.04218598082661629,
  "test_entropy": 0.09941289573907852,
  "bin_accuracies": [
    0.0,
    0.0,
    0.0,
    0.0,
    0.2857142857142857,
    0.35,
    0.30434782608695654,
    0.45454545454545453,
    0.45038167938931295,
    0.5648854961832062,
    0.49645390070921985,
    0.5761589403973509,
    0.6606334841628959,
    0.7024539877300614,
    0.9708949237997021
  ],
  "bin_confidences": [
    0.0,
    0.0,
    0.0,
    0.0,
    0.32068219780921936,
    0.3775961995124817,
    0.4401812255382538,
    0.5054807066917419,
    0.5685160160064697,
    0.6336199641227722,
    0.6992354989051819,
    0.7674260139465332,
    0.8367249369621277,
    0.9042482972145081,
    0.9964535236358643
  ],
  "bin_counts": [
    0.0,
    0.0,
    0.0,
    0.0,
    7.0,
    20.0,
    46.0,
    99.0,
    131.0,
    131.0,
    141.0,
    151.0,
    221.0,
    326.0,
    8727.0
  ],
  "per_class_acc": [
    0.9200000166893005,
    0.9639999866485596,
    0.8960000276565552,
    0.8420000076293945,
    0.9330000281333923,
    0.8799999952316284,
    0.9269999861717224,
    0.9369999766349792,
    0.953000009059906,
    0.9539999961853027
  ]
}