{
  "epoch": 7,
  "train_loss": 0.4547775940364584,
  "train_acc": 0.8431,
  "test_loss": 0.5473327860236168,
  "test_acc": 0.817,
  "test_ece": 0.043899912387132645,
  "test_entropy": 0.38310301303863525,
  "bin_accuracies": [
    0.0,
    0.0,
    0.0,
    0.07692307692307693,
    0.2714285714285714,
    0.2727272727272727,
    0.3590733590733591,
    0.46436781609195404,
    0.49884526558891457,
    0.5596707818930041,
    0.6222222222222222,
    0.6600397614314115,
    0.7488076311605724,
    0.8360128617363344,
    0.9679419057739993
  ],
  "bin_confidences": [
    0.0,
    0.0,
    0.0,
    0.24393659830093384,
    0.3075502812862396,
    0.3713087737560272,
    0.43459469079971313,
    0.5028284788131714,
    0.5667930245399475,
    0.6334421634674072,
    0.6993032693862915,
    0.7676057815551758,
    0.834398627281189,
    0.9031703472137451,
    0.9880131483078003
  ],
  "bin_counts": [
    0.0,
    0.0,
    0.0,
    13.0,
    70.0,
    143.0,
    259.0,
    435.0,
    433.0,
    486.0,
    450.0,
    503.0,
    629.0,
    933.0,
    5646.0
  ],
  "per_class_acc": [
    0.8360000252723694,
    0.9100000262260437,
    0.7059999704360962,
    0.6990000009536743,
    0.7839999794960022,
    0.8489999771118164,
    0.8539999723434448,
    0.7200000286102295,
    0.8899999856948853,
    0.921999990940094
  ]
}