{
  "epoch": 45,
  "train_loss": 0.013721883601849645,
  "train_acc": 0.99738,
  "test_loss": 0.2971753001958132,
  "test_acc": 0.9211,
  "test_ece": 0.04425091668963432,
  "test_entropy": 0.09275161474943161,
  "bin_accuracies": [
    0.0,
    0.0,
    0.0,
    0.0,
    0.25,
    0.2,
    0.21739130434782608,
    0.375,
    0.4878048780487805,
    0.4959349593495935,
    0.5202702702702703,
    0.5793103448275863,
    0.5902439024390244,
    0.7054545454545454,
    0.9700917639061969
  ],
  "bin_confidences": [
    0.0,
    0.0,
    0.0,
    0.0,
    0.3107316493988037,
    0.3686828315258026,
    0.4370439052581787,
    0.509008526802063,
    0.5684238076210022,
    0.635431706905365,
    0.7025459408760071,
    0.7677359580993652,
    0.8361907005310059,
    0.9023022651672363,
    0.9965656995773315
  ],
  "bin_counts": [
    0.0,
    0.0,
    0.0,
    0.0,
    4.0,
    15.0,
    23.0,
    112.0,
    123.0,
    123.0,
    148.0,
    145.0,
    205.0,
    275.0,
    8827.0
  ],
  "per_class_acc": [
    0.9380000233650208,
    0.9670000076293945,
    0.8809999823570251,
    0.8349999785423279,
    0.921999990940094,
    0.8870000243186951,
    0.9340000152587891,
    0.9390000104904175,
    0.9539999961853027,
    0.9539999961853027
  ]
}