{
  "epoch": 12,
  "train_loss": 0.3206311505850014,
  "train_acc": 0.88926,
  "test_loss": 0.45581534028053283,
  "test_acc": 0.8471,
  "test_ece": 0.0449986457824707,
  "test_entropy": 0.30253052711486816,
  "bin_accuracies": [
    0.0,
    0.0,
    0.0,
    0.0,
    0.30952380952380953,
    0.22321428571428573,
    0.4010152284263959,
    0.4304635761589404,
    0.5056497175141242,
    0.5126760563380282,
    0.6048387096774194,
    0.6247030878859857,
    0.7434343434343434,
    0.8128797083839611,
    0.9716388164954776
  ],
  "bin_confidences": [
    0.0,
    0.0,
    0.178657665848732,
    0.2269308716058731,
    0.31065014004707336,
    0.37096983194351196,
    0.43602198362350464,
    0.5031533241271973,
    0.5675857663154602,
    0.6310665011405945,
    0.6988207697868347,
    0.7669028043746948,
    0.8355352878570557,
    0.9039072394371033,
    0.9907110333442688
  ],
  "bin_counts": [
    0.0,
    0.0,
    2.0,
    2.0,
    42.0,
    112.0,
    197.0,
    302.0,
    354.0,
    355.0,
    372.0,
    421.0,
    495.0,
    823.0,
    6523.0
  ],
  "per_class_acc": [
    0.781000018119812,
    0.9350000023841858,
    0.890999972820282,
    0.722000002861023,
    0.7720000147819519,
    0.6700000166893005,
    0.8830000162124634,
    0.9179999828338623,
    0.9430000185966492,
    0.9559999704360962
  ]
}