{
  "epoch": 39,
  "train_loss": 0.021584820185723663,
  "train_acc": 0.99422,
  "test_loss": 0.2966141822189093,
  "test_acc": 0.9198,
  "test_ece": 0.04332772642374039,
  "test_entropy": 0.09894570708274841,
  "bin_accuracies": [
    0.0,
    0.0,
    0.0,
    0.0,
    0.3333333333333333,
    0.42105263157894735,
    0.36363636363636365,
    0.4368932038834951,
    0.35074626865671643,
    0.5378787878787878,
    0.5,
    0.6086956521739131,
    0.6310679611650486,
    0.744408945686901,
    0.9698946886446886
  ],
  "bin_confidences": [
    0.0,
    0.0,
    0.0,
    0.0,
    0.3255441188812256,
    0.379319965839386,
    0.4412136971950531,
    0.5068065524101257,
    0.566268265247345,
    0.6323723793029785,
    0.6998062133789062,
    0.7672369480133057,
    0.8351430296897888,
    0.9055545330047607,
    0.9963731169700623
  ],
  "bin_counts": [
    0.0,
    0.0,
    0.0,
    0.0,
    3.0,
    19.0,
    33.0,
    103.0,
    134.0,
    132.0,
    160.0,
    161.0,
    206.0,
    313.0,
    8736.0
  ],
  "per_class_acc": [
    0.9330000281333923,
    0.9610000252723694,
    0.8920000195503235,
    0.8479999899864197,
    0.9200000166893005,
    0.871999979019165,
    0.9200000166893005,
    0.9440000057220459,
    0.953000009059906,
    0.9549999833106995
  ]
}