{
  "epoch": 4,
  "train_loss": 0.6223288554974529,
  "train_acc": 0.78476,
  "test_loss": 0.6440465080738068,
  "test_acc": 0.7852,
  "test_ece": 0.03454179689288139,
  "test_entropy": 0.5076711177825928,
  "bin_accuracies": [
    0.0,
    0.0,
    0.0,
    0.35,
    0.28368794326241137,
    0.37992831541218636,
    0.38734177215189874,
    0.4643510054844607,
    0.5151515151515151,
    0.5472061657032755,
    0.638996138996139,
    0.7245696400625978,
    0.774281805745554,
    0.855072463768116,
    0.9694474539544962
  ],
  "bin_confidences": [
    0.0,
    0.0,
    0.0,
    0.24632510542869568,
    0.3052988350391388,
    0.3700448274612427,
    0.43565163016319275,
    0.5014306902885437,
    0.5675832033157349,
    0.6324561834335327,
    0.7004892230033875,
    0.767583429813385,
    0.8342763781547546,
    0.9036640524864197,
    0.9848365187644958
  ],
  "bin_counts": [
    0.0,
    0.0,
    0.0,
    20.0,
    141.0,
    279.0,
    395.0,
    547.0,
    561.0,
    519.0,
    518.0,
    639.0,
    731.0,
    1035.0,
    4615.0
  ],
  "per_class_acc": [
    0.8190000057220459,
    0.8949999809265137,
    0.7450000047683716,
    0.5960000157356262,
    0.7990000247955322,
    0.7929999828338623,
    0.6980000138282776,
    0.800000011920929,
    0.8180000185966492,
    0.8889999985694885
  ]
}