{
  "epoch": 0,
  "train_loss": 1.5445885219232505,
  "train_acc": 0.42878,
  "test_loss": 1.2672138500213623,
  "test_acc": 0.5305,
  "test_ece": 0.06680717319250107,
  "test_entropy": 1.0942460298538208,
  "bin_accuracies": [
    0.0,
    0.0,
    0.0,
    0.19256756756756757,
    0.2556497175141243,
    0.3294010889292196,
    0.3737991266375546,
    0.44947735191637633,
    0.5175023651844843,
    0.5665887850467289,
    0.6194029850746269,
    0.6837349397590361,
    0.6946902654867256,
    0.781591263650546,
    0.9105322763306908
  ],
  "bin_confidences": [
    0.0,
    0.0,
    0.1875099539756775,
    0.24113160371780396,
    0.3029412627220154,
    0.3671261668205261,
    0.43346741795539856,
    0.5004594922065735,
    0.5657346844673157,
    0.6324673891067505,
    0.6979641318321228,
    0.7655692100524902,
    0.8349694013595581,
    0.9026559591293335,
    0.968099057674408
  ],
  "bin_counts": [
    0.0,
    0.0,
    18.0,
    296.0,
    708.0,
    1102.0,
    1145.0,
    1148.0,
    1057.0,
    856.0,
    804.0,
    664.0,
    678.0,
    641.0,
    883.0
  ],
  "per_class_acc": [
    0.7889999747276306,
    0.4440000057220459,
    0.49000000953674316,
    0.4490000009536743,
    0.33000001311302185,
    0.3970000147819519,
    0.6439999938011169,
    0.6909999847412109,
    0.3709999918937683,
    0.699999988079071
  ]
}