{
  "epoch": 28,
  "train_loss": 0.0823150796058309,
  "train_acc": 0.97254,
  "test_loss": 0.34756340250372886,
  "test_acc": 0.8992,
  "test_ece": 0.04862155392765999,
  "test_entropy": 0.13986921310424805,
  "bin_accuracies": [
    0.0,
    0.0,
    0.0,
    0.0,
    0.3076923076923077,
    0.35294117647058826,
    0.34328358208955223,
    0.4444444444444444,
    0.44508670520231214,
    0.544973544973545,
    0.5376344086021505,
    0.5474137931034483,
    0.674074074074074,
    0.7032710280373832,
    0.968503937007874
  ],
  "bin_confidences": [
    0.0,
    0.0,
    0.0,
    0.0,
    0.31476080417633057,
    0.36619916558265686,
    0.43872201442718506,
    0.5023260116577148,
    0.5648483633995056,
    0.6355873346328735,
    0.7021138072013855,
    0.7670068144798279,
    0.8348055481910706,
    0.9019264578819275,
    0.9954635500907898
  ],
  "bin_counts": [
    0.0,
    0.0,
    0.0,
    0.0,
    13.0,
    34.0,
    67.0,
    153.0,
    173.0,
    189.0,
    186.0,
    232.0,
    270.0,
    428.0,
    8255.0
  ],
  "per_class_acc": [
    0.9110000133514404,
    0.9660000205039978,
    0.8640000224113464,
    0.6850000023841858,
    0.8740000128746033,
    0.9269999861717224,
    0.9520000219345093,
    0.9020000100135803,
    0.9470000267028809,
    0.9639999866485596
  ]
}