{
  "epoch": 36,
  "train_loss": 0.03092925639375282,
  "train_acc": 0.9913,
  "test_loss": 0.3029733779281378,
  "test_acc": 0.9142,
  "test_ece": 0.04722869396209717,
  "test_entropy": 0.10346954315900803,
  "bin_accuracies": [
    0.0,
    0.0,
    0.0,
    0.0,
    0.1111111111111111,
    0.23809523809523808,
    0.2857142857142857,
    0.37254901960784315,
    0.448,
    0.4846153846153846,
    0.5032679738562091,
    0.5130890052356021,
    0.6164383561643836,
    0.7210031347962382,
    0.9695192086496435
  ],
  "bin_confidences": [
    0.0,
    0.0,
    0.0,
    0.2559490203857422,
    0.3218309283256531,
    0.37476420402526855,
    0.4354507029056549,
    0.505418598651886,
    0.5623263120651245,
    0.6331053376197815,
    0.6982817053794861,
    0.7655569314956665,
    0.8353644013404846,
    0.9015992879867554,
    0.9960817098617554
  ],
  "bin_counts": [
    0.0,
    0.0,
    0.0,
    2.0,
    9.0,
    21.0,
    35.0,
    102.0,
    125.0,
    130.0,
    153.0,
    191.0,
    219.0,
    319.0,
    8694.0
  ],
  "per_class_acc": [
    0.9190000295639038,
    0.9710000157356262,
    0.9079999923706055,
    0.8299999833106995,
    0.9160000085830688,
    0.8529999852180481,
    0.9210000038146973,
    0.9290000200271606,
    0.949999988079071,
    0.9449999928474426
  ]
}