{
  "epoch": 9,
  "train_loss": 0.3925587631704862,
  "train_acc": 0.86264,
  "test_loss": 0.4654653795063496,
  "test_acc": 0.8432,
  "test_ece": 0.040259119123220444,
  "test_entropy": 0.3256820738315582,
  "bin_accuracies": [
    0.0,
    0.0,
    0.0,
    0.2,
    0.32653061224489793,
    0.2421875,
    0.29842931937172773,
    0.45272206303724927,
    0.5082872928176796,
    0.539906103286385,
    0.6464646464646465,
    0.6736111111111112,
    0.7311233885819521,
    0.8294478527607362,
    0.9733460257020466
  ],
  "bin_confidences": [
    0.0,
    0.0,
    0.19365142285823822,
    0.24943658709526062,
    0.31089311838150024,
    0.37102049589157104,
    0.4337684214115143,
    0.5012898445129395,
    0.5654016733169556,
    0.6326808333396912,
    0.6983799934387207,
    0.7676309943199158,
    0.8360634446144104,
    0.9027687311172485,
    0.9898397326469421
  ],
  "bin_counts": [
    0.0,
    0.0,
    1.0,
    5.0,
    49.0,
    128.0,
    191.0,
    349.0,
    362.0,
    426.0,
    396.0,
    432.0,
    543.0,
    815.0,
    6303.0
  ],
  "per_class_acc": [
    0.8100000023841858,
    0.9139999747276306,
    0.8460000157356262,
    0.6840000152587891,
    0.8159999847412109,
    0.8050000071525574,
    0.8220000267028809,
    0.9160000085830688,
    0.8730000257492065,
    0.9459999799728394
  ]
}