{
  "epoch": 17,
  "train_loss": 0.23700220659946847,
  "train_acc": 0.91584,
  "test_loss": 0.38435308560729026,
  "test_acc": 0.878,
  "test_ece": 0.03739238157868385,
  "test_entropy": 0.23919379711151123,
  "bin_accuracies": [
    0.0,
    0.0,
    0.0,
    1.0,
    0.21739130434782608,
    0.3142857142857143,
    0.37410071942446044,
    0.49019607843137253,
    0.48056537102473496,
    0.5503597122302158,
    0.5979381443298969,
    0.6951566951566952,
    0.7425968109339408,
    0.805993690851735,
    0.9716576800774229
  ],
  "bin_confidences": [
    0.0,
    0.0,
    0.0,
    0.25938403606414795,
    0.314759761095047,
    0.36784204840660095,
    0.43521320819854736,
    0.5024985074996948,
    0.5666830539703369,
    0.6346023082733154,
    0.6990121603012085,
    0.7679879069328308,
    0.8349175453186035,
    0.902462363243103,
    0.9922347664833069
  ],
  "bin_counts": [
    0.0,
    0.0,
    0.0,
    4.0,
    23.0,
    70.0,
    139.0,
    255.0,
    283.0,
    278.0,
    291.0,
    351.0,
    439.0,
    634.0,
    7233.0
  ],
  "per_class_acc": [
    0.8799999952316284,
    0.9610000252723694,
    0.8519999980926514,
    0.7039999961853027,
    0.902999997138977,
    0.8410000205039978,
    0.9139999747276306,
    0.8960000276565552,
    0.9409999847412109,
    0.8880000114440918
  ]
}