{
  "epoch": 23,
  "train_loss": 0.17535346342474603,
  "train_acc": 0.93844,
  "test_loss": 0.40446383237838746,
  "test_acc": 0.8724,
  "test_ece": 0.054994136095047,
  "test_entropy": 0.19747303426265717,
  "bin_accuracies": [
    0.0,
    0.0,
    0.0,
    0.0,
    0.3333333333333333,
    0.2222222222222222,
    0.32653061224489793,
    0.42788461538461536,
    0.4330357142857143,
    0.5606060606060606,
    0.5867158671586716,
    0.6134969325153374,
    0.6426799007444168,
    0.7456828885400314,
    0.9655126498002663
  ],
  "bin_confidences": [
    0.0,
    0.0,
    0.0,
    0.25421130657196045,
    0.31272682547569275,
    0.3747090995311737,
    0.4342822730541229,
    0.5048820972442627,
    0.5677951574325562,
    0.6336523294448853,
    0.701884388923645,
    0.7686857581138611,
    0.8347473740577698,
    0.9039609432220459,
    0.9929684996604919
  ],
  "bin_counts": [
    0.0,
    0.0,
    0.0,
    2.0,
    12.0,
    45.0,
    98.0,
    208.0,
    224.0,
    264.0,
    271.0,
    326.0,
    403.0,
    637.0,
    7510.0
  ],
  "per_class_acc": [
    0.9229999780654907,
    0.9819999933242798,
    0.8080000281333923,
    0.8939999938011169,
    0.9049999713897705,
    0.6940000057220459,
    0.8939999938011169,
    0.8659999966621399,
    0.847000002861023,
    0.9110000133514404
  ]
}