{
  "epoch": 21,
  "train_loss": 0.19301646553418217,
  "train_acc": 0.93286,
  "test_loss": 0.42192524671554565,
  "test_acc": 0.8723,
  "test_ece": 0.05270452797412872,
  "test_entropy": 0.20514041185379028,
  "bin_accuracies": [
    0.0,
    0.0,
    0.0,
    0.5,
    0.2,
    0.22388059701492538,
    0.4329896907216495,
    0.4247787610619469,
    0.5168539325842697,
    0.5054545454545455,
    0.5555555555555556,
    0.6019736842105263,
    0.7,
    0.7533783783783784,
    0.9637931034482758
  ],
  "bin_confidences": [
    0.0,
    0.0,
    0.0,
    0.2521846294403076,
    0.30701744556427,
    0.3709619343280792,
    0.43884018063545227,
    0.5027032494544983,
    0.5651717185974121,
    0.6343726515769958,
    0.7017638087272644,
    0.7673888802528381,
    0.8360750675201416,
    0.9035394787788391,
    0.9934536218643188
  ],
  "bin_counts": [
    0.0,
    0.0,
    0.0,
    2.0,
    25.0,
    67.0,
    97.0,
    226.0,
    267.0,
    275.0,
    225.0,
    304.0,
    380.0,
    592.0,
    7540.0
  ],
  "per_class_acc": [
    0.9430000185966492,
    0.972000002861023,
    0.8259999752044678,
    0.75,
    0.9110000133514404,
    0.7120000123977661,
    0.8960000276565552,
    0.9449999928474426,
    0.8569999933242798,
    0.9110000133514404
  ]
}