{
  "epoch": 46,
  "train_loss": 0.01455249898064205,
  "train_acc": 0.99688,
  "test_loss": 0.29681096944957974,
  "test_acc": 0.9217,
  "test_ece": 0.0451255701482296,
  "test_entropy": 0.09127189218997955,
  "bin_accuracies": [
    0.0,
    0.0,
    0.0,
    0.0,
    0.5,
    0.5,
    0.27586206896551724,
    0.37349397590361444,
    0.496,
    0.453781512605042,
    0.5074626865671642,
    0.5833333333333334,
    0.6073298429319371,
    0.64576802507837,
    0.9712246516370228
  ],
  "bin_confidences": [
    0.0,
    0.0,
    0.0,
    0.2622824013233185,
    0.2901565432548523,
    0.36904430389404297,
    0.4419320523738861,
    0.5059295296669006,
    0.5651457905769348,
    0.6317797303199768,
    0.7005748748779297,
    0.7632002234458923,
    0.8359145522117615,
    0.9023383259773254,
    0.9965565204620361
  ],
  "bin_counts": [
    0.0,
    0.0,
    0.0,
    1.0,
    2.0,
    14.0,
    29.0,
    83.0,
    125.0,
    119.0,
    134.0,
    156.0,
    191.0,
    319.0,
    8827.0
  ],
  "per_class_acc": [
    0.9309999942779541,
    0.9649999737739563,
    0.8880000114440918,
    0.8519999980926514,
    0.9279999732971191,
    0.8659999966621399,
    0.9380000233650208,
    0.9459999799728394,
    0.9539999961853027,
    0.9490000009536743
  ]
}