{
  "epoch": 27,
  "train_loss": 0.08563755641279318,
  "train_acc": 0.97062,
  "test_loss": 0.326520277261734,
  "test_acc": 0.9021,
  "test_ece": 0.046149756759405136,
  "test_entropy": 0.14027076959609985,
  "bin_accuracies": [
    0.0,
    0.0,
    0.0,
    1.0,
    0.16666666666666666,
    0.2857142857142857,
    0.36538461538461536,
    0.40145985401459855,
    0.45549738219895286,
    0.4860335195530726,
    0.535,
    0.6141732283464567,
    0.6877192982456141,
    0.7542168674698795,
    0.9689471130519165
  ],
  "bin_confidences": [
    0.0,
    0.0,
    0.0,
    0.25341951847076416,
    0.31483742594718933,
    0.3712952136993408,
    0.4366337060928345,
    0.5060753226280212,
    0.566827654838562,
    0.6323498487472534,
    0.6985768675804138,
    0.7666944265365601,
    0.8360142707824707,
    0.9032179713249207,
    0.9950274229049683
  ],
  "bin_counts": [
    0.0,
    0.0,
    0.0,
    2.0,
    6.0,
    35.0,
    52.0,
    137.0,
    191.0,
    179.0,
    200.0,
    254.0,
    285.0,
    415.0,
    8244.0
  ],
  "per_class_acc": [
    0.925000011920929,
    0.9490000009536743,
    0.8790000081062317,
    0.7480000257492065,
    0.8989999890327454,
    0.921999990940094,
    0.8840000033378601,
    0.8989999890327454,
    0.9620000123977661,
    0.9539999961853027
  ]
}