{
  "epoch": 16,
  "train_loss": 0.25188457234131406,
  "train_acc": 0.9125,
  "test_loss": 0.4379816308617592,
  "test_acc": 0.8649,
  "test_ece": 0.04005313292145729,
  "test_entropy": 0.26539281010627747,
  "bin_accuracies": [
    0.0,
    0.0,
    0.0,
    0.5714285714285714,
    0.32075471698113206,
    0.36,
    0.41530054644808745,
    0.5,
    0.4984520123839009,
    0.5967741935483871,
    0.5895765472312704,
    0.6166666666666667,
    0.7505827505827506,
    0.807153965785381,
    0.9672691048811726
  ],
  "bin_confidences": [
    0.0,
    0.0,
    0.0,
    0.24013923108577728,
    0.30888134241104126,
    0.3673798441886902,
    0.43599459528923035,
    0.5036180019378662,
    0.5675054788589478,
    0.6330329775810242,
    0.7007986307144165,
    0.7672379612922668,
    0.8357774615287781,
    0.9035031199455261,
    0.9916998147964478
  ],
  "bin_counts": [
    0.0,
    0.0,
    0.0,
    7.0,
    53.0,
    100.0,
    183.0,
    258.0,
    323.0,
    310.0,
    307.0,
    360.0,
    429.0,
    643.0,
    7027.0
  ],
  "per_class_acc": [
    0.8040000200271606,
    0.9440000057220459,
    0.8610000014305115,
    0.6859999895095825,
    0.9380000233650208,
    0.781000018119812,
    0.8410000205039978,
    0.921999990940094,
    0.8999999761581421,
    0.972000002861023
  ]
}