{
  "epoch": 43,
  "train_loss": 0.01656809342486779,
  "train_acc": 0.99626,
  "test_loss": 0.307345363907516,
  "test_acc": 0.9176,
  "test_ece": 0.04704446345567703,
  "test_entropy": 0.0946723148226738,
  "bin_accuracies": [
    0.0,
    0.0,
    0.0,
    0.0,
    0.4,
    0.3076923076923077,
    0.3076923076923077,
    0.40860215053763443,
    0.4307692307692308,
    0.5,
    0.475177304964539,
    0.5471698113207547,
    0.6173469387755102,
    0.7153024911032029,
    0.9670940655849314
  ],
  "bin_confidences": [
    0.0,
    0.0,
    0.0,
    0.0,
    0.30560532212257385,
    0.36608460545539856,
    0.43646734952926636,
    0.5070945024490356,
    0.5686364769935608,
    0.6313304305076599,
    0.699871838092804,
    0.7664849162101746,
    0.8349553346633911,
    0.9030948877334595,
    0.9963688850402832
  ],
  "bin_counts": [
    0.0,
    0.0,
    0.0,
    0.0,
    5.0,
    13.0,
    39.0,
    93.0,
    130.0,
    130.0,
    141.0,
    159.0,
    196.0,
    281.0,
    8813.0
  ],
  "per_class_acc": [
    0.9290000200271606,
    0.9599999785423279,
    0.8939999938011169,
    0.7960000038146973,
    0.9269999861717224,
    0.8989999890327454,
    0.9279999732971191,
    0.9350000023841858,
    0.9570000171661377,
    0.9509999752044678
  ]
}