{
  "epoch": 11,
  "train_loss": 0.34238220427347266,
  "train_acc": 0.88056,
  "test_loss": 0.501903108805418,
  "test_acc": 0.8402,
  "test_ece": 0.0526985228061676,
  "test_entropy": 0.30398422479629517,
  "bin_accuracies": [
    0.0,
    0.0,
    0.0,
    0.16666666666666666,
    0.21739130434782608,
    0.448,
    0.38974358974358975,
    0.4575757575757576,
    0.49731182795698925,
    0.5714285714285714,
    0.577023498694517,
    0.6148325358851675,
    0.7040169133192389,
    0.7994652406417112,
    0.9617137648131268
  ],
  "bin_confidences": [
    0.0,
    0.0,
    0.0,
    0.24233734607696533,
    0.30735206604003906,
    0.36913785338401794,
    0.4350689947605133,
    0.504488468170166,
    0.5658826231956482,
    0.6338016986846924,
    0.7001047730445862,
    0.7688958048820496,
    0.8340571522712708,
    0.903157114982605,
    0.9908816814422607
  ],
  "bin_counts": [
    0.0,
    0.0,
    0.0,
    6.0,
    46.0,
    125.0,
    195.0,
    330.0,
    372.0,
    322.0,
    383.0,
    418.0,
    473.0,
    748.0,
    6582.0
  ],
  "per_class_acc": [
    0.9259999990463257,
    0.8790000081062317,
    0.7960000038146973,
    0.5630000233650208,
    0.8539999723434448,
    0.8610000014305115,
    0.9100000262260437,
    0.7360000014305115,
    0.9599999785423279,
    0.9169999957084656
  ]
}