{
  "epoch": 24,
  "train_loss": 0.11620263383745233,
  "train_acc": 0.96154,
  "test_loss": 0.3060794933885336,
  "test_acc": 0.9074,
  "test_ece": 0.03748176991939545,
  "test_entropy": 0.15068617463111877,
  "bin_accuracies": [
    0.0,
    0.0,
    0.0,
    0.0,
    0.21428571428571427,
    0.4,
    0.2318840579710145,
    0.4409448818897638,
    0.5050505050505051,
    0.5185185185185185,
    0.6398104265402843,
    0.672,
    0.6893203883495146,
    0.7602459016393442,
    0.9743463246176616
  ],
  "bin_confidences": [
    0.0,
    0.0,
    0.0,
    0.2642070949077606,
    0.30777642130851746,
    0.3708510398864746,
    0.434420645236969,
    0.5053537487983704,
    0.5631439685821533,
    0.6342607140541077,
    0.7011150121688843,
    0.7691845893859863,
    0.8360170125961304,
    0.9017716646194458,
    0.9946644306182861
  ],
  "bin_counts": [
    0.0,
    0.0,
    0.0,
    2.0,
    14.0,
    35.0,
    69.0,
    127.0,
    198.0,
    189.0,
    211.0,
    250.0,
    309.0,
    488.0,
    8108.0
  ],
  "per_class_acc": [
    0.9259999990463257,
    0.9750000238418579,
    0.9049999713897705,
    0.7630000114440918,
    0.9169999957084656,
    0.8859999775886536,
    0.8769999742507935,
    0.9380000233650208,
    0.9490000009536743,
    0.9380000233650208
  ]
}