{
  "epoch": 22,
  "train_loss": 0.18845338705936662,
  "train_acc": 0.9333,
  "test_loss": 0.44959680080413816,
  "test_acc": 0.8672,
  "test_ece": 0.050600554794073105,
  "test_entropy": 0.2242489755153656,
  "bin_accuracies": [
    0.0,
    0.0,
    0.0,
    0.0,
    0.28,
    0.2682926829268293,
    0.33035714285714285,
    0.38645418326693226,
    0.5355805243445693,
    0.509090909090909,
    0.5254237288135594,
    0.6198830409356725,
    0.7437810945273632,
    0.7653721682847896,
    0.9673764673764674
  ],
  "bin_confidences": [
    0.0,
    0.0,
    0.0,
    0.2502478063106537,
    0.30607226490974426,
    0.37217679619789124,
    0.4338432848453522,
    0.5033345818519592,
    0.564917802810669,
    0.6364182829856873,
    0.6995857357978821,
    0.7677236795425415,
    0.8346153497695923,
    0.9032171964645386,
    0.9930530190467834
  ],
  "bin_counts": [
    0.0,
    0.0,
    0.0,
    5.0,
    25.0,
    82.0,
    112.0,
    251.0,
    267.0,
    275.0,
    295.0,
    342.0,
    402.0,
    618.0,
    7326.0
  ],
  "per_class_acc": [
    0.8330000042915344,
    0.9359999895095825,
    0.7609999775886536,
    0.746999979019165,
    0.9200000166893005,
    0.8730000257492065,
    0.8230000138282776,
    0.9570000171661377,
    0.9399999976158142,
    0.8820000290870667
  ]
}