{
  "epoch": 30,
  "train_loss": 0.07656508913297025,
  "train_acc": 0.97432,
  "test_loss": 0.3500738959759474,
  "test_acc": 0.902,
  "test_ece": 0.05000906065106392,
  "test_entropy": 0.12977135181427002,
  "bin_accuracies": [
    0.0,
    0.0,
    0.0,
    0.0,
    0.42857142857142855,
    0.37142857142857144,
    0.34615384615384615,
    0.4296875,
    0.5321637426900585,
    0.4624277456647399,
    0.5217391304347826,
    0.6029411764705882,
    0.6291666666666667,
    0.725925925925926,
    0.9649080926235378
  ],
  "bin_confidences": [
    0.0,
    0.0,
    0.0,
    0.0,
    0.30979523062705994,
    0.3705540895462036,
    0.43855947256088257,
    0.5077352523803711,
    0.5639476180076599,
    0.6333625316619873,
    0.7008454203605652,
    0.7679346203804016,
    0.8360633850097656,
    0.9017730355262756,
    0.9956748485565186
  ],
  "bin_counts": [
    0.0,
    0.0,
    0.0,
    0.0,
    7.0,
    35.0,
    52.0,
    128.0,
    171.0,
    173.0,
    207.0,
    204.0,
    240.0,
    405.0,
    8378.0
  ],
  "per_class_acc": [
    0.8980000019073486,
    0.9399999976158142,
    0.8420000076293945,
    0.7450000047683716,
    0.9279999732971191,
    0.8579999804496765,
    0.9440000057220459,
    0.9520000219345093,
    0.9660000205039978,
    0.9470000267028809
  ]
}