{
  "epoch": 14,
  "train_loss": 0.28366509274296137,
  "train_acc": 0.90082,
  "test_loss": 0.4317055115103722,
  "test_acc": 0.8577,
  "test_ece": 0.03845595568418503,
  "test_entropy": 0.28697752952575684,
  "bin_accuracies": [
    0.0,
    0.0,
    0.0,
    0.375,
    0.2727272727272727,
    0.29473684210526313,
    0.3184713375796178,
    0.45364238410596025,
    0.4864864864864865,
    0.5741758241758241,
    0.6025,
    0.6946564885496184,
    0.7449799196787149,
    0.8326474622770919,
    0.9710948030552643
  ],
  "bin_confidences": [
    0.0,
    0.0,
    0.0,
    0.2491302788257599,
    0.3002004325389862,
    0.37188416719436646,
    0.4353450536727905,
    0.5037153363227844,
    0.5660210847854614,
    0.6346018314361572,
    0.7004768252372742,
    0.7676426768302917,
    0.8364887833595276,
    0.9032520055770874,
    0.9902814030647278
  ],
  "bin_counts": [
    0.0,
    0.0,
    0.0,
    8.0,
    44.0,
    95.0,
    157.0,
    302.0,
    333.0,
    364.0,
    400.0,
    393.0,
    498.0,
    729.0,
    6677.0
  ],
  "per_class_acc": [
    0.9359999895095825,
    0.9800000190734863,
    0.7870000004768372,
    0.8500000238418579,
    0.7940000295639038,
    0.699999988079071,
    0.8619999885559082,
    0.906000018119812,
    0.9079999923706055,
    0.8539999723434448
  ]
}