{
  "epoch": 10,
  "train_loss": 0.36033779241697256,
  "train_acc": 0.87536,
  "test_loss": 0.5336208689212799,
  "test_acc": 0.8252,
  "test_ece": 0.0598713755607605,
  "test_entropy": 0.317813515663147,
  "bin_accuracies": [
    0.0,
    0.0,
    0.0,
    0.0,
    0.225,
    0.36363636363636365,
    0.35294117647058826,
    0.4262295081967213,
    0.46648793565683644,
    0.572429906542056,
    0.5825471698113207,
    0.6425438596491229,
    0.6808510638297872,
    0.7645536869340233,
    0.9589493551431267
  ],
  "bin_confidences": [
    0.0,
    0.0,
    0.0,
    0.25031790137290955,
    0.3094574809074402,
    0.37007632851600647,
    0.4366994798183441,
    0.5029550790786743,
    0.5669918060302734,
    0.6333528161048889,
    0.7001147270202637,
    0.7675344944000244,
    0.8352347016334534,
    0.9024009108543396,
    0.9899100065231323
  ],
  "bin_counts": [
    0.0,
    0.0,
    0.0,
    7.0,
    40.0,
    132.0,
    187.0,
    305.0,
    373.0,
    428.0,
    424.0,
    456.0,
    517.0,
    773.0,
    6358.0
  ],
  "per_class_acc": [
    0.8709999918937683,
    0.8989999890327454,
    0.8730000257492065,
    0.5,
    0.7390000224113464,
    0.8899999856948853,
    0.8840000033378601,
    0.7850000262260437,
    0.9240000247955322,
    0.8870000243186951
  ]
}