{
  "epoch": 1,
  "train_loss": 1.0869186881862942,
  "train_acc": 0.60944,
  "test_loss": 0.9759151494503021,
  "test_acc": 0.6563,
  "test_ece": 0.06672410666942596,
  "test_entropy": 0.7680246233940125,
  "bin_accuracies": [
    0.0,
    0.0,
    0.0,
    0.21739130434782608,
    0.25766871165644173,
    0.3202247191011236,
    0.3545706371191136,
    0.3979706877113867,
    0.5376884422110553,
    0.5603112840466926,
    0.6283687943262412,
    0.6700434153400868,
    0.7325268817204301,
    0.8015521064301552,
    0.9415121255349501
  ],
  "bin_confidences": [
    0.0,
    0.0,
    0.1779533177614212,
    0.24330168962478638,
    0.3039691746234894,
    0.36882221698760986,
    0.435210257768631,
    0.5004116892814636,
    0.5666662454605103,
    0.6328971982002258,
    0.7004175782203674,
    0.7674573063850403,
    0.8335366249084473,
    0.9025595784187317,
    0.9808142185211182
  ],
  "bin_counts": [
    0.0,
    0.0,
    3.0,
    115.0,
    326.0,
    534.0,
    722.0,
    887.0,
    796.0,
    771.0,
    705.0,
    691.0,
    744.0,
    902.0,
    2804.0
  ],
  "per_class_acc": [
    0.6460000276565552,
    0.7929999828338623,
    0.5090000033378601,
    0.5329999923706055,
    0.37299999594688416,
    0.42500001192092896,
    0.8230000138282776,
    0.7879999876022339,
    0.8349999785423279,
    0.8379999995231628
  ]
}