{
  "epoch": 33,
  "train_loss": 0.03861018716860229,
  "train_acc": 0.98826,
  "test_loss": 0.30334537118673327,
  "test_acc": 0.9168,
  "test_ece": 0.04272286966443062,
  "test_entropy": 0.11187744140625,
  "bin_accuracies": [
    0.0,
    0.0,
    0.0,
    0.0,
    0.75,
    0.48148148148148145,
    0.3902439024390244,
    0.3898305084745763,
    0.5084745762711864,
    0.5253164556962026,
    0.5189873417721519,
    0.5948717948717949,
    0.6489795918367347,
    0.7506702412868632,
    0.9704542800420414
  ],
  "bin_confidences": [
    0.0,
    0.0,
    0.0,
    0.0,
    0.29838526248931885,
    0.3712324798107147,
    0.43899160623550415,
    0.5057221055030823,
    0.567531406879425,
    0.6302130222320557,
    0.697698712348938,
    0.7674907445907593,
    0.8353139162063599,
    0.9046398401260376,
    0.9959338307380676
  ],
  "bin_counts": [
    0.0,
    0.0,
    0.0,
    0.0,
    4.0,
    27.0,
    41.0,
    118.0,
    118.0,
    158.0,
    158.0,
    195.0,
    245.0,
    373.0,
    8563.0
  ],
  "per_class_acc": [
    0.9340000152587891,
    0.9739999771118164,
    0.8870000243186951,
    0.8759999871253967,
    0.9150000214576721,
    0.8379999995231628,
    0.9210000038146973,
    0.9380000233650208,
    0.9449999928474426,
    0.9399999976158142
  ]
}