{
  "epoch": 2,
  "train_loss": 0.8580218902634232,
  "train_acc": 0.69632,
  "test_loss": 0.890174287557602,
  "test_acc": 0.7064,
  "test_ece": 0.0675535798072815,
  "test_entropy": 0.6317993998527527,
  "bin_accuracies": [
    0.0,
    0.0,
    0.0,
    0.2028985507246377,
    0.25675675675675674,
    0.3433583959899749,
    0.40268456375838924,
    0.43647234678624813,
    0.4804804804804805,
    0.5134228187919463,
    0.596989966555184,
    0.6719653179190751,
    0.7355263157894737,
    0.8095238095238095,
    0.9396597554492291
  ],
  "bin_confidences": [
    0.0,
    0.0,
    0.19104543328285217,
    0.2441224604845047,
    0.3040565848350525,
    0.36719900369644165,
    0.4347498416900635,
    0.5014077425003052,
    0.5667094588279724,
    0.6331246495246887,
    0.7000086307525635,
    0.766791045665741,
    0.8341114521026611,
    0.9027009606361389,
    0.9843788743019104
  ],
  "bin_counts": [
    0.0,
    0.0,
    5.0,
    69.0,
    222.0,
    399.0,
    596.0,
    669.0,
    666.0,
    596.0,
    598.0,
    692.0,
    760.0,
    966.0,
    3762.0
  ],
  "per_class_acc": [
    0.7070000171661377,
    0.8759999871253967,
    0.4749999940395355,
    0.4650000035762787,
    0.6570000052452087,
    0.6850000023841858,
    0.5920000076293945,
    0.8349999785423279,
    0.8690000176429749,
    0.902999997138977
  ]
}