{
  "epoch": 47,
  "train_loss": 0.013144008758122964,
  "train_acc": 0.99752,
  "test_loss": 0.2986009247228503,
  "test_acc": 0.9206,
  "test_ece": 0.0455915629863739,
  "test_entropy": 0.09223143011331558,
  "bin_accuracies": [
    0.0,
    0.0,
    0.0,
    0.0,
    0.2,
    0.4166666666666667,
    0.2647058823529412,
    0.36666666666666664,
    0.47706422018348627,
    0.4715447154471545,
    0.49295774647887325,
    0.5668789808917197,
    0.6377551020408163,
    0.6941896024464832,
    0.9695627484383873
  ],
  "bin_confidences": [
    0.0,
    0.0,
    0.0,
    0.0,
    0.298954576253891,
    0.3696565330028534,
    0.43562594056129456,
    0.5061377882957458,
    0.5647269487380981,
    0.6350539922714233,
    0.7025181651115417,
    0.7675748467445374,
    0.8361326456069946,
    0.9032446146011353,
    0.9966213703155518
  ],
  "bin_counts": [
    0.0,
    0.0,
    0.0,
    0.0,
    5.0,
    12.0,
    34.0,
    90.0,
    109.0,
    123.0,
    142.0,
    157.0,
    196.0,
    327.0,
    8805.0
  ],
  "per_class_acc": [
    0.9309999942779541,
    0.9710000157356262,
    0.8809999823570251,
    0.8230000138282776,
    0.9300000071525574,
    0.8880000114440918,
    0.9390000104904175,
    0.9369999766349792,
    0.9549999833106995,
    0.9509999752044678
  ]
}