{
  "epoch": 40,
  "train_loss": 0.019822528887101832,
  "train_acc": 0.99536,
  "test_loss": 0.2928576989471912,
  "test_acc": 0.921,
  "test_ece": 0.04261991009116173,
  "test_entropy": 0.09670067578554153,
  "bin_accuracies": [
    0.0,
    0.0,
    0.0,
    0.0,
    0.3,
    0.26666666666666666,
    0.4,
    0.464,
    0.49572649572649574,
    0.4830508474576271,
    0.5855263157894737,
    0.5642857142857143,
    0.5803108808290155,
    0.6698412698412698,
    0.9709567198177677
  ],
  "bin_confidences": [
    0.0,
    0.0,
    0.0,
    0.0,
    0.30524784326553345,
    0.3671221435070038,
    0.44159188866615295,
    0.5069965720176697,
    0.5691880583763123,
    0.6330358386039734,
    0.7013914585113525,
    0.7673406600952148,
    0.834635853767395,
    0.9025378823280334,
    0.9963589310646057
  ],
  "bin_counts": [
    0.0,
    0.0,
    0.0,
    0.0,
    10.0,
    15.0,
    35.0,
    125.0,
    117.0,
    118.0,
    152.0,
    140.0,
    193.0,
    315.0,
    8780.0
  ],
  "per_class_acc": [
    0.9399999976158142,
    0.9700000286102295,
    0.8960000276565552,
    0.8410000205039978,
    0.9240000247955322,
    0.875,
    0.9309999942779541,
    0.9409999847412109,
    0.9470000267028809,
    0.9449999928474426
  ]
}