{
  "train_loss": [
    1.6233290693034297,
    1.1689121345120013,
    0.9468990155802969,
    0.8041933573725278,
    0.6991390169733931,
    0.6219791183843637,
    0.562991037393165,
    0.5252435007668517,
    0.4764336803380181,
    0.4541851802326529,
    0.41721794531320977,
    0.39109516524902693,
    0.3710249919263298,
    0.3511185271050924,
    0.33359563621261235,
    0.3187724854177831,
    0.29636487216138474,
    0.28251500639235577,
    0.2687168357431736,
    0.25438995344940657,
    0.24406602024041174,
    0.2310123697418691,
    0.23069381776749326,
    0.21002526123962745,
    0.20705676164544756,
    0.20377185706363615,
    0.1922245825762334,
    0.13313958186017888,
    0.11548446746223875,
    0.11081679730826174,
    0.10460315396070785,
    0.09592296353653264,
    0.0934096870472288,
    0.08936364478086267,
    0.08639592394385191,
    0.08665089913265174,
    0.07993877655290582,
    0.08109920182267723,
    0.07751893878573804,
    0.07392234609598089,
    0.07479920071523513,
    0.04891334578413945,
    0.04309541584633272,
    0.0373367139643244,
    0.03436601792326402,
    0.03257727898809763,
    0.03292216763467244,
    0.030901346000773676,
    0.02924345022953494,
    0.023353982815647597
  ],
  "train_acc": [
    0.40222,
    0.58082,
    0.6674,
    0.72196,
    0.7576,
    0.78512,
    0.80586,
    0.81862,
    0.83536,
    0.84328,
    0.85646,
    0.86652,
    0.87008,
    0.87772,
    0.88318,
    0.89036,
    0.89794,
    0.90256,
    0.90756,
    0.9111,
    0.91554,
    0.92008,
    0.92,
    0.92762,
    0.92824,
    0.92908,
    0.93218,
    0.95502,
    0.96044,
    0.96244,
    0.96488,
    0.96814,
    0.96834,
    0.96928,
    0.97152,
    0.97094,
    0.97338,
    0.9726,
    0.97354,
    0.97502,
    0.97472,
    0.98524,
    0.98664,
    0.98848,
    0.98974,
    0.99098,
    0.99016,
    0.99132,
    0.9918,
    0.99368
  ],
  "test_loss": [
    1.2675811243057251,
    1.1936392927169799,
    0.8175499248504638,
    0.7735652926564217,
    0.7751856315135955,
    0.6218444469571114,
    0.5740768495202064,
    0.593479867875576,
    0.4691895237565041,
    0.4997707870602608,
    0.47020075261592864,
    0.4557761347293854,
    0.4838495874404907,
    0.47270416766405104,
    0.41625241190195084,
    0.41000892043113707,
    0.38937309831380845,
    0.44184971585869787,
    0.3843990683555603,
    0.3870594647526741,
    0.34289792940020564,
    0.3755129924416542,
    0.34442235238850116,
    0.37541036114096643,
    0.3677735784649849,
    0.4541812779009342,
    0.36002641715109346,
    0.28607075311243535,
    0.2865967047214508,
    0.30035670526325703,
    0.28794707730412483,
    0.2849195035547018,
    0.29538308463990687,
    0.2942578560858965,
    0.2759883810952306,
    0.2932597966492176,
    0.2866405475884676,
    0.30692393191158773,
    0.30689547739923,
    0.3335514628887177,
    0.3010557843744755,
    0.26766158170998094,
    0.26654777459800244,
    0.2775306560844183,
    0.27360480844974516,
    0.2861190116405487,
    0.2807269613444805,
    0.28561122201383116,
    0.30578785538673403,
    0.2656290728598833
  ],
  "test_acc": [
    0.5429,
    0.595,
    0.7135,
    0.7422,
    0.7397,
    0.7857,
    0.8108,
    0.8002,
    0.8421,
    0.8334,
    0.8459,
    0.8504,
    0.8415,
    0.8457,
    0.8612,
    0.8666,
    0.8737,
    0.8597,
    0.8741,
    0.8738,
    0.8896,
    0.8789,
    0.8882,
    0.8783,
    0.885,
    0.8583,
    0.8878,
    0.9114,
    0.9097,
    0.9085,
    0.9114,
    0.9152,
    0.9096,
    0.9104,
    0.9188,
    0.9131,
    0.9144,
    0.9138,
    0.9121,
    0.9071,
    0.9142,
    0.9233,
    0.9225,
    0.9226,
    0.9235,
    0.9218,
    0.9227,
    0.9222,
    0.9193,
    0.9273
  ],
  "test_ece": [
    0.044449031352996826,
    0.11913520097732544,
    0.03417828306555748,
    0.04460049048066139,
    0.07010529190301895,
    0.03920387476682663,
    0.03317337855696678,
    0.04690295830368996,
    0.028551608324050903,
    0.0369863398373127,
    0.029436545446515083,
    0.044216059148311615,
    0.04045138880610466,
    0.03826596960425377,
    0.03566613793373108,
    0.03698917105793953,
    0.030660444870591164,
    0.04506257548928261,
    0.03864829242229462,
    0.0386335626244545,
    0.035750165581703186,
    0.03465142846107483,
    0.03171857073903084,
    0.03532739356160164,
    0.03747832402586937,
    0.06262917071580887,
    0.04035167768597603,
    0.03181833028793335,
    0.031080931425094604,
    0.037022918462753296,
    0.03282541409134865,
    0.03452892601490021,
    0.03601403906941414,
    0.039305996149778366,
    0.03218851238489151,
    0.036628514528274536,
    0.0372132882475853,
    0.038693953305482864,
    0.03792525827884674,
    0.042851805686950684,
    0.03962978348135948,
    0.03611372783780098,
    0.03627225011587143,
    0.037353646010160446,
    0.03771600499749184,
    0.038229189813137054,
    0.038986027240753174,
    0.040279585868120193,
    0.04078899696469307,
    0.03689137473702431
  ],
  "test_entropy": [
    1.1188081502914429,
    0.801155149936676,
    0.7061780095100403,
    0.6028785109519958,
    0.5312695503234863,
    0.49652931094169617,
    0.44601118564605713,
    0.4326835572719574,
    0.370925635099411,
    0.3639039397239685,
    0.3479149639606476,
    0.29793089628219604,
    0.33450207114219666,
    0.3212406635284424,
    0.2849175035953522,
    0.273138165473938,
    0.2675288915634155,
    0.26648932695388794,
    0.2429305613040924,
    0.2421094924211502,
    0.21148627996444702,
    0.23927465081214905,
    0.22601328790187836,
    0.24041332304477692,
    0.21359558403491974,
    0.21533092856407166,
    0.19844816625118256,
    0.16216976940631866,
    0.16458578407764435,
    0.14898118376731873,
    0.1529189497232437,
    0.13874581456184387,
    0.14808836579322815,
    0.13968998193740845,
    0.13654987514019012,
    0.13712307810783386,
    0.13481315970420837,
    0.1281701773405075,
    0.13629046082496643,
    0.13544650375843048,
    0.1274935007095337,
    0.11211518198251724,
    0.1129176989197731,
    0.10869841277599335,
    0.10580555349588394,
    0.10829761624336243,
    0.10382220149040222,
    0.10270976275205612,
    0.10791462659835815,
    0.09926862269639969
  ],
  "epoch_time": [
    664.4042329788208,
    660.1345930099487,
    660.1797504425049,
    660.0765776634216,
    660.3649671077728,
    660.0888330936432,
    660.1855483055115,
    660.0911383628845,
    660.1025505065918,
    660.1526167392731,
    660.1335499286652,
    660.0673696994781,
    660.3568246364594,
    660.0564045906067,
    660.181230545044,
    660.2422697544098,
    659.993173122406,
    660.0275223255157,
    659.8125998973846,
    660.2182629108429,
    660.1132462024689,
    660.1606569290161,
    660.1782302856445,
    660.1151368618011,
    660.0696737766266,
    660.1146414279938,
    660.0344853401184,
    660.2165360450745,
    660.1718242168427,
    660.0962147712708,
    659.9374113082886,
    659.8737246990204,
    660.0095434188843,
    659.9021940231323,
    660.2005038261414,
    660.1699368953705,
    660.0947346687317,
    660.0700063705444,
    660.0904250144958,
    659.9871187210083,
    660.1706337928772,
    660.0573740005493,
    660.0095179080963,
    660.0691683292389,
    660.1438188552856,
    660.181316614151,
    659.9192035198212,
    659.9992778301239,
    660.0232346057892,
    660.1541593074799
  ]
}