{
  "epoch": 45,
  "train_loss": 0.03257727898809763,
  "train_acc": 0.99098,
  "test_loss": 0.2861190116405487,
  "test_acc": 0.9218,
  "test_ece": 0.038229189813137054,
  "test_entropy": 0.10829761624336243,
  "bin_accuracies": [
    0.0,
    0.0,
    0.0,
    0.0,
    0.36363636363636365,
    0.3181818181818182,
    0.375,
    0.46601941747572817,
    0.5422535211267606,
    0.5652173913043478,
    0.5271317829457365,
    0.575,
    0.630901287553648,
    0.7472527472527473,
    0.9732173913043478
  ],
  "bin_confidences": [
    0.0,
    0.0,
    0.0,
    0.0,
    0.3086533844470978,
    0.3682359755039215,
    0.4392823278903961,
    0.5033308863639832,
    0.5676834583282471,
    0.6339755654335022,
    0.6993452906608582,
    0.7676385641098022,
    0.8326289057731628,
    0.905415952205658,
    0.9959658980369568
  ],
  "bin_counts": [
    0.0,
    0.0,
    0.0,
    0.0,
    11.0,
    22.0,
    56.0,
    103.0,
    142.0,
    115.0,
    129.0,
    200.0,
    233.0,
    364.0,
    8625.0
  ],
  "per_class_acc": [
    0.9200000166893005,
    0.984000027179718,
    0.8949999809265137,
    0.7929999828338623,
    0.949999988079071,
    0.9110000133514404,
    0.9210000038146973,
    0.9380000233650208,
    0.949999988079071,
    0.9559999704360962
  ]
}