{
  "epoch": 40,
  "train_loss": 0.07479920071523513,
  "train_acc": 0.97472,
  "test_loss": 0.3010557843744755,
  "test_acc": 0.9142,
  "test_ece": 0.03962978348135948,
  "test_entropy": 0.1274935007095337,
  "bin_accuracies": [
    0.0,
    0.0,
    0.0,
    0.0,
    0.0,
    0.44,
    0.34,
    0.44696969696969696,
    0.48344370860927155,
    0.5202312138728323,
    0.4742857142857143,
    0.6052631578947368,
    0.7192982456140351,
    0.7494033412887828,
    0.9737939249553306
  ],
  "bin_confidences": [
    0.0,
    0.0,
    0.0,
    0.0,
    0.29682907462120056,
    0.3712487816810608,
    0.4349882900714874,
    0.5045868158340454,
    0.562962532043457,
    0.6356269717216492,
    0.6998128890991211,
    0.7677226662635803,
    0.8361173868179321,
    0.9045045971870422,
    0.9952423572540283
  ],
  "bin_counts": [
    0.0,
    0.0,
    0.0,
    0.0,
    5.0,
    25.0,
    50.0,
    132.0,
    151.0,
    173.0,
    175.0,
    190.0,
    285.0,
    419.0,
    8395.0
  ],
  "per_class_acc": [
    0.9459999799728394,
    0.9480000138282776,
    0.875,
    0.7979999780654907,
    0.9459999799728394,
    0.8560000061988831,
    0.949999988079071,
    0.9319999814033508,
    0.9300000071525574,
    0.9610000252723694
  ]
}