{
  "epoch": 5,
  "train_loss": 0.6219791183843637,
  "train_acc": 0.78512,
  "test_loss": 0.6218444469571114,
  "test_acc": 0.7857,
  "test_ece": 0.03920387476682663,
  "test_entropy": 0.49652931094169617,
  "bin_accuracies": [
    0.0,
    0.0,
    0.0,
    0.21739130434782608,
    0.2692307692307692,
    0.29365079365079366,
    0.42036553524804177,
    0.4407766990291262,
    0.5008912655971479,
    0.5828571428571429,
    0.652014652014652,
    0.7010135135135135,
    0.7746268656716417,
    0.8340292275574113,
    0.9657378740970072
  ],
  "bin_confidences": [
    0.0,
    0.0,
    0.0,
    0.2348969280719757,
    0.3058413565158844,
    0.36988765001296997,
    0.4353616237640381,
    0.5012333989143372,
    0.5663473010063171,
    0.6327586770057678,
    0.7003500461578369,
    0.767660915851593,
    0.834474503993988,
    0.901776134967804,
    0.9857601523399353
  ],
  "bin_counts": [
    0.0,
    0.0,
    0.0,
    23.0,
    130.0,
    252.0,
    383.0,
    515.0,
    561.0,
    525.0,
    546.0,
    592.0,
    670.0,
    958.0,
    4845.0
  ],
  "per_class_acc": [
    0.7450000047683716,
    0.8379999995231628,
    0.6240000128746033,
    0.5730000138282776,
    0.7590000033378601,
    0.6970000267028809,
    0.9409999847412109,
    0.906000018119812,
    0.8840000033378601,
    0.8899999856948853
  ]
}