{
  "epoch": 37,
  "train_loss": 0.08109920182267723,
  "train_acc": 0.9726,
  "test_loss": 0.30692393191158773,
  "test_acc": 0.9138,
  "test_ece": 0.038693953305482864,
  "test_entropy": 0.1281701773405075,
  "bin_accuracies": [
    0.0,
    0.0,
    0.0,
    0.0,
    0.2,
    0.27586206896551724,
    0.3508771929824561,
    0.4788732394366197,
    0.5111111111111111,
    0.5222929936305732,
    0.5480225988700564,
    0.6170212765957447,
    0.7119341563786008,
    0.7586206896551724,
    0.9712418300653595
  ],
  "bin_confidences": [
    0.0,
    0.0,
    0.0,
    0.22692950069904327,
    0.31423842906951904,
    0.3732440173625946,
    0.4336586892604828,
    0.506878674030304,
    0.5681442022323608,
    0.6338684558868408,
    0.7005752325057983,
    0.7659530639648438,
    0.8338450789451599,
    0.9044064879417419,
    0.995357871055603
  ],
  "bin_counts": [
    0.0,
    0.0,
    0.0,
    1.0,
    5.0,
    29.0,
    57.0,
    142.0,
    180.0,
    157.0,
    177.0,
    188.0,
    243.0,
    406.0,
    8415.0
  ],
  "per_class_acc": [
    0.9470000267028809,
    0.9779999852180481,
    0.8949999809265137,
    0.8190000057220459,
    0.8949999809265137,
    0.8399999737739563,
    0.9290000200271606,
    0.953000009059906,
    0.9449999928474426,
    0.9369999766349792
  ]
}