{
  "epoch": 13,
  "train_loss": 0.3511185271050924,
  "train_acc": 0.87772,
  "test_loss": 0.47270416766405104,
  "test_acc": 0.8457,
  "test_ece": 0.03826596960425377,
  "test_entropy": 0.3212406635284424,
  "bin_accuracies": [
    0.0,
    0.0,
    0.0,
    0.3333333333333333,
    0.2571428571428571,
    0.35185185185185186,
    0.34134615384615385,
    0.4606413994169096,
    0.518324607329843,
    0.609375,
    0.6479217603911981,
    0.6918103448275862,
    0.745674740484429,
    0.8141176470588235,
    0.968409236690186
  ],
  "bin_confidences": [
    0.0,
    0.0,
    0.0,
    0.25084394216537476,
    0.3056957423686981,
    0.36951595544815063,
    0.4337887465953827,
    0.5024850368499756,
    0.5669088959693909,
    0.6334228515625,
    0.6997633576393127,
    0.7681529521942139,
    0.8346342444419861,
    0.9032714366912842,
    0.9898276925086975
  ],
  "bin_counts": [
    0.0,
    0.0,
    0.0,
    3.0,
    35.0,
    108.0,
    208.0,
    343.0,
    382.0,
    384.0,
    409.0,
    464.0,
    578.0,
    850.0,
    6236.0
  ],
  "per_class_acc": [
    0.7940000295639038,
    0.7940000295639038,
    0.7390000224113464,
    0.7739999890327454,
    0.8270000219345093,
    0.8149999976158142,
    0.9390000104904175,
    0.890999972820282,
    0.9039999842643738,
    0.9800000190734863
  ]
}