{
  "epoch": 47,
  "train_loss": 0.030901346000773676,
  "train_acc": 0.99132,
  "test_loss": 0.28561122201383116,
  "test_acc": 0.9222,
  "test_ece": 0.040279585868120193,
  "test_entropy": 0.10270976275205612,
  "bin_accuracies": [
    0.0,
    0.0,
    0.0,
    0.0,
    0.75,
    0.36363636363636365,
    0.2894736842105263,
    0.4044943820224719,
    0.4503311258278146,
    0.5,
    0.5637583892617449,
    0.5988023952095808,
    0.631578947368421,
    0.713091922005571,
    0.9746192893401016
  ],
  "bin_confidences": [
    0.0,
    0.0,
    0.0,
    0.0,
    0.3084676265716553,
    0.37280237674713135,
    0.4388253092765808,
    0.5065025091171265,
    0.5641835927963257,
    0.6346730589866638,
    0.7018942832946777,
    0.7663030624389648,
    0.8362167477607727,
    0.9031351804733276,
    0.9962077736854553
  ],
  "bin_counts": [
    0.0,
    0.0,
    0.0,
    0.0,
    4.0,
    11.0,
    38.0,
    89.0,
    151.0,
    136.0,
    149.0,
    167.0,
    228.0,
    359.0,
    8668.0
  ],
  "per_class_acc": [
    0.9380000233650208,
    0.9649999737739563,
    0.890999972820282,
    0.7860000133514404,
    0.9319999814033508,
    0.9070000052452087,
    0.9559999704360962,
    0.9430000185966492,
    0.9480000138282776,
    0.9559999704360962
  ]
}