{
  "epoch": 30,
  "train_loss": 0.10460315396070785,
  "train_acc": 0.96488,
  "test_loss": 0.28794707730412483,
  "test_acc": 0.9114,
  "test_ece": 0.03282541409134865,
  "test_entropy": 0.1529189497232437,
  "bin_accuracies": [
    0.0,
    0.0,
    0.0,
    0.0,
    0.08333333333333333,
    0.35294117647058826,
    0.40540540540540543,
    0.47651006711409394,
    0.521978021978022,
    0.49230769230769234,
    0.6059113300492611,
    0.65,
    0.6869300911854104,
    0.801255230125523,
    0.9774185587364265
  ],
  "bin_confidences": [
    0.0,
    0.0,
    0.0,
    0.0,
    0.3187224566936493,
    0.3770664632320404,
    0.4389694929122925,
    0.5051122903823853,
    0.5655418634414673,
    0.6363525390625,
    0.6983497738838196,
    0.7682287693023682,
    0.8347948789596558,
    0.9020525217056274,
    0.9944235682487488
  ],
  "bin_counts": [
    0.0,
    0.0,
    0.0,
    0.0,
    12.0,
    34.0,
    74.0,
    149.0,
    182.0,
    195.0,
    203.0,
    240.0,
    329.0,
    478.0,
    8104.0
  ],
  "per_class_acc": [
    0.9419999718666077,
    0.9710000157356262,
    0.8579999804496765,
    0.8259999752044678,
    0.9229999780654907,
    0.8370000123977661,
    0.9070000052452087,
    0.9629999995231628,
    0.9520000219345093,
    0.9350000023841858
  ]
}