{
  "epoch": 35,
  "train_loss": 0.08665089913265174,
  "train_acc": 0.97094,
  "test_loss": 0.2932597966492176,
  "test_acc": 0.9131,
  "test_ece": 0.036628514528274536,
  "test_entropy": 0.13712307810783386,
  "bin_accuracies": [
    0.0,
    0.0,
    0.0,
    0.0,
    0.16666666666666666,
    0.18518518518518517,
    0.27419354838709675,
    0.42028985507246375,
    0.5089820359281437,
    0.6104651162790697,
    0.6018957345971564,
    0.6261261261261262,
    0.6804511278195489,
    0.7713004484304933,
    0.9742815744989133
  ],
  "bin_confidences": [
    0.0,
    0.0,
    0.0,
    0.2607121765613556,
    0.307116836309433,
    0.3737236559391022,
    0.43403881788253784,
    0.5054721832275391,
    0.5665256977081299,
    0.6331818699836731,
    0.6992231011390686,
    0.764936625957489,
    0.833021342754364,
    0.901293158531189,
    0.9954019784927368
  ],
  "bin_counts": [
    0.0,
    0.0,
    0.0,
    1.0,
    6.0,
    27.0,
    62.0,
    138.0,
    167.0,
    172.0,
    211.0,
    222.0,
    266.0,
    446.0,
    8282.0
  ],
  "per_class_acc": [
    0.9269999861717224,
    0.9760000109672546,
    0.8709999918937683,
    0.7919999957084656,
    0.9279999732971191,
    0.8410000205039978,
    0.949999988079071,
    0.9549999833106995,
    0.9570000171661377,
    0.9340000152587891
  ]
}