{
  "epoch": 10,
  "train_loss": 0.41721794531320977,
  "train_acc": 0.85646,
  "test_loss": 0.47020075261592864,
  "test_acc": 0.8459,
  "test_ece": 0.029436545446515083,
  "test_entropy": 0.3479149639606476,
  "bin_accuracies": [
    0.0,
    0.0,
    0.0,
    0.5,
    0.3191489361702128,
    0.34177215189873417,
    0.40358744394618834,
    0.4958904109589041,
    0.5184275184275184,
    0.5681233933161953,
    0.6629955947136564,
    0.7114093959731543,
    0.7698961937716263,
    0.8462469733656174,
    0.970814887686506
  ],
  "bin_confidences": [
    0.0,
    0.0,
    0.18460582196712494,
    0.24847610294818878,
    0.3063785135746002,
    0.3707529306411743,
    0.4367506802082062,
    0.5018121600151062,
    0.5681818127632141,
    0.6329507827758789,
    0.7010985612869263,
    0.7669332027435303,
    0.8330159187316895,
    0.9042700529098511,
    0.9881799221038818
  ],
  "bin_counts": [
    0.0,
    0.0,
    1.0,
    6.0,
    47.0,
    158.0,
    223.0,
    365.0,
    407.0,
    389.0,
    454.0,
    447.0,
    578.0,
    826.0,
    6099.0
  ],
  "per_class_acc": [
    0.9330000281333923,
    0.9399999976158142,
    0.8190000057220459,
    0.7229999899864197,
    0.8429999947547913,
    0.8019999861717224,
    0.8299999833106995,
    0.8730000257492065,
    0.8399999737739563,
    0.8560000061988831
  ]
}