{
  "epoch": 32,
  "train_loss": 0.0934096870472288,
  "train_acc": 0.96834,
  "test_loss": 0.29538308463990687,
  "test_acc": 0.9096,
  "test_ece": 0.03601403906941414,
  "test_entropy": 0.14808836579322815,
  "bin_accuracies": [
    0.0,
    0.0,
    0.0,
    0.0,
    0.125,
    0.27586206896551724,
    0.38961038961038963,
    0.4909090909090909,
    0.46107784431137727,
    0.49746192893401014,
    0.5625,
    0.638095238095238,
    0.7175324675324676,
    0.7880794701986755,
    0.9748104671068721
  ],
  "bin_confidences": [
    0.0,
    0.0,
    0.0,
    0.0,
    0.30586057901382446,
    0.3749120831489563,
    0.4374188482761383,
    0.5047258734703064,
    0.5671665668487549,
    0.6353045105934143,
    0.6994910836219788,
    0.7686893939971924,
    0.8344138264656067,
    0.9038366675376892,
    0.9944429397583008
  ],
  "bin_counts": [
    0.0,
    0.0,
    0.0,
    0.0,
    8.0,
    29.0,
    77.0,
    165.0,
    167.0,
    197.0,
    208.0,
    210.0,
    308.0,
    453.0,
    8178.0
  ],
  "per_class_acc": [
    0.9290000200271606,
    0.9729999899864197,
    0.8410000205039978,
    0.8109999895095825,
    0.9150000214576721,
    0.8849999904632568,
    0.9319999814033508,
    0.9319999814033508,
    0.9319999814033508,
    0.9459999799728394
  ]
}