{
  "epoch": 29,
  "train_loss": 0.11081679730826174,
  "train_acc": 0.96244,
  "test_loss": 0.30035670526325703,
  "test_acc": 0.9085,
  "test_ece": 0.037022918462753296,
  "test_entropy": 0.14898118376731873,
  "bin_accuracies": [
    0.0,
    0.0,
    0.0,
    0.0,
    0.45454545454545453,
    0.25806451612903225,
    0.3181818181818182,
    0.4166666666666667,
    0.4915254237288136,
    0.6060606060606061,
    0.5674418604651162,
    0.65748031496063,
    0.6701388888888888,
    0.7869955156950673,
    0.974252084355076
  ],
  "bin_confidences": [
    0.0,
    0.0,
    0.0,
    0.24864688515663147,
    0.30963170528411865,
    0.3747936487197876,
    0.43117040395736694,
    0.5048365592956543,
    0.5670946836471558,
    0.6355985403060913,
    0.698045015335083,
    0.7699185609817505,
    0.834965705871582,
    0.905068039894104,
    0.9947559833526611
  ],
  "bin_counts": [
    0.0,
    0.0,
    0.0,
    2.0,
    11.0,
    31.0,
    66.0,
    156.0,
    177.0,
    198.0,
    215.0,
    254.0,
    288.0,
    446.0,
    8156.0
  ],
  "per_class_acc": [
    0.8960000276565552,
    0.9649999737739563,
    0.9049999713897705,
    0.6869999766349792,
    0.9070000052452087,
    0.9210000038146973,
    0.9380000233650208,
    0.9509999752044678,
    0.9549999833106995,
    0.9599999785423279
  ]
}