{
  "epoch": 7,
  "train_loss": 0.5252435007668517,
  "train_acc": 0.81862,
  "test_loss": 0.593479867875576,
  "test_acc": 0.8002,
  "test_ece": 0.04690295830368996,
  "test_entropy": 0.4326835572719574,
  "bin_accuracies": [
    0.0,
    0.0,
    0.0,
    0.06666666666666667,
    0.25287356321839083,
    0.3577586206896552,
    0.42996742671009774,
    0.45689655172413796,
    0.4884210526315789,
    0.5395033860045146,
    0.614,
    0.68,
    0.7413010590015129,
    0.8159371492704826,
    0.9629629629629629
  ],
  "bin_confidences": [
    0.0,
    0.0,
    0.0,
    0.24932576715946198,
    0.30769211053848267,
    0.37050366401672363,
    0.4349024295806885,
    0.5008265972137451,
    0.5676852464675903,
    0.6333757042884827,
    0.6994016170501709,
    0.7666397094726562,
    0.83468097448349,
    0.9029519557952881,
    0.9870328903198242
  ],
  "bin_counts": [
    0.0,
    0.0,
    0.0,
    15.0,
    87.0,
    232.0,
    307.0,
    464.0,
    475.0,
    443.0,
    500.0,
    525.0,
    661.0,
    891.0,
    5400.0
  ],
  "per_class_acc": [
    0.9150000214576721,
    0.8159999847412109,
    0.7239999771118164,
    0.5830000042915344,
    0.7540000081062317,
    0.6359999775886536,
    0.8019999861717224,
    0.9309999942779541,
    0.8849999904632568,
    0.9559999704360962
  ]
}