{
  "epoch": 2,
  "train_loss": 0.9468990155802969,
  "train_acc": 0.6674,
  "test_loss": 0.8175499248504638,
  "test_acc": 0.7135,
  "test_ece": 0.03417828306555748,
  "test_entropy": 0.7061780095100403,
  "bin_accuracies": [
    0.0,
    0.0,
    0.0,
    0.2127659574468085,
    0.2974137931034483,
    0.3333333333333333,
    0.41374045801526715,
    0.46286472148541113,
    0.5392670157068062,
    0.5733882030178327,
    0.6223479490806223,
    0.7125984251968503,
    0.7772337821297429,
    0.8508682328907048,
    0.9736756581085473
  ],
  "bin_confidences": [
    0.0,
    0.0,
    0.0,
    0.2460334300994873,
    0.305938184261322,
    0.36958953738212585,
    0.4339907169342041,
    0.5004061460494995,
    0.5670408606529236,
    0.6332249045372009,
    0.6995574831962585,
    0.7665797472000122,
    0.8344795107841492,
    0.9010822772979736,
    0.9811133146286011
  ],
  "bin_counts": [
    0.0,
    0.0,
    0.0,
    47.0,
    232.0,
    477.0,
    655.0,
    754.0,
    764.0,
    729.0,
    707.0,
    762.0,
    817.0,
    979.0,
    3077.0
  ],
  "per_class_acc": [
    0.6190000176429749,
    0.8610000014305115,
    0.6729999780654907,
    0.640999972820282,
    0.7480000257492065,
    0.3919999897480011,
    0.699999988079071,
    0.7720000147819519,
    0.8790000081062317,
    0.8500000238418579
  ]
}