{
  "epoch": 42,
  "train_loss": 0.04309541584633272,
  "train_acc": 0.98664,
  "test_loss": 0.26654777459800244,
  "test_acc": 0.9225,
  "test_ece": 0.03627225011587143,
  "test_entropy": 0.1129176989197731,
  "bin_accuracies": [
    0.0,
    0.0,
    0.0,
    0.0,
    1.0,
    0.3181818181818182,
    0.3170731707317073,
    0.49038461538461536,
    0.46308724832214765,
    0.5460526315789473,
    0.5961538461538461,
    0.5945945945945946,
    0.6641221374045801,
    0.7385057471264368,
    0.975399323772881
  ],
  "bin_confidences": [
    0.0,
    0.0,
    0.0,
    0.26082101464271545,
    0.31653738021850586,
    0.37394800782203674,
    0.4318874776363373,
    0.5049463510513306,
    0.5674256086349487,
    0.6342987418174744,
    0.7021855115890503,
    0.7676543593406677,
    0.834042489528656,
    0.9025376439094543,
    0.9957057237625122
  ],
  "bin_counts": [
    0.0,
    0.0,
    0.0,
    2.0,
    2.0,
    22.0,
    41.0,
    104.0,
    149.0,
    152.0,
    156.0,
    185.0,
    262.0,
    348.0,
    8577.0
  ],
  "per_class_acc": [
    0.9229999780654907,
    0.9789999723434448,
    0.8920000195503235,
    0.8420000076293945,
    0.9309999942779541,
    0.8690000176429749,
    0.9539999961853027,
    0.9290000200271606,
    0.9649999737739563,
    0.9409999847412109
  ]
}