{
  "epoch": 33,
  "train_loss": 0.08936364478086267,
  "train_acc": 0.96928,
  "test_loss": 0.2942578560858965,
  "test_acc": 0.9104,
  "test_ece": 0.039305996149778366,
  "test_entropy": 0.13968998193740845,
  "bin_accuracies": [
    0.0,
    0.0,
    0.0,
    0.0,
    0.4,
    0.2857142857142857,
    0.35294117647058826,
    0.44680851063829785,
    0.48520710059171596,
    0.5548780487804879,
    0.5193370165745856,
    0.5414847161572053,
    0.7054794520547946,
    0.7458333333333333,
    0.9763665010301782
  ],
  "bin_confidences": [
    0.0,
    0.0,
    0.0,
    0.25042444467544556,
    0.30356717109680176,
    0.3660552501678467,
    0.4344345033168793,
    0.5054039359092712,
    0.5671050548553467,
    0.6362289190292358,
    0.702448308467865,
    0.767411470413208,
    0.8355671167373657,
    0.9033075571060181,
    0.9946836233139038
  ],
  "bin_counts": [
    0.0,
    0.0,
    0.0,
    2.0,
    5.0,
    35.0,
    51.0,
    141.0,
    169.0,
    164.0,
    181.0,
    229.0,
    292.0,
    480.0,
    8251.0
  ],
  "per_class_acc": [
    0.9089999794960022,
    0.9750000238418579,
    0.9120000004768372,
    0.7739999890327454,
    0.9129999876022339,
    0.8610000014305115,
    0.9409999847412109,
    0.9169999957084656,
    0.9629999995231628,
    0.9390000104904175
  ]
}