{
  "epoch": 15,
  "train_loss": 0.3187724854177831,
  "train_acc": 0.89036,
  "test_loss": 0.41000892043113707,
  "test_acc": 0.8666,
  "test_ece": 0.03698917105793953,
  "test_entropy": 0.273138165473938,
  "bin_accuracies": [
    0.0,
    0.0,
    0.0,
    0.0,
    0.2857142857142857,
    0.2857142857142857,
    0.33112582781456956,
    0.5054945054945055,
    0.4984025559105431,
    0.577639751552795,
    0.6339285714285714,
    0.6631299734748011,
    0.7272727272727273,
    0.8137384412153237,
    0.9722141402385801
  ],
  "bin_confidences": [
    0.0,
    0.0,
    0.0,
    0.24435606598854065,
    0.3144361078739166,
    0.36985284090042114,
    0.43370237946510315,
    0.5007264614105225,
    0.5651657581329346,
    0.6356518864631653,
    0.7026599645614624,
    0.7664181590080261,
    0.8339014053344727,
    0.9028476476669312,
    0.9903950691223145
  ],
  "bin_counts": [
    0.0,
    0.0,
    0.0,
    2.0,
    35.0,
    98.0,
    151.0,
    273.0,
    313.0,
    322.0,
    336.0,
    377.0,
    462.0,
    757.0,
    6874.0
  ],
  "per_class_acc": [
    0.9100000262260437,
    0.9599999785423279,
    0.8830000162124634,
    0.6230000257492065,
    0.9010000228881836,
    0.8679999709129333,
    0.8460000157356262,
    0.8100000023841858,
    0.9309999942779541,
    0.9340000152587891
  ]
}