{
  "epoch": 38,
  "train_loss": 0.07751893878573804,
  "train_acc": 0.97354,
  "test_loss": 0.30689547739923,
  "test_acc": 0.9121,
  "test_ece": 0.03792525827884674,
  "test_entropy": 0.13629046082496643,
  "bin_accuracies": [
    0.0,
    0.0,
    0.0,
    0.0,
    0.0,
    0.3,
    0.328125,
    0.5116279069767442,
    0.5411764705882353,
    0.48863636363636365,
    0.5919540229885057,
    0.6417322834645669,
    0.6946564885496184,
    0.7454954954954955,
    0.9733381590059115
  ],
  "bin_confidences": [
    0.0,
    0.0,
    0.0,
    0.0,
    0.3080406188964844,
    0.3709581196308136,
    0.4337238073348999,
    0.5037499666213989,
    0.5677486658096313,
    0.6296856999397278,
    0.7025701403617859,
    0.7686260342597961,
    0.8324145078659058,
    0.9044102430343628,
    0.9949721693992615
  ],
  "bin_counts": [
    0.0,
    0.0,
    0.0,
    0.0,
    8.0,
    30.0,
    64.0,
    129.0,
    170.0,
    176.0,
    174.0,
    254.0,
    262.0,
    444.0,
    8289.0
  ],
  "per_class_acc": [
    0.9330000281333923,
    0.9039999842643738,
    0.8880000114440918,
    0.8059999942779541,
    0.8970000147819519,
    0.8859999775886536,
    0.953000009059906,
    0.9620000123977661,
    0.925000011920929,
    0.9670000076293945
  ]
}