{
  "epoch": 21,
  "train_loss": 0.2310123697418691,
  "train_acc": 0.92008,
  "test_loss": 0.3755129924416542,
  "test_acc": 0.8789,
  "test_ece": 0.03465142846107483,
  "test_entropy": 0.23927465081214905,
  "bin_accuracies": [
    0.0,
    0.0,
    0.0,
    0.0,
    0.3333333333333333,
    0.36470588235294116,
    0.36065573770491804,
    0.5094339622641509,
    0.4646840148698885,
    0.5376344086021505,
    0.5993589743589743,
    0.6727272727272727,
    0.7255369928400954,
    0.793205317577548,
    0.9790414978342881
  ],
  "bin_confidences": [
    0.0,
    0.0,
    0.0,
    0.0,
    0.3134036362171173,
    0.3715553879737854,
    0.4334513247013092,
    0.50445955991745,
    0.567118763923645,
    0.631786584854126,
    0.700993001461029,
    0.7693503499031067,
    0.8340566754341125,
    0.9026341438293457,
    0.9920074343681335
  ],
  "bin_counts": [
    0.0,
    0.0,
    0.0,
    0.0,
    30.0,
    85.0,
    122.0,
    265.0,
    269.0,
    279.0,
    312.0,
    385.0,
    419.0,
    677.0,
    7157.0
  ],
  "per_class_acc": [
    0.8740000128746033,
    0.925000011920929,
    0.7559999823570251,
    0.7720000147819519,
    0.8289999961853027,
    0.878000020980835,
    0.9380000233650208,
    0.9459999799728394,
    0.9350000023841858,
    0.9359999895095825
  ]
}