{
  "epoch": 39,
  "train_loss": 0.07392234609598089,
  "train_acc": 0.97502,
  "test_loss": 0.3335514628887177,
  "test_acc": 0.9071,
  "test_ece": 0.042851805686950684,
  "test_entropy": 0.13544650375843048,
  "bin_accuracies": [
    0.0,
    0.0,
    0.0,
    0.0,
    0.25,
    0.42857142857142855,
    0.3392857142857143,
    0.4153846153846154,
    0.47337278106508873,
    0.536723163841808,
    0.5808080808080808,
    0.5950413223140496,
    0.6872586872586872,
    0.7847826086956522,
    0.9689050211736238
  ],
  "bin_confidences": [
    0.0,
    0.0,
    0.0,
    0.2630021274089813,
    0.3032245337963104,
    0.3718440532684326,
    0.44066232442855835,
    0.5051372647285461,
    0.5667077898979187,
    0.6346402168273926,
    0.7012011408805847,
    0.7672309279441833,
    0.8351297974586487,
    0.9030882716178894,
    0.9951717853546143
  ],
  "bin_counts": [
    0.0,
    0.0,
    0.0,
    1.0,
    8.0,
    35.0,
    56.0,
    130.0,
    169.0,
    177.0,
    198.0,
    242.0,
    259.0,
    460.0,
    8265.0
  ],
  "per_class_acc": [
    0.9559999704360962,
    0.9779999852180481,
    0.8489999771118164,
    0.7480000257492065,
    0.9169999957084656,
    0.9049999713897705,
    0.9570000171661377,
    0.9049999713897705,
    0.9409999847412109,
    0.9150000214576721
  ]
}