{
  "epoch": 11,
  "train_loss": 0.39109516524902693,
  "train_acc": 0.86652,
  "test_loss": 0.4557761347293854,
  "test_acc": 0.8504,
  "test_ece": 0.044216059148311615,
  "test_entropy": 0.29793089628219604,
  "bin_accuracies": [
    0.0,
    0.0,
    0.0,
    0.25,
    0.2553191489361702,
    0.27205882352941174,
    0.4228855721393035,
    0.4755244755244755,
    0.47604790419161674,
    0.5691823899371069,
    0.5691823899371069,
    0.6691176470588235,
    0.7452830188679245,
    0.7913862718707941,
    0.9676210463198921
  ],
  "bin_confidences": [
    0.0,
    0.0,
    0.0,
    0.2373804748058319,
    0.3039451241493225,
    0.3705863356590271,
    0.43584704399108887,
    0.5025556683540344,
    0.5661287307739258,
    0.633212149143219,
    0.7022613883018494,
    0.7683228254318237,
    0.8337589502334595,
    0.9031844139099121,
    0.9905258417129517
  ],
  "bin_counts": [
    0.0,
    0.0,
    0.0,
    8.0,
    47.0,
    136.0,
    201.0,
    286.0,
    334.0,
    318.0,
    318.0,
    408.0,
    530.0,
    743.0,
    6671.0
  ],
  "per_class_acc": [
    0.9330000281333923,
    0.9300000071525574,
    0.7540000081062317,
    0.42399999499320984,
    0.8870000243186951,
    0.875,
    0.9390000104904175,
    0.8840000033378601,
    0.9430000185966492,
    0.9350000023841858
  ]
}