{
  "epoch": 12,
  "train_loss": 0.3710249919263298,
  "train_acc": 0.87008,
  "test_loss": 0.4838495874404907,
  "test_acc": 0.8415,
  "test_ece": 0.04045138880610466,
  "test_entropy": 0.33450207114219666,
  "bin_accuracies": [
    0.0,
    0.0,
    0.0,
    0.18181818181818182,
    0.3283582089552239,
    0.2903225806451613,
    0.3392070484581498,
    0.44376899696048633,
    0.5115606936416185,
    0.6037234042553191,
    0.6074270557029178,
    0.6496519721577726,
    0.7649186256781193,
    0.8260340632603407,
    0.9686013320647003
  ],
  "bin_confidences": [
    0.0,
    0.0,
    0.0,
    0.24472007155418396,
    0.3075660169124603,
    0.3680901527404785,
    0.43418431282043457,
    0.5012421011924744,
    0.5660257339477539,
    0.6327286958694458,
    0.6996716856956482,
    0.7662005424499512,
    0.8343931436538696,
    0.9042357206344604,
    0.9895986914634705
  ],
  "bin_counts": [
    0.0,
    0.0,
    0.0,
    11.0,
    67.0,
    155.0,
    227.0,
    329.0,
    346.0,
    376.0,
    377.0,
    431.0,
    553.0,
    822.0,
    6306.0
  ],
  "per_class_acc": [
    0.9319999814033508,
    0.968999981880188,
    0.7730000019073486,
    0.6290000081062317,
    0.9110000133514404,
    0.7289999723434448,
    0.9419999718666077,
    0.8640000224113464,
    0.8790000081062317,
    0.7870000004768372
  ]
}