{
  "epoch": 0,
  "train_loss": 1.6233290693034297,
  "train_acc": 0.40222,
  "test_loss": 1.2675811243057251,
  "test_acc": 0.5429,
  "test_ece": 0.044449031352996826,
  "test_entropy": 1.1188081502914429,
  "bin_accuracies": [
    0.0,
    0.0,
    0.25,
    0.19281045751633988,
    0.2626387176325524,
    0.333950046253469,
    0.3718381112984823,
    0.4581196581196581,
    0.5176022835394862,
    0.6009019165727171,
    0.6809338521400778,
    0.6839887640449438,
    0.7724358974358975,
    0.8584202682563339,
    0.9394366197183098
  ],
  "bin_confidences": [
    0.0,
    0.0,
    0.18840113282203674,
    0.2414313107728958,
    0.3038994073867798,
    0.3666650950908661,
    0.43352967500686646,
    0.4995545446872711,
    0.5662744045257568,
    0.63226717710495,
    0.6991223096847534,
    0.7659977078437805,
    0.8327654600143433,
    0.9009807109832764,
    0.9680488109588623
  ],
  "bin_counts": [
    0.0,
    0.0,
    20.0,
    306.0,
    811.0,
    1081.0,
    1186.0,
    1170.0,
    1051.0,
    887.0,
    771.0,
    712.0,
    624.0,
    671.0,
    710.0
  ],
  "per_class_acc": [
    0.5659999847412109,
    0.49300000071525574,
    0.6759999990463257,
    0.257999986410141,
    0.4490000009536743,
    0.3959999978542328,
    0.5120000243186951,
    0.7020000219345093,
    0.6859999895095825,
    0.6909999847412109
  ]
}