{
  "epoch": 36,
  "train_loss": 0.07993877655290582,
  "train_acc": 0.97338,
  "test_loss": 0.2866405475884676,
  "test_acc": 0.9144,
  "test_ece": 0.0372132882475853,
  "test_entropy": 0.13481315970420837,
  "bin_accuracies": [
    0.0,
    0.0,
    0.0,
    0.0,
    0.3333333333333333,
    0.3076923076923077,
    0.3076923076923077,
    0.5229357798165137,
    0.45121951219512196,
    0.5029585798816568,
    0.5555555555555556,
    0.6244343891402715,
    0.7093425605536332,
    0.7559808612440191,
    0.975750300120048
  ],
  "bin_confidences": [
    0.0,
    0.0,
    0.0,
    0.24235373735427856,
    0.31802821159362793,
    0.36942535638809204,
    0.4421128034591675,
    0.503075122833252,
    0.56694096326828,
    0.6329216957092285,
    0.699190080165863,
    0.7653939723968506,
    0.8352022171020508,
    0.9039162993431091,
    0.9949782490730286
  ],
  "bin_counts": [
    0.0,
    0.0,
    0.0,
    2.0,
    9.0,
    26.0,
    65.0,
    109.0,
    164.0,
    169.0,
    198.0,
    221.0,
    289.0,
    418.0,
    8330.0
  ],
  "per_class_acc": [
    0.9169999957084656,
    0.9779999852180481,
    0.8550000190734863,
    0.8529999852180481,
    0.9110000133514404,
    0.8740000128746033,
    0.9470000267028809,
    0.9229999780654907,
    0.953000009059906,
    0.9330000281333923
  ]
}