{
  "epoch": 23,
  "train_loss": 0.21002526123962745,
  "train_acc": 0.92762,
  "test_loss": 0.37541036114096643,
  "test_acc": 0.8783,
  "test_ece": 0.03532739356160164,
  "test_entropy": 0.24041332304477692,
  "bin_accuracies": [
    0.0,
    0.0,
    0.0,
    0.0,
    0.14285714285714285,
    0.22916666666666666,
    0.4117647058823529,
    0.46638655462184875,
    0.4983164983164983,
    0.5513698630136986,
    0.6073825503355704,
    0.6538461538461539,
    0.7540983606557377,
    0.8241469816272966,
    0.9739487469913635
  ],
  "bin_confidences": [
    0.0,
    0.0,
    0.0,
    0.0,
    0.3169814944267273,
    0.3649933338165283,
    0.4374352991580963,
    0.5028967261314392,
    0.5663293600082397,
    0.6333801746368408,
    0.7011368274688721,
    0.7680788040161133,
    0.835250973701477,
    0.9028810262680054,
    0.9907720685005188
  ],
  "bin_counts": [
    0.0,
    0.0,
    0.0,
    0.0,
    14.0,
    48.0,
    136.0,
    238.0,
    297.0,
    292.0,
    298.0,
    364.0,
    488.0,
    762.0,
    7063.0
  ],
  "per_class_acc": [
    0.8659999966621399,
    0.968999981880188,
    0.828000009059906,
    0.9120000004768372,
    0.8930000066757202,
    0.765999972820282,
    0.8700000047683716,
    0.8149999976158142,
    0.925000011920929,
    0.9390000104904175
  ]
}