{
  "epoch": 22,
  "train_loss": 0.23069381776749326,
  "train_acc": 0.92,
  "test_loss": 0.34442235238850116,
  "test_acc": 0.8882,
  "test_ece": 0.03171857073903084,
  "test_entropy": 0.22601328790187836,
  "bin_accuracies": [
    0.0,
    0.0,
    0.0,
    0.6666666666666666,
    0.18181818181818182,
    0.3333333333333333,
    0.34959349593495936,
    0.4594594594594595,
    0.49137931034482757,
    0.5567375886524822,
    0.6357615894039735,
    0.6888888888888889,
    0.7711864406779662,
    0.8232695139911634,
    0.9750377177341928
  ],
  "bin_confidences": [
    0.0,
    0.0,
    0.0,
    0.2578756511211395,
    0.30225181579589844,
    0.36809778213500977,
    0.43790534138679504,
    0.5009190440177917,
    0.5650414824485779,
    0.6337666511535645,
    0.7012701034545898,
    0.7654862999916077,
    0.8347985148429871,
    0.9027867317199707,
    0.992111086845398
  ],
  "bin_counts": [
    0.0,
    0.0,
    0.0,
    3.0,
    22.0,
    57.0,
    123.0,
    222.0,
    232.0,
    282.0,
    302.0,
    315.0,
    472.0,
    679.0,
    7291.0
  ],
  "per_class_acc": [
    0.8999999761581421,
    0.9330000281333923,
    0.8500000238418579,
    0.6840000152587891,
    0.8629999756813049,
    0.9179999828338623,
    0.9440000057220459,
    0.9190000295639038,
    0.9390000104904175,
    0.9319999814033508
  ]
}