{
  "epoch": 24,
  "train_loss": 0.20705676164544756,
  "train_acc": 0.92824,
  "test_loss": 0.3677735784649849,
  "test_acc": 0.885,
  "test_ece": 0.03747832402586937,
  "test_entropy": 0.21359558403491974,
  "bin_accuracies": [
    0.0,
    0.0,
    0.0,
    0.0,
    0.23529411764705882,
    0.34615384615384615,
    0.36885245901639346,
    0.502283105022831,
    0.52734375,
    0.5761316872427984,
    0.5412541254125413,
    0.6857142857142857,
    0.7494033412887828,
    0.7921875,
    0.9707310493660642
  ],
  "bin_confidences": [
    0.0,
    0.0,
    0.0,
    0.0,
    0.3075354993343353,
    0.37378233671188354,
    0.4373176395893097,
    0.5029547810554504,
    0.564712405204773,
    0.6333226561546326,
    0.7008665204048157,
    0.7684786319732666,
    0.8352516293525696,
    0.9024239778518677,
    0.9921964406967163
  ],
  "bin_counts": [
    0.0,
    0.0,
    0.0,
    0.0,
    17.0,
    52.0,
    122.0,
    219.0,
    256.0,
    243.0,
    303.0,
    315.0,
    419.0,
    640.0,
    7414.0
  ],
  "per_class_acc": [
    0.8880000114440918,
    0.8379999995231628,
    0.8360000252723694,
    0.8560000061988831,
    0.9210000038146973,
    0.828000009059906,
    0.8809999823570251,
    0.902999997138977,
    0.9580000042915344,
    0.9409999847412109
  ]
}