{
  "epoch": 44,
  "train_loss": 0.03436601792326402,
  "train_acc": 0.98974,
  "test_loss": 0.27360480844974516,
  "test_acc": 0.9235,
  "test_ece": 0.03771600499749184,
  "test_entropy": 0.10580555349588394,
  "bin_accuracies": [
    0.0,
    0.0,
    0.0,
    0.0,
    0.5,
    0.17647058823529413,
    0.3157894736842105,
    0.4732142857142857,
    0.5,
    0.5220588235294118,
    0.5597014925373134,
    0.5932203389830508,
    0.6618357487922706,
    0.7453580901856764,
    0.9732101616628176
  ],
  "bin_confidences": [
    0.0,
    0.0,
    0.0,
    0.2565153241157532,
    0.3151863217353821,
    0.36617714166641235,
    0.4360479414463043,
    0.5035749077796936,
    0.5670198202133179,
    0.6336878538131714,
    0.6987054944038391,
    0.7672266364097595,
    0.8352181911468506,
    0.9015486836433411,
    0.995884120464325
  ],
  "bin_counts": [
    0.0,
    0.0,
    0.0,
    2.0,
    2.0,
    17.0,
    38.0,
    112.0,
    138.0,
    136.0,
    134.0,
    177.0,
    207.0,
    377.0,
    8660.0
  ],
  "per_class_acc": [
    0.9240000247955322,
    0.9660000205039978,
    0.8830000162124634,
    0.8080000281333923,
    0.9380000233650208,
    0.8999999761581421,
    0.949999988079071,
    0.9369999766349792,
    0.9639999866485596,
    0.9649999737739563
  ]
}