{
  "epoch": 26,
  "train_loss": 0.1922245825762334,
  "train_acc": 0.93218,
  "test_loss": 0.36002641715109346,
  "test_acc": 0.8878,
  "test_ece": 0.04035167768597603,
  "test_entropy": 0.19844816625118256,
  "bin_accuracies": [
    0.0,
    0.0,
    0.0,
    0.0,
    0.3333333333333333,
    0.30612244897959184,
    0.3917525773195876,
    0.49765258215962443,
    0.45,
    0.5387755102040817,
    0.58203125,
    0.662020905923345,
    0.7047353760445683,
    0.7888086642599278,
    0.9707686284744877
  ],
  "bin_confidences": [
    0.0,
    0.0,
    0.0,
    0.2542594373226166,
    0.30800560116767883,
    0.3723173439502716,
    0.4354317784309387,
    0.5030635595321655,
    0.5673112273216248,
    0.6336086392402649,
    0.6995706558227539,
    0.7677959203720093,
    0.8356496691703796,
    0.9039315581321716,
    0.9930001497268677
  ],
  "bin_counts": [
    0.0,
    0.0,
    0.0,
    4.0,
    33.0,
    49.0,
    97.0,
    213.0,
    240.0,
    245.0,
    256.0,
    287.0,
    359.0,
    554.0,
    7663.0
  ],
  "per_class_acc": [
    0.953000009059906,
    0.9430000185966492,
    0.7630000114440918,
    0.7620000243186951,
    0.8930000066757202,
    0.8309999704360962,
    0.9580000042915344,
    0.8880000114440918,
    0.9359999895095825,
    0.9509999752044678
  ]
}