{
  "epoch": 6,
  "train_loss": 0.562991037393165,
  "train_acc": 0.80586,
  "test_loss": 0.5740768495202064,
  "test_acc": 0.8108,
  "test_ece": 0.03317337855696678,
  "test_entropy": 0.44601118564605713,
  "bin_accuracies": [
    0.0,
    0.0,
    0.0,
    0.15384615384615385,
    0.21621621621621623,
    0.40096618357487923,
    0.37425149700598803,
    0.46496815286624205,
    0.4979253112033195,
    0.5797413793103449,
    0.6704119850187266,
    0.6945898778359512,
    0.7598784194528876,
    0.8550420168067226,
    0.9726315789473684
  ],
  "bin_confidences": [
    0.0,
    0.0,
    0.0,
    0.24228666722774506,
    0.3041880428791046,
    0.37290358543395996,
    0.43219149112701416,
    0.5013542175292969,
    0.5653603076934814,
    0.6355164647102356,
    0.6995244026184082,
    0.7665567994117737,
    0.8356608748435974,
    0.9021352529525757,
    0.9861722588539124
  ],
  "bin_counts": [
    0.0,
    0.0,
    0.0,
    26.0,
    74.0,
    207.0,
    334.0,
    471.0,
    482.0,
    464.0,
    534.0,
    573.0,
    658.0,
    952.0,
    5225.0
  ],
  "per_class_acc": [
    0.7699999809265137,
    0.8960000276565552,
    0.7450000047683716,
    0.6200000047683716,
    0.8799999952316284,
    0.777999997138977,
    0.875,
    0.8339999914169312,
    0.871999979019165,
    0.8379999995231628
  ]
}