{
  "epoch": 1,
  "train_loss": 1.1689121345120013,
  "train_acc": 0.58082,
  "test_loss": 1.1936392927169799,
  "test_acc": 0.595,
  "test_ece": 0.11913520097732544,
  "test_entropy": 0.801155149936676,
  "bin_accuracies": [
    0.0,
    0.0,
    0.0,
    0.24752475247524752,
    0.24860335195530725,
    0.2917316692667707,
    0.35218508997429304,
    0.4204946996466431,
    0.42435897435897435,
    0.4660574412532637,
    0.48751835535976507,
    0.5767045454545454,
    0.6195652173913043,
    0.7357293868921776,
    0.9186746987951807
  ],
  "bin_confidences": [
    0.0,
    0.0,
    0.1915167272090912,
    0.24503760039806366,
    0.30518272519111633,
    0.3677569627761841,
    0.4339417517185211,
    0.49914810061454773,
    0.5663374066352844,
    0.6329042911529541,
    0.6997464299201965,
    0.7663297057151794,
    0.8321304321289062,
    0.902165949344635,
    0.9791035652160645
  ],
  "bin_counts": [
    0.0,
    0.0,
    4.0,
    101.0,
    358.0,
    641.0,
    778.0,
    849.0,
    780.0,
    766.0,
    681.0,
    704.0,
    736.0,
    946.0,
    2656.0
  ],
  "per_class_acc": [
    0.296999990940094,
    0.6970000267028809,
    0.7509999871253967,
    0.18799999356269836,
    0.20000000298023224,
    0.5550000071525574,
    0.8360000252723694,
    0.7670000195503235,
    0.8450000286102295,
    0.8140000104904175
  ]
}