{
  "epoch": 20,
  "train_loss": 0.24406602024041174,
  "train_acc": 0.91554,
  "test_loss": 0.34289792940020564,
  "test_acc": 0.8896,
  "test_ece": 0.035750165581703186,
  "test_entropy": 0.21148627996444702,
  "bin_accuracies": [
    0.0,
    0.0,
    0.0,
    0.0,
    0.4166666666666667,
    0.25,
    0.41346153846153844,
    0.4797979797979798,
    0.4609053497942387,
    0.5502008032128514,
    0.6116838487972509,
    0.6396103896103896,
    0.7579787234042553,
    0.7943485086342229,
    0.9757236227824463
  ],
  "bin_confidences": [
    0.0,
    0.0,
    0.0,
    0.2627238929271698,
    0.303673654794693,
    0.3731413185596466,
    0.43730366230010986,
    0.5036201477050781,
    0.5668457746505737,
    0.6343425512313843,
    0.6996963620185852,
    0.7665345668792725,
    0.8348122239112854,
    0.9043838977813721,
    0.9928008913993835
  ],
  "bin_counts": [
    0.0,
    0.0,
    0.0,
    1.0,
    24.0,
    72.0,
    104.0,
    198.0,
    243.0,
    249.0,
    291.0,
    308.0,
    376.0,
    637.0,
    7497.0
  ],
  "per_class_acc": [
    0.8840000033378601,
    0.9350000023841858,
    0.8090000152587891,
    0.796999990940094,
    0.9020000100135803,
    0.7689999938011169,
    0.9610000252723694,
    0.9309999942779541,
    0.9419999718666077,
    0.9660000205039978
  ]
}