{
  "epoch": 31,
  "train_loss": 0.09592296353653264,
  "train_acc": 0.96814,
  "test_loss": 0.2849195035547018,
  "test_acc": 0.9152,
  "test_ece": 0.03452892601490021,
  "test_entropy": 0.13874581456184387,
  "bin_accuracies": [
    0.0,
    0.0,
    0.0,
    0.0,
    0.16666666666666666,
    0.2222222222222222,
    0.43333333333333335,
    0.5,
    0.47674418604651164,
    0.5804597701149425,
    0.574468085106383,
    0.5955555555555555,
    0.697841726618705,
    0.7629310344827587,
    0.9769016809771436
  ],
  "bin_confidences": [
    0.0,
    0.0,
    0.0,
    0.26359713077545166,
    0.3190530240535736,
    0.37390434741973877,
    0.43841293454170227,
    0.5047274827957153,
    0.5664966702461243,
    0.633833646774292,
    0.7006039023399353,
    0.7664355635643005,
    0.8345952033996582,
    0.9039159417152405,
    0.9948795437812805
  ],
  "bin_counts": [
    0.0,
    0.0,
    0.0,
    1.0,
    6.0,
    27.0,
    60.0,
    136.0,
    172.0,
    174.0,
    188.0,
    225.0,
    278.0,
    464.0,
    8269.0
  ],
  "per_class_acc": [
    0.9399999976158142,
    0.9380000233650208,
    0.875,
    0.7649999856948853,
    0.9350000023841858,
    0.8949999809265137,
    0.9559999704360962,
    0.9350000023841858,
    0.9480000138282776,
    0.9649999737739563
  ]
}