{
  "epoch": 49,
  "train_loss": 0.023353982815647597,
  "train_acc": 0.99368,
  "test_loss": 0.2656290728598833,
  "test_acc": 0.9273,
  "test_ece": 0.03689137473702431,
  "test_entropy": 0.09926862269639969,
  "bin_accuracies": [
    0.0,
    0.0,
    0.0,
    0.0,
    0.2,
    0.3684210526315789,
    0.46511627906976744,
    0.40186915887850466,
    0.5135135135135135,
    0.49557522123893805,
    0.5362318840579711,
    0.575,
    0.6330275229357798,
    0.7104477611940299,
    0.9766883784710318
  ],
  "bin_confidences": [
    0.0,
    0.0,
    0.0,
    0.0,
    0.317108154296875,
    0.36981135606765747,
    0.43733468651771545,
    0.5085117220878601,
    0.5694664120674133,
    0.633248507976532,
    0.7025526165962219,
    0.7674561738967896,
    0.8357535600662231,
    0.9041570425033569,
    0.9962296485900879
  ],
  "bin_counts": [
    0.0,
    0.0,
    0.0,
    0.0,
    5.0,
    19.0,
    43.0,
    107.0,
    111.0,
    113.0,
    138.0,
    160.0,
    218.0,
    335.0,
    8751.0
  ],
  "per_class_acc": [
    0.9449999928474426,
    0.9710000157356262,
    0.8809999823570251,
    0.8450000286102295,
    0.9319999814033508,
    0.8840000033378601,
    0.9559999704360962,
    0.953000009059906,
    0.9539999961853027,
    0.9520000219345093
  ]
}