{
  "epoch": 4,
  "train_loss": 0.6991390169733931,
  "train_acc": 0.7576,
  "test_loss": 0.7751856315135955,
  "test_acc": 0.7397,
  "test_ece": 0.07010529190301895,
  "test_entropy": 0.5312695503234863,
  "bin_accuracies": [
    0.0,
    0.0,
    0.0,
    0.06666666666666667,
    0.27205882352941174,
    0.27756653992395436,
    0.3978260869565217,
    0.42517006802721086,
    0.49473684210526314,
    0.5388513513513513,
    0.5964912280701754,
    0.6640866873065016,
    0.7103448275862069,
    0.7762460233297985,
    0.9465802413947251
  ],
  "bin_confidences": [
    0.0,
    0.0,
    0.18379926681518555,
    0.2479179948568344,
    0.3063241243362427,
    0.3690169155597687,
    0.4347613751888275,
    0.5028188228607178,
    0.5660146474838257,
    0.6331586837768555,
    0.6990211606025696,
    0.7681081891059875,
    0.835487961769104,
    0.9025380611419678,
    0.9849753379821777
  ],
  "bin_counts": [
    0.0,
    0.0,
    3.0,
    30.0,
    136.0,
    263.0,
    460.0,
    588.0,
    570.0,
    592.0,
    570.0,
    646.0,
    725.0,
    943.0,
    4474.0
  ],
  "per_class_acc": [
    0.6660000085830688,
    0.7929999828338623,
    0.5379999876022339,
    0.6129999756813049,
    0.8669999837875366,
    0.5669999718666077,
    0.9390000104904175,
    0.5649999976158142,
    0.949999988079071,
    0.8989999890327454
  ]
}