{
  "epoch": 46,
  "train_loss": 0.03292216763467244,
  "train_acc": 0.99016,
  "test_loss": 0.2807269613444805,
  "test_acc": 0.9227,
  "test_ece": 0.038986027240753174,
  "test_entropy": 0.10382220149040222,
  "bin_accuracies": [
    0.0,
    0.0,
    0.0,
    0.0,
    0.2,
    0.3333333333333333,
    0.4594594594594595,
    0.42574257425742573,
    0.4755244755244755,
    0.5620437956204379,
    0.5637583892617449,
    0.5828220858895705,
    0.6317991631799164,
    0.7402985074626866,
    0.9725680036883356
  ],
  "bin_confidences": [
    0.0,
    0.0,
    0.0,
    0.0,
    0.29973456263542175,
    0.37340641021728516,
    0.43712249398231506,
    0.5065555572509766,
    0.5632076859474182,
    0.6336697936058044,
    0.702045202255249,
    0.7673072218894958,
    0.8355488181114197,
    0.9043415188789368,
    0.9959657788276672
  ],
  "bin_counts": [
    0.0,
    0.0,
    0.0,
    0.0,
    5.0,
    15.0,
    37.0,
    101.0,
    143.0,
    137.0,
    149.0,
    163.0,
    239.0,
    335.0,
    8676.0
  ],
  "per_class_acc": [
    0.9279999732971191,
    0.972000002861023,
    0.902999997138977,
    0.8709999918937683,
    0.9309999942779541,
    0.828000009059906,
    0.9449999928474426,
    0.9430000185966492,
    0.9589999914169312,
    0.9470000267028809
  ]
}