{
  "epoch": 27,
  "train_loss": 0.13313958186017888,
  "train_acc": 0.95502,
  "test_loss": 0.28607075311243535,
  "test_acc": 0.9114,
  "test_ece": 0.03181833028793335,
  "test_entropy": 0.16216976940631866,
  "bin_accuracies": [
    0.0,
    0.0,
    0.0,
    0.0,
    0.3333333333333333,
    0.5,
    0.46153846153846156,
    0.4556213017751479,
    0.48677248677248675,
    0.5469613259668509,
    0.5865384615384616,
    0.6371308016877637,
    0.7083333333333334,
    0.8015122873345936,
    0.9785643070787637
  ],
  "bin_confidences": [
    0.0,
    0.0,
    0.0,
    0.25463420152664185,
    0.3173641562461853,
    0.3723386228084564,
    0.43539780378341675,
    0.5050190687179565,
    0.566165566444397,
    0.6326702833175659,
    0.7009670734405518,
    0.7652570605278015,
    0.832822322845459,
    0.9050654172897339,
    0.9936081767082214
  ],
  "bin_counts": [
    0.0,
    0.0,
    0.0,
    1.0,
    6.0,
    42.0,
    78.0,
    169.0,
    189.0,
    181.0,
    208.0,
    237.0,
    336.0,
    529.0,
    8024.0
  ],
  "per_class_acc": [
    0.9129999876022339,
    0.9589999914169312,
    0.8640000224113464,
    0.8240000009536743,
    0.9449999928474426,
    0.8809999823570251,
    0.9440000057220459,
    0.8899999856948853,
    0.9490000009536743,
    0.9449999928474426
  ]
}