{
  "epoch": 3,
  "train_loss": 0.8041933573725278,
  "train_acc": 0.72196,
  "test_loss": 0.7735652926564217,
  "test_acc": 0.7422,
  "test_ece": 0.04460049048066139,
  "test_entropy": 0.6028785109519958,
  "bin_accuracies": [
    0.0,
    0.0,
    0.0,
    0.175,
    0.2774566473988439,
    0.3589041095890411,
    0.3763213530655391,
    0.46646341463414637,
    0.5,
    0.5433715220949263,
    0.610062893081761,
    0.7017543859649122,
    0.7627345844504021,
    0.8486842105263158,
    0.9642305712815235
  ],
  "bin_confidences": [
    0.0,
    0.0,
    0.0,
    0.2433815747499466,
    0.30713894963264465,
    0.3688952326774597,
    0.43526148796081543,
    0.5011095404624939,
    0.566617488861084,
    0.6332892179489136,
    0.7000304460525513,
    0.7683281898498535,
    0.8353857398033142,
    0.9027290344238281,
    0.9822738170623779
  ],
  "bin_counts": [
    0.0,
    0.0,
    0.0,
    40.0,
    173.0,
    365.0,
    473.0,
    656.0,
    666.0,
    611.0,
    636.0,
    684.0,
    746.0,
    1064.0,
    3886.0
  ],
  "per_class_acc": [
    0.8230000138282776,
    0.7590000033378601,
    0.6169999837875366,
    0.5519999861717224,
    0.8429999947547913,
    0.3790000081062317,
    0.8759999871253967,
    0.8100000023841858,
    0.859000027179718,
    0.9039999842643738
  ]
}