{
  "epoch": 9,
  "train_loss": 0.4541851802326529,
  "train_acc": 0.84328,
  "test_loss": 0.4997707870602608,
  "test_acc": 0.8334,
  "test_ece": 0.0369863398373127,
  "test_entropy": 0.3639039397239685,
  "bin_accuracies": [
    0.0,
    0.0,
    0.0,
    0.1,
    0.35185185185185186,
    0.2913907284768212,
    0.39299610894941633,
    0.4244604316546763,
    0.5590551181102362,
    0.5469879518072289,
    0.6305882352941177,
    0.7151767151767152,
    0.7775862068965518,
    0.8350877192982457,
    0.9666889856042853
  ],
  "bin_confidences": [
    0.0,
    0.0,
    0.0,
    0.25386959314346313,
    0.3059888780117035,
    0.3709243834018707,
    0.43549230694770813,
    0.5012442469596863,
    0.5661791563034058,
    0.6335453391075134,
    0.7006956338882446,
    0.7677062749862671,
    0.8335237503051758,
    0.9030094742774963,
    0.9878911972045898
  ],
  "bin_counts": [
    0.0,
    0.0,
    0.0,
    10.0,
    54.0,
    151.0,
    257.0,
    417.0,
    381.0,
    415.0,
    425.0,
    481.0,
    580.0,
    855.0,
    5974.0
  ],
  "per_class_acc": [
    0.9079999923706055,
    0.8999999761581421,
    0.7639999985694885,
    0.7720000147819519,
    0.9380000233650208,
    0.6669999957084656,
    0.8270000219345093,
    0.777999997138977,
    0.8730000257492065,
    0.9070000052452087
  ]
}