{
  "epoch": 19,
  "train_loss": 0.25438995344940657,
  "train_acc": 0.9111,
  "test_loss": 0.3870594647526741,
  "test_acc": 0.8738,
  "test_ece": 0.0386335626244545,
  "test_entropy": 0.2421094924211502,
  "bin_accuracies": [
    0.0,
    0.0,
    0.0,
    0.5,
    0.09090909090909091,
    0.275,
    0.4523809523809524,
    0.4566929133858268,
    0.47096774193548385,
    0.5298013245033113,
    0.6271186440677966,
    0.6666666666666666,
    0.7155361050328227,
    0.8206997084548106,
    0.9740808564586562
  ],
  "bin_confidences": [
    0.0,
    0.0,
    0.0,
    0.24384480714797974,
    0.30164748430252075,
    0.36840906739234924,
    0.43567249178886414,
    0.5027962327003479,
    0.5670364499092102,
    0.633599579334259,
    0.6993118524551392,
    0.7677805423736572,
    0.835432231426239,
    0.904095470905304,
    0.9920690655708313
  ],
  "bin_counts": [
    0.0,
    0.0,
    0.0,
    6.0,
    22.0,
    80.0,
    126.0,
    254.0,
    310.0,
    302.0,
    295.0,
    363.0,
    457.0,
    686.0,
    7099.0
  ],
  "per_class_acc": [
    0.7979999780654907,
    0.9229999780654907,
    0.7440000176429749,
    0.8080000281333923,
    0.8600000143051147,
    0.7990000247955322,
    0.9599999785423279,
    0.9340000152587891,
    0.9700000286102295,
    0.9419999718666077
  ]
}