{
  "epoch": 48,
  "train_loss": 0.02924345022953494,
  "train_acc": 0.9918,
  "test_loss": 0.30578785538673403,
  "test_acc": 0.9193,
  "test_ece": 0.04078899696469307,
  "test_entropy": 0.10791462659835815,
  "bin_accuracies": [
    0.0,
    0.0,
    0.0,
    0.3333333333333333,
    0.4,
    0.3157894736842105,
    0.391304347826087,
    0.44565217391304346,
    0.44680851063829785,
    0.49375,
    0.5751633986928104,
    0.5853658536585366,
    0.70042194092827,
    0.7252124645892352,
    0.9710212124724702
  ],
  "bin_confidences": [
    0.0,
    0.0,
    0.0,
    0.24911288917064667,
    0.3001117408275604,
    0.3728826344013214,
    0.43903905153274536,
    0.5075834393501282,
    0.5635514259338379,
    0.6327090859413147,
    0.7036395072937012,
    0.7680098414421082,
    0.834231972694397,
    0.9045131802558899,
    0.9959154725074768
  ],
  "bin_counts": [
    0.0,
    0.0,
    0.0,
    3.0,
    5.0,
    19.0,
    46.0,
    92.0,
    141.0,
    160.0,
    153.0,
    164.0,
    237.0,
    353.0,
    8627.0
  ],
  "per_class_acc": [
    0.9300000071525574,
    0.9750000238418579,
    0.8799999952316284,
    0.7599999904632568,
    0.9229999780654907,
    0.9350000023841858,
    0.9660000205039978,
    0.9160000085830688,
    0.953000009059906,
    0.9549999833106995
  ]
}