{
  "epoch": 25,
  "train_loss": 0.20377185706363615,
  "train_acc": 0.92908,
  "test_loss": 0.4541812779009342,
  "test_acc": 0.8583,
  "test_ece": 0.06262917071580887,
  "test_entropy": 0.21533092856407166,
  "bin_accuracies": [
    0.0,
    0.0,
    0.0,
    0.0,
    0.2777777777777778,
    0.24193548387096775,
    0.34545454545454546,
    0.38427947598253276,
    0.4785714285714286,
    0.48134328358208955,
    0.5277777777777778,
    0.632398753894081,
    0.7146341463414634,
    0.7380191693290735,
    0.9561451001624256
  ],
  "bin_confidences": [
    0.0,
    0.0,
    0.0,
    0.0,
    0.3153647184371948,
    0.374175488948822,
    0.44019290804862976,
    0.5016028881072998,
    0.5667718052864075,
    0.6338539719581604,
    0.6998839974403381,
    0.7699102759361267,
    0.8336604237556458,
    0.9027079343795776,
    0.9925428032875061
  ],
  "bin_counts": [
    0.0,
    0.0,
    0.0,
    0.0,
    18.0,
    62.0,
    110.0,
    229.0,
    280.0,
    268.0,
    288.0,
    321.0,
    410.0,
    626.0,
    7388.0
  ],
  "per_class_acc": [
    0.7990000247955322,
    0.9290000200271606,
    0.828000009059906,
    0.8889999985694885,
    0.902999997138977,
    0.5619999766349792,
    0.9319999814033508,
    0.8510000109672546,
    0.9819999933242798,
    0.9079999923706055
  ]
}