{
  "epoch": 17,
  "train_loss": 0.28251500639235577,
  "train_acc": 0.90256,
  "test_loss": 0.44184971585869787,
  "test_acc": 0.8597,
  "test_ece": 0.04506257548928261,
  "test_entropy": 0.26648932695388794,
  "bin_accuracies": [
    0.0,
    0.0,
    0.0,
    0.2727272727272727,
    0.4,
    0.3163265306122449,
    0.3706293706293706,
    0.42704626334519574,
    0.5507692307692308,
    0.48632218844984804,
    0.5950920245398773,
    0.6556473829201102,
    0.7024291497975709,
    0.7947976878612717,
    0.9705117085862967
  ],
  "bin_confidences": [
    0.0,
    0.0,
    0.0,
    0.2540370523929596,
    0.3043798506259918,
    0.3684624135494232,
    0.43551570177078247,
    0.5021581053733826,
    0.5674483776092529,
    0.6340094804763794,
    0.701702356338501,
    0.7684164643287659,
    0.8343842029571533,
    0.902532696723938,
    0.9912586212158203
  ],
  "bin_counts": [
    0.0,
    0.0,
    0.0,
    11.0,
    20.0,
    98.0,
    143.0,
    281.0,
    325.0,
    329.0,
    326.0,
    363.0,
    494.0,
    692.0,
    6918.0
  ],
  "per_class_acc": [
    0.8019999861717224,
    0.9279999732971191,
    0.7319999933242798,
    0.6819999814033508,
    0.9279999732971191,
    0.8460000157356262,
    0.875,
    0.9409999847412109,
    0.9129999876022339,
    0.949999988079071
  ]
}