{
  "epoch": 28,
  "train_loss": 0.11548446746223875,
  "train_acc": 0.96044,
  "test_loss": 0.2865967047214508,
  "test_acc": 0.9097,
  "test_ece": 0.031080931425094604,
  "test_entropy": 0.16458578407764435,
  "bin_accuracies": [
    0.0,
    0.0,
    0.0,
    0.0,
    0.3333333333333333,
    0.16666666666666666,
    0.45454545454545453,
    0.41025641025641024,
    0.5172413793103449,
    0.6047619047619047,
    0.6244541484716157,
    0.6666666666666666,
    0.6962750716332379,
    0.801980198019802,
    0.9775689223057644
  ],
  "bin_confidences": [
    0.0,
    0.0,
    0.0,
    0.22428113222122192,
    0.309720903635025,
    0.3675455152988434,
    0.439766526222229,
    0.5059618353843689,
    0.5672089457511902,
    0.6323618292808533,
    0.7002398371696472,
    0.7685855031013489,
    0.8367551565170288,
    0.9026215076446533,
    0.9938858151435852
  ],
  "bin_counts": [
    0.0,
    0.0,
    0.0,
    1.0,
    6.0,
    30.0,
    88.0,
    156.0,
    203.0,
    210.0,
    229.0,
    243.0,
    349.0,
    505.0,
    7980.0
  ],
  "per_class_acc": [
    0.8830000162124634,
    0.9679999947547913,
    0.9139999747276306,
    0.8489999771118164,
    0.8980000019073486,
    0.8100000023841858,
    0.9359999895095825,
    0.9539999961853027,
    0.9620000123977661,
    0.9229999780654907
  ]
}