{
  "epoch": 34,
  "train_loss": 0.08639592394385191,
  "train_acc": 0.97152,
  "test_loss": 0.2759883810952306,
  "test_acc": 0.9188,
  "test_ece": 0.03218851238489151,
  "test_entropy": 0.13654987514019012,
  "bin_accuracies": [
    0.0,
    0.0,
    0.0,
    0.0,
    0.625,
    0.25806451612903225,
    0.42,
    0.5037037037037037,
    0.49404761904761907,
    0.5872093023255814,
    0.5882352941176471,
    0.5882352941176471,
    0.7024221453287197,
    0.805439330543933,
    0.9765643875332206
  ],
  "bin_confidences": [
    0.0,
    0.0,
    0.0,
    0.0,
    0.308684766292572,
    0.36925679445266724,
    0.43587398529052734,
    0.5057128071784973,
    0.5664446949958801,
    0.6336386203765869,
    0.697785496711731,
    0.7684906721115112,
    0.835607647895813,
    0.903509795665741,
    0.9947806000709534
  ],
  "bin_counts": [
    0.0,
    0.0,
    0.0,
    0.0,
    8.0,
    31.0,
    50.0,
    135.0,
    168.0,
    172.0,
    170.0,
    221.0,
    289.0,
    478.0,
    8278.0
  ],
  "per_class_acc": [
    0.9259999990463257,
    0.9769999980926514,
    0.8849999904632568,
    0.8330000042915344,
    0.9210000038146973,
    0.8669999837875366,
    0.9390000104904175,
    0.9490000009536743,
    0.9539999961853027,
    0.9369999766349792
  ]
}