{
  "epoch": 18,
  "train_loss": 0.2687168357431736,
  "train_acc": 0.90756,
  "test_loss": 0.3843990683555603,
  "test_acc": 0.8741,
  "test_ece": 0.03864829242229462,
  "test_entropy": 0.2429305613040924,
  "bin_accuracies": [
    0.0,
    0.0,
    0.0,
    0.16666666666666666,
    0.23076923076923078,
    0.2716049382716049,
    0.4,
    0.44223107569721115,
    0.4899328859060403,
    0.5338345864661654,
    0.6428571428571429,
    0.6387434554973822,
    0.7097505668934241,
    0.82689556509299,
    0.9727719298245614
  ],
  "bin_confidences": [
    0.0,
    0.0,
    0.0,
    0.24048441648483276,
    0.3082861602306366,
    0.37012889981269836,
    0.43449166417121887,
    0.5019233822822571,
    0.5672580003738403,
    0.6352612376213074,
    0.7011690735816956,
    0.767759382724762,
    0.835555911064148,
    0.9025248289108276,
    0.9912892580032349
  ],
  "bin_counts": [
    0.0,
    0.0,
    0.0,
    6.0,
    13.0,
    81.0,
    130.0,
    251.0,
    298.0,
    266.0,
    308.0,
    382.0,
    441.0,
    699.0,
    7125.0
  ],
  "per_class_acc": [
    0.8519999980926514,
    0.9549999833106995,
    0.7730000019073486,
    0.8790000081062317,
    0.8759999871253967,
    0.7080000042915344,
    0.9430000185966492,
    0.8859999775886536,
    0.9309999942779541,
    0.9380000233650208
  ]
}