{
  "epoch": 41,
  "train_loss": 0.04891334578413945,
  "train_acc": 0.98524,
  "test_loss": 0.26766158170998094,
  "test_acc": 0.9233,
  "test_ece": 0.03611372783780098,
  "test_entropy": 0.11211518198251724,
  "bin_accuracies": [
    0.0,
    0.0,
    0.0,
    0.0,
    0.5,
    0.47368421052631576,
    0.44,
    0.4326923076923077,
    0.3916083916083916,
    0.5705128205128205,
    0.5912408759124088,
    0.5872093023255814,
    0.7022900763358778,
    0.7571801566579635,
    0.9746850209986001
  ],
  "bin_confidences": [
    0.0,
    0.0,
    0.0,
    0.0,
    0.3173829913139343,
    0.3704185485839844,
    0.4350745379924774,
    0.5067915916442871,
    0.5676199197769165,
    0.6330041885375977,
    0.7005384564399719,
    0.7687723636627197,
    0.8339188098907471,
    0.9034216403961182,
    0.9955858588218689
  ],
  "bin_counts": [
    0.0,
    0.0,
    0.0,
    0.0,
    2.0,
    19.0,
    50.0,
    104.0,
    143.0,
    156.0,
    137.0,
    172.0,
    262.0,
    383.0,
    8572.0
  ],
  "per_class_acc": [
    0.9369999766349792,
    0.9739999771118164,
    0.9049999713897705,
    0.8080000281333923,
    0.9359999895095825,
    0.8809999823570251,
    0.9430000185966492,
    0.9539999961853027,
    0.9509999752044678,
    0.9440000057220459
  ]
}