{
  "epoch": 16,
  "train_loss": 0.29636487216138474,
  "train_acc": 0.89794,
  "test_loss": 0.38937309831380845,
  "test_acc": 0.8737,
  "test_ece": 0.030660444870591164,
  "test_entropy": 0.2675288915634155,
  "bin_accuracies": [
    0.0,
    0.0,
    0.0,
    0.18181818181818182,
    0.3333333333333333,
    0.27848101265822783,
    0.42567567567567566,
    0.46308724832214765,
    0.5172413793103449,
    0.5860927152317881,
    0.595679012345679,
    0.6675,
    0.7422680412371134,
    0.8385269121813032,
    0.9782545665410264
  ],
  "bin_confidences": [
    0.0,
    0.0,
    0.0,
    0.23918713629245758,
    0.30486249923706055,
    0.3684123456478119,
    0.4380587041378021,
    0.5040826201438904,
    0.5674548745155334,
    0.6352394819259644,
    0.7011274099349976,
    0.7697002291679382,
    0.8342117667198181,
    0.9029995799064636,
    0.9909976124763489
  ],
  "bin_counts": [
    0.0,
    0.0,
    0.0,
    11.0,
    30.0,
    79.0,
    148.0,
    298.0,
    319.0,
    302.0,
    324.0,
    400.0,
    485.0,
    706.0,
    6898.0
  ],
  "per_class_acc": [
    0.9210000038146973,
    0.9190000295639038,
    0.6880000233650208,
    0.8009999990463257,
    0.8610000014305115,
    0.8309999704360962,
    0.9359999895095825,
    0.9039999842643738,
    0.9440000057220459,
    0.9319999814033508
  ]
}