{
  "epoch": 43,
  "train_loss": 0.0373367139643244,
  "train_acc": 0.98848,
  "test_loss": 0.2775306560844183,
  "test_acc": 0.9226,
  "test_ece": 0.037353646010160446,
  "test_entropy": 0.10869841277599335,
  "bin_accuracies": [
    0.0,
    0.0,
    0.0,
    0.0,
    0.16666666666666666,
    0.2608695652173913,
    0.41025641025641024,
    0.3644859813084112,
    0.4927536231884058,
    0.582089552238806,
    0.5405405405405406,
    0.6153846153846154,
    0.6810344827586207,
    0.7416879795396419,
    0.9741860465116279
  ],
  "bin_confidences": [
    0.0,
    0.0,
    0.0,
    0.0,
    0.303546667098999,
    0.37075552344322205,
    0.4350300431251526,
    0.5064334869384766,
    0.5676471590995789,
    0.6333531737327576,
    0.7004181742668152,
    0.7702628374099731,
    0.8338088989257812,
    0.90314781665802,
    0.9958498477935791
  ],
  "bin_counts": [
    0.0,
    0.0,
    0.0,
    0.0,
    6.0,
    23.0,
    39.0,
    107.0,
    138.0,
    134.0,
    148.0,
    182.0,
    232.0,
    391.0,
    8600.0
  ],
  "per_class_acc": [
    0.9190000295639038,
    0.9760000109672546,
    0.8769999742507935,
    0.8040000200271606,
    0.9350000023841858,
    0.9269999861717224,
    0.9559999704360962,
    0.9330000281333923,
    0.9470000267028809,
    0.9520000219345093
  ]
}