{
  "epoch": 8,
  "train_loss": 0.4764336803380181,
  "train_acc": 0.83536,
  "test_loss": 0.4691895237565041,
  "test_acc": 0.8421,
  "test_ece": 0.028551608324050903,
  "test_entropy": 0.370925635099411,
  "bin_accuracies": [
    0.0,
    0.0,
    0.0,
    0.21428571428571427,
    0.34545454545454546,
    0.38666666666666666,
    0.3900414937759336,
    0.5248756218905473,
    0.5486111111111112,
    0.5516372795969773,
    0.6147186147186147,
    0.7076271186440678,
    0.7794612794612794,
    0.8608695652173913,
    0.9737246203719502
  ],
  "bin_confidences": [
    0.0,
    0.0,
    0.0,
    0.24155448377132416,
    0.3095189929008484,
    0.37246280908584595,
    0.43597084283828735,
    0.5021566152572632,
    0.567510187625885,
    0.6335880756378174,
    0.6997166275978088,
    0.7679651379585266,
    0.8357154130935669,
    0.9030010104179382,
    0.9874024987220764
  ],
  "bin_counts": [
    0.0,
    0.0,
    0.0,
    14.0,
    55.0,
    150.0,
    241.0,
    402.0,
    432.0,
    397.0,
    462.0,
    472.0,
    594.0,
    920.0,
    5861.0
  ],
  "per_class_acc": [
    0.8339999914169312,
    0.8930000066757202,
    0.859000027179718,
    0.7519999742507935,
    0.8320000171661377,
    0.6840000152587891,
    0.8629999756813049,
    0.8550000190734863,
    0.9509999752044678,
    0.8980000019073486
  ]
}