{
  "epoch": 14,
  "train_loss": 0.33359563621261235,
  "train_acc": 0.88318,
  "test_loss": 0.41625241190195084,
  "test_acc": 0.8612,
  "test_ece": 0.03566613793373108,
  "test_entropy": 0.2849175035953522,
  "bin_accuracies": [
    0.0,
    0.0,
    0.0,
    0.3333333333333333,
    0.27586206896551724,
    0.32608695652173914,
    0.34831460674157305,
    0.4178082191780822,
    0.5116279069767442,
    0.5502645502645502,
    0.6484149855907781,
    0.6930455635491607,
    0.7479338842975206,
    0.8342175066312998,
    0.9727626459143969
  ],
  "bin_confidences": [
    0.0,
    0.0,
    0.0,
    0.25214502215385437,
    0.3068138062953949,
    0.36734700202941895,
    0.4362465441226959,
    0.5028078556060791,
    0.5665821433067322,
    0.6328306198120117,
    0.702182948589325,
    0.7684811949729919,
    0.8361707329750061,
    0.9024965763092041,
    0.9902414679527283
  ],
  "bin_counts": [
    0.0,
    0.0,
    0.0,
    3.0,
    29.0,
    92.0,
    178.0,
    292.0,
    344.0,
    378.0,
    347.0,
    417.0,
    484.0,
    754.0,
    6682.0
  ],
  "per_class_acc": [
    0.8730000257492065,
    0.9589999914169312,
    0.8579999804496765,
    0.8309999704360962,
    0.8309999704360962,
    0.7409999966621399,
    0.8849999904632568,
    0.7929999828338623,
    0.9549999833106995,
    0.8859999775886536
  ]
}