{
  "train_loss": [
    1.7610684627157343,
    1.4071234394522274,
    1.2534295052213742,
    1.1630306722562942,
    1.0967576134845118,
    1.053174420848222,
    1.0126994093665687,
    0.9772543661734637,
    0.9526057209810028,
    0.9274285923489525,
    0.9074348289033641,
    0.8855600224431518,
    0.8716760558240554,
    0.8537624327423018,
    0.841667148310815,
    0.8266743987112704,
    0.8144445954381353,
    0.8032125711745923,
    0.7949600344728631,
    0.7851881727843029,
    0.7750758909813279,
    0.763643051809667,
    0.7087641273008283,
    0.6920871919073412,
    0.6839832745854507,
    0.679222367151314,
    0.675729040294657,
    0.6702102719975249,
    0.6629422802449493,
    0.6617551726453444,
    0.6525694964182042,
    0.6479692585632929,
    0.6165360044640349,
    0.606291830997028,
    0.5995104526314894,
    0.5923773484766636,
    0.5877830195609871,
    0.5811890305765449,
    0.579230774622744,
    0.5712683893683012,
    0.5467089227855663,
    0.5356074737770783,
    0.5319208891495414,
    0.5267928594823383,
    0.5172266595046539,
    0.5121924016634216,
    0.493509809226941,
    0.4837661640113577,
    0.47968235055503944,
    0.471810550640916
  ],
  "train_acc": [
    0.31388,
    0.40604,
    0.44094,
    0.46954,
    0.48412,
    0.49374,
    0.50656,
    0.51534,
    0.52156,
    0.52804,
    0.53452,
    0.54236,
    0.54456,
    0.55246,
    0.5526,
    0.5639,
    0.56716,
    0.57024,
    0.56966,
    0.57878,
    0.57928,
    0.58222,
    0.6072,
    0.61492,
    0.61612,
    0.62116,
    0.62464,
    0.6292,
    0.63256,
    0.63264,
    0.6399,
    0.64274,
    0.66502,
    0.66936,
    0.67242,
    0.67968,
    0.68382,
    0.68782,
    0.69182,
    0.69796,
    0.7147,
    0.7212,
    0.72744,
    0.73348,
    0.73948,
    0.74344,
    0.75838,
    0.76372,
    0.76798,
    0.7718
  ],
  "test_loss": [
    1.415294417142868,
    1.4622644460201264,
    1.2251161420345307,
    1.045966276526451,
    1.0938166731595993,
    0.9337739944458008,
    0.9439191955327988,
    0.9897705549001694,
    0.9236022543907165,
    0.8811611545085907,
    0.8350244134664535,
    0.867782073020935,
    0.8743502020835876,
    0.831254905462265,
    0.8382543176412582,
    0.8137567234039307,
    0.8658516895771027,
    0.8280205100774765,
    0.8250586801767349,
    0.8951091849803925,
    0.8552996057271958,
    0.8410423517227172,
    0.7737501776218414,
    0.7367422783374786,
    0.7716421413421631,
    0.7290603804588318,
    0.745178627371788,
    0.7520288622379303,
    0.7728894931077958,
    0.7682701230049134,
    0.7652088612318039,
    0.7819969701766968,
    0.7285470026731491,
    0.7257740306854248,
    0.7379821789264679,
    0.762704992890358,
    0.7769941139221191,
    0.7977074086666107,
    0.7654885858297348,
    0.7652789855003357,
    0.7870116251707077,
    0.812181168794632,
    0.8296465712785721,
    0.7955901646614074,
    0.8310162937641143,
    0.8367600965499878,
    0.8370474010705948,
    0.8549339556694031,
    0.8512667959928513,
    0.8257227486371994
  ],
  "test_acc": [
    0.4615,
    0.4501,
    0.4666,
    0.6066,
    0.6245,
    0.5942,
    0.6514,
    0.6165,
    0.5855,
    0.6377,
    0.6373,
    0.6615,
    0.6654,
    0.6819,
    0.6887,
    0.6777,
    0.6831,
    0.6581,
    0.6699,
    0.67,
    0.6509,
    0.684,
    0.6702,
    0.7271,
    0.6693,
    0.7541,
    0.7457,
    0.7355,
    0.7003,
    0.7009,
    0.7049,
    0.7106,
    0.7292,
    0.7343,
    0.7109,
    0.6818,
    0.6729,
    0.6633,
    0.6963,
    0.7018,
    0.6658,
    0.6485,
    0.6335,
    0.6644,
    0.6451,
    0.643,
    0.6368,
    0.6278,
    0.6379,
    0.655
  ],
  "test_ece": [
    0.03765183687210083,
    0.12727338075637817,
    0.09183257818222046,
    0.06981521844863892,
    0.07681772112846375,
    0.07436713576316833,
    0.10137099027633667,
    0.04986554756760597,
    0.06353569030761719,
    0.050270549952983856,
    0.09324400871992111,
    0.08822105079889297,
    0.09554748237133026,
    0.0926431268453598,
    0.10506237298250198,
    0.0763154849410057,
    0.10581230372190475,
    0.05439046770334244,
    0.08218395709991455,
    0.0910557359457016,
    0.054419565945863724,
    0.08569222688674927,
    0.06089580059051514,
    0.11279948055744171,
    0.0644843578338623,
    0.1322116106748581,
    0.13179917633533478,
    0.1287572830915451,
    0.06321302056312561,
    0.07967553287744522,
    0.07336452603340149,
    0.07415532320737839,
    0.09155194461345673,
    0.08614163100719452,
    0.05218980833888054,
    0.02900380641222,
    0.03607141971588135,
    0.016699979081749916,
    0.028226463124155998,
    0.024969913065433502,
    0.024616384878754616,
    0.04179971292614937,
    0.06341585516929626,
    0.04500369727611542,
    0.06156390532851219,
    0.07168158888816833,
    0.08016622811555862,
    0.0940740704536438,
    0.09053070843219757,
    0.0804043710231781
  ],
  "test_entropy": [
    1.3321908712387085,
    1.0948917865753174,
    1.1216535568237305,
    1.0258078575134277,
    0.9525955319404602,
    0.902883768081665,
    0.9233040809631348,
    0.9119070172309875,
    0.8726335763931274,
    0.8517211079597473,
    0.8507440686225891,
    0.823510468006134,
    0.8349384665489197,
    0.8086846470832825,
    0.8206502795219421,
    0.777285635471344,
    0.8077628016471863,
    0.7646165490150452,
    0.7732639908790588,
    0.7782151103019714,
    0.7485435605049133,
    0.7472399473190308,
    0.7130903601646423,
    0.7062020301818848,
    0.7058693170547485,
    0.6947649121284485,
    0.7113489508628845,
    0.7080077528953552,
    0.67815762758255,
    0.6990233659744263,
    0.6743238568305969,
    0.6705926656723022,
    0.6640620231628418,
    0.6492601037025452,
    0.6453662514686584,
    0.6359992623329163,
    0.6508234739303589,
    0.6450845003128052,
    0.6252292394638062,
    0.618607223033905,
    0.6175563335418701,
    0.6145244836807251,
    0.6063212156295776,
    0.5949500203132629,
    0.5961786508560181,
    0.583804190158844,
    0.5827203989028931,
    0.5772646069526672,
    0.5668718218803406,
    0.5584397315979004
  ],
  "epoch_time": [
    26.75304889678955,
    26.724392890930176,
    26.936229467391968,
    26.72455072402954,
    26.725993871688843,
    26.740228176116943,
    26.768759727478027,
    26.71698570251465,
    26.757360219955444,
    26.74713683128357,
    26.775670528411865,
    26.75279188156128,
    26.730401039123535,
    26.692768812179565,
    26.721980571746826,
    26.68763494491577,
    26.742634773254395,
    26.761417388916016,
    26.725297212600708,
    26.72118330001831,
    26.789499282836914,
    26.743816375732422,
    26.848602771759033,
    26.723056077957153,
    26.753734827041626,
    26.71297025680542,
    26.759515523910522,
    26.715556383132935,
    26.720256328582764,
    26.788610219955444,
    26.753501415252686,
    26.748071908950806,
    26.752967834472656,
    26.76407742500305,
    26.820605993270874,
    26.807398080825806,
    26.78095769882202,
    26.901754140853882,
    26.797359228134155,
    26.70617413520813,
    26.784356832504272,
    26.718164682388306,
    26.74900722503662,
    26.924025535583496,
    26.72562551498413,
    26.744495391845703,
    26.782249689102173,
    26.745150327682495,
    26.70931053161621,
    26.75172758102417
  ]
}