{
  "epoch": 30,
  "train_loss": 0.6525694964182042,
  "train_acc": 0.6399,
  "test_loss": 0.7652088612318039,
  "test_acc": 0.7049,
  "test_ece": 0.07336452603340149,
  "test_entropy": 0.6743238568305969,
  "bin_accuracies": [
    0.0,
    0.0,
    0.5,
    0.0,
    0.3611111111111111,
    0.3081081081081081,
    0.38492063492063494,
    0.49126344086021506,
    0.6484477481416703,
    0.7303598580841358,
    0.8090277777777778,
    0.8514150943396226,
    0.8936708860759494,
    0.84251968503937,
    0.9759725400457666
  ],
  "bin_confidences": [
    0.0,
    0.0,
    0.18679314851760864,
    0.24831286072731018,
    0.3096981346607208,
    0.37090325355529785,
    0.4359765946865082,
    0.5118711590766907,
    0.5660523772239685,
    0.6316559910774231,
    0.6980266571044922,
    0.7642228603363037,
    0.828214704990387,
    0.8932793736457825,
    0.9963850975036621
  ],
  "bin_counts": [
    0.0,
    0.0,
    2.0,
    21.0,
    108.0,
    185.0,
    252.0,
    1488.0,
    2287.0,
    1973.0,
    1440.0,
    848.0,
    395.0,
    127.0,
    874.0
  ],
  "per_class_acc": [
    0.8790000081062317,
    0.7620000243186951,
    0.5260000228881836,
    0.26100000739097595,
    0.8569999933242798,
    0.8519999980926514,
    0.9430000185966492,
    0.5680000185966492,
    0.6169999837875366,
    0.7839999794960022
  ]
}