{
  "epoch": 38,
  "train_loss": 0.579230774622744,
  "train_acc": 0.69182,
  "test_loss": 0.7654885858297348,
  "test_acc": 0.6963,
  "test_ece": 0.028226463124155998,
  "test_entropy": 0.6252292394638062,
  "bin_accuracies": [
    0.0,
    0.0,
    0.0,
    0.21428571428571427,
    0.24193548387096775,
    0.291970802919708,
    0.38144329896907214,
    0.4908759124087591,
    0.5752747252747252,
    0.6753022452504318,
    0.7379679144385026,
    0.7956487956487956,
    0.8450363196125908,
    0.8678304239401496,
    0.9677072120559742
  ],
  "bin_confidences": [
    0.0,
    0.0,
    0.19847498834133148,
    0.22942937910556793,
    0.3078163266181946,
    0.3702884912490845,
    0.4362478256225586,
    0.5111605525016785,
    0.5663301944732666,
    0.6330196857452393,
    0.6989221572875977,
    0.7652050852775574,
    0.8297681212425232,
    0.8936382532119751,
    0.9934307932853699
  ],
  "bin_counts": [
    0.0,
    0.0,
    1.0,
    14.0,
    62.0,
    137.0,
    194.0,
    1096.0,
    1820.0,
    1737.0,
    1496.0,
    1287.0,
    826.0,
    401.0,
    929.0
  ],
  "per_class_acc": [
    0.8119999766349792,
    0.6959999799728394,
    0.4350000023841858,
    0.39100000262260437,
    0.5989999771118164,
    0.7710000276565552,
    0.9350000023841858,
    0.7799999713897705,
    0.8050000071525574,
    0.7390000224113464
  ]
}