{
  "epoch": 18,
  "train_loss": 0.7949600344728631,
  "train_acc": 0.56966,
  "test_loss": 0.8250586801767349,
  "test_acc": 0.6699,
  "test_ece": 0.08218395709991455,
  "test_entropy": 0.7732639908790588,
  "bin_accuracies": [
    0.0,
    0.0,
    0.0,
    0.2876712328767123,
    0.35906040268456374,
    0.33035714285714285,
    0.41796875,
    0.4912652196929592,
    0.6168437025796661,
    0.7826552462526767,
    0.9176161262050833,
    0.9256198347107438,
    0.8548387096774194,
    0.8205128205128205,
    0.9794344473007712
  ],
  "bin_confidences": [
    0.0,
    0.0,
    0.18684795498847961,
    0.24541881680488586,
    0.30285054445266724,
    0.3686280846595764,
    0.4341336786746979,
    0.5084834098815918,
    0.5658752918243408,
    0.6303638815879822,
    0.6968978047370911,
    0.758358359336853,
    0.8281092047691345,
    0.9087964296340942,
    0.9934696555137634
  ],
  "bin_counts": [
    0.0,
    0.0,
    5.0,
    73.0,
    298.0,
    336.0,
    512.0,
    1889.0,
    2636.0,
    1868.0,
    1141.0,
    363.0,
    62.0,
    39.0,
    778.0
  ],
  "per_class_acc": [
    0.9010000228881836,
    0.9169999957084656,
    0.2809999883174896,
    0.3160000145435333,
    0.777999997138977,
    0.8629999756813049,
    0.9089999794960022,
    0.8840000033378601,
    0.17100000381469727,
    0.6790000200271606
  ]
}