{
  "epoch": 31,
  "train_loss": 0.6479692585632929,
  "train_acc": 0.64274,
  "test_loss": 0.7819969701766968,
  "test_acc": 0.7106,
  "test_ece": 0.07415532320737839,
  "test_entropy": 0.6705926656723022,
  "bin_accuracies": [
    0.0,
    0.0,
    0.25,
    0.10526315789473684,
    0.30526315789473685,
    0.3882978723404255,
    0.3991769547325103,
    0.4978932584269663,
    0.6031613976705491,
    0.7406073082861554,
    0.8633540372670807,
    0.8859447004608295,
    0.9058171745152355,
    0.8160919540229885,
    0.9704918032786886
  ],
  "bin_confidences": [
    0.0,
    0.0,
    0.18974727392196655,
    0.2390960156917572,
    0.3016449511051178,
    0.3674279749393463,
    0.4350675046443939,
    0.5114808678627014,
    0.5657162070274353,
    0.6327317357063293,
    0.6973695158958435,
    0.761671781539917,
    0.8280423283576965,
    0.8895856738090515,
    0.9966768622398376
  ],
  "bin_counts": [
    0.0,
    0.0,
    4.0,
    19.0,
    95.0,
    188.0,
    243.0,
    1424.0,
    2404.0,
    1943.0,
    1449.0,
    868.0,
    361.0,
    87.0,
    915.0
  ],
  "per_class_acc": [
    0.9010000228881836,
    0.8859999775886536,
    0.5080000162124634,
    0.6460000276565552,
    0.5149999856948853,
    0.45100000500679016,
    0.9549999833106995,
    0.8809999823570251,
    0.8090000152587891,
    0.5540000200271606
  ]
}