{
  "epoch": 37,
  "train_loss": 0.5811890305765449,
  "train_acc": 0.68782,
  "test_loss": 0.7977074086666107,
  "test_acc": 0.6633,
  "test_ece": 0.016699979081749916,
  "test_entropy": 0.6450845003128052,
  "bin_accuracies": [
    0.0,
    0.0,
    0.0,
    0.3333333333333333,
    0.27058823529411763,
    0.3108108108108108,
    0.3838383838383838,
    0.5078369905956113,
    0.5488899385923477,
    0.6345532831001076,
    0.7326860841423948,
    0.7789084181313598,
    0.8257191201353637,
    0.8253968253968254,
    0.9810201660735468
  ],
  "bin_confidences": [
    0.0,
    0.0,
    0.0,
    0.2575126588344574,
    0.3029794991016388,
    0.365894615650177,
    0.435842365026474,
    0.5128033757209778,
    0.5666430592536926,
    0.6325079202651978,
    0.6987739205360413,
    0.7648122310638428,
    0.8292243480682373,
    0.8920937180519104,
    0.9941989779472351
  ],
  "bin_counts": [
    0.0,
    0.0,
    0.0,
    6.0,
    85.0,
    148.0,
    198.0,
    1276.0,
    2117.0,
    1858.0,
    1545.0,
    1081.0,
    591.0,
    252.0,
    843.0
  ],
  "per_class_acc": [
    0.7429999709129333,
    0.4830000102519989,
    0.4650000035762787,
    0.6539999842643738,
    0.7170000076293945,
    0.546999990940094,
    0.9139999747276306,
    0.6980000138282776,
    0.640999972820282,
    0.7710000276565552
  ]
}