{
  "epoch": 9,
  "train_loss": 0.9274285923489525,
  "train_acc": 0.52804,
  "test_loss": 0.8811611545085907,
  "test_acc": 0.6377,
  "test_ece": 0.050270549952983856,
  "test_entropy": 0.8517211079597473,
  "bin_accuracies": [
    0.0,
    0.0,
    0.0,
    0.29457364341085274,
    0.297029702970297,
    0.3747534516765286,
    0.4535928143712575,
    0.5478966041561074,
    0.6681985294117647,
    0.6324085750315258,
    0.700587084148728,
    0.9527777777777777,
    0.9532163742690059,
    0.9666666666666667,
    0.988929889298893
  ],
  "bin_confidences": [
    0.0,
    0.0,
    0.1892217993736267,
    0.24273651838302612,
    0.30243954062461853,
    0.36772841215133667,
    0.4360823631286621,
    0.5064497590065002,
    0.5652737617492676,
    0.6315959692001343,
    0.6982166171073914,
    0.7625495195388794,
    0.8216788172721863,
    0.9047322869300842,
    0.9855690002441406
  ],
  "bin_counts": [
    0.0,
    0.0,
    12.0,
    129.0,
    404.0,
    507.0,
    668.0,
    1973.0,
    2176.0,
    1586.0,
    1022.0,
    720.0,
    171.0,
    90.0,
    542.0
  ],
  "per_class_acc": [
    0.9110000133514404,
    0.003000000026077032,
    0.5130000114440918,
    0.4020000100135803,
    0.8149999976158142,
    0.7390000224113464,
    0.8370000123977661,
    0.7049999833106995,
    0.4869999885559082,
    0.9649999737739563
  ]
}