{
  "epoch": 19,
  "train_loss": 0.7851881727843029,
  "train_acc": 0.57878,
  "test_loss": 0.8951091849803925,
  "test_acc": 0.67,
  "test_ece": 0.0910557359457016,
  "test_entropy": 0.7782151103019714,
  "bin_accuracies": [
    0.0,
    0.0,
    0.5,
    0.15517241379310345,
    0.31225296442687744,
    0.361323155216285,
    0.4020408163265306,
    0.5401742497579864,
    0.6791371755982474,
    0.7947932618683001,
    0.8413098236775819,
    0.696969696969697,
    0.5263157894736842,
    0.8181818181818182,
    0.979757085020243
  ],
  "bin_confidences": [
    0.0,
    0.0,
    0.19600945711135864,
    0.23959392309188843,
    0.304353803396225,
    0.3699493408203125,
    0.43506336212158203,
    0.5091632604598999,
    0.5654780864715576,
    0.6298974752426147,
    0.6931725740432739,
    0.7597082853317261,
    0.8320450782775879,
    0.9026293158531189,
    0.9920550584793091
  ],
  "bin_counts": [
    0.0,
    0.0,
    2.0,
    58.0,
    253.0,
    393.0,
    490.0,
    2066.0,
    2967.0,
    1959.0,
    794.0,
    165.0,
    57.0,
    55.0,
    741.0
  ],
  "per_class_acc": [
    0.7670000195503235,
    0.6200000047683716,
    0.6980000138282776,
    0.7509999871253967,
    0.6230000257492065,
    0.5809999704360962,
    0.8920000195503235,
    0.8090000152587891,
    0.08399999886751175,
    0.875
  ]
}