{
  "epoch": 23,
  "train_loss": 0.6920871919073412,
  "train_acc": 0.61492,
  "test_loss": 0.7367422783374786,
  "test_acc": 0.7271,
  "test_ece": 0.11279948055744171,
  "test_entropy": 0.7062020301818848,
  "bin_accuracies": [
    0.0,
    0.0,
    0.0,
    0.2777777777777778,
    0.2867647058823529,
    0.39759036144578314,
    0.36666666666666664,
    0.530031612223393,
    0.6679231059178289,
    0.8262295081967214,
    0.9196567862714509,
    0.9569707401032702,
    0.8928571428571429,
    0.7307692307692307,
    0.9781357882623706
  ],
  "bin_confidences": [
    0.0,
    0.0,
    0.18231049180030823,
    0.24527059495449066,
    0.3049963414669037,
    0.3676839768886566,
    0.43678364157676697,
    0.5112283825874329,
    0.5652324557304382,
    0.631859540939331,
    0.6972775459289551,
    0.7597848773002625,
    0.8251999616622925,
    0.9072253704071045,
    0.9957027435302734
  ],
  "bin_counts": [
    0.0,
    0.0,
    2.0,
    36.0,
    136.0,
    249.0,
    300.0,
    1898.0,
    2653.0,
    1830.0,
    1282.0,
    581.0,
    112.0,
    52.0,
    869.0
  ],
  "per_class_acc": [
    0.9259999990463257,
    0.5130000114440918,
    0.6520000100135803,
    0.37700000405311584,
    0.8740000128746033,
    0.828000009059906,
    0.9470000267028809,
    0.6190000176429749,
    0.593999981880188,
    0.9409999847412109
  ]
}