{
  "epoch": 35,
  "train_loss": 0.5923773484766636,
  "train_acc": 0.67968,
  "test_loss": 0.762704992890358,
  "test_acc": 0.6818,
  "test_ece": 0.02900380641222,
  "test_entropy": 0.6359992623329163,
  "bin_accuracies": [
    0.0,
    0.0,
    0.0,
    0.3076923076923077,
    0.18181818181818182,
    0.3888888888888889,
    0.37988826815642457,
    0.46018440905280805,
    0.560204081632653,
    0.6455624646693047,
    0.744140625,
    0.8036605657237936,
    0.8735332464146024,
    0.8791208791208791,
    0.9785794813979707
  ],
  "bin_confidences": [
    0.0,
    0.0,
    0.0,
    0.24789942800998688,
    0.3047354519367218,
    0.3661351203918457,
    0.4350878894329071,
    0.5117099285125732,
    0.5662919282913208,
    0.6327083110809326,
    0.6990930438041687,
    0.7641294598579407,
    0.8284915089607239,
    0.8942103981971741,
    0.9956267476081848
  ],
  "bin_counts": [
    0.0,
    0.0,
    0.0,
    13.0,
    77.0,
    144.0,
    179.0,
    1193.0,
    1960.0,
    1769.0,
    1536.0,
    1202.0,
    767.0,
    273.0,
    887.0
  ],
  "per_class_acc": [
    0.7590000033378601,
    0.3630000054836273,
    0.6570000052452087,
    0.7250000238418579,
    0.7369999885559082,
    0.47999998927116394,
    0.9350000023841858,
    0.5230000019073486,
    0.6990000009536743,
    0.9399999976158142
  ]
}