{
  "epoch": 40,
  "train_loss": 0.5467089227855663,
  "train_acc": 0.7147,
  "test_loss": 0.7870116251707077,
  "test_acc": 0.6658,
  "test_ece": 0.024616384878754616,
  "test_entropy": 0.6175563335418701,
  "bin_accuracies": [
    0.0,
    0.0,
    0.0,
    0.16666666666666666,
    0.23214285714285715,
    0.25892857142857145,
    0.3313953488372093,
    0.4638336347197107,
    0.5459893048128343,
    0.6310403638430927,
    0.7087947882736156,
    0.7700170357751278,
    0.7952095808383234,
    0.805352798053528,
    0.9636174636174636
  ],
  "bin_confidences": [
    0.0,
    0.0,
    0.19188697636127472,
    0.24426378309726715,
    0.30621060729026794,
    0.36868715286254883,
    0.4358363449573517,
    0.5122864842414856,
    0.5664098858833313,
    0.6326237916946411,
    0.6989844441413879,
    0.7652146816253662,
    0.831261396408081,
    0.896182119846344,
    0.9929485321044922
  ],
  "bin_counts": [
    0.0,
    0.0,
    2.0,
    6.0,
    56.0,
    112.0,
    172.0,
    1106.0,
    1870.0,
    1759.0,
    1535.0,
    1174.0,
    835.0,
    411.0,
    962.0
  ],
  "per_class_acc": [
    0.6650000214576721,
    0.6800000071525574,
    0.6230000257492065,
    0.4970000088214874,
    0.6460000276565552,
    0.6830000281333923,
    0.9449999928474426,
    0.6179999709129333,
    0.578000009059906,
    0.7229999899864197
  ]
}