{
  "epoch": 11,
  "train_loss": 0.8855600224431518,
  "train_acc": 0.54236,
  "test_loss": 0.867782073020935,
  "test_acc": 0.6615,
  "test_ece": 0.08822105079889297,
  "test_entropy": 0.823510468006134,
  "bin_accuracies": [
    0.0,
    0.0,
    0.1,
    0.23008849557522124,
    0.27647058823529413,
    0.3434125269978402,
    0.44272445820433437,
    0.5146226415094339,
    0.6225111743193824,
    0.8482339955849889,
    0.9372972972972973,
    0.9068627450980392,
    0.59375,
    0.7285714285714285,
    0.9539800995024875
  ],
  "bin_confidences": [
    0.0,
    0.0,
    0.19079260528087616,
    0.24151384830474854,
    0.3026357889175415,
    0.36754804849624634,
    0.43580982089042664,
    0.5075048804283142,
    0.56547611951828,
    0.6313915252685547,
    0.6939998865127563,
    0.7543575763702393,
    0.8316919803619385,
    0.9017742276191711,
    0.9927920699119568
  ],
  "bin_counts": [
    0.0,
    0.0,
    10.0,
    113.0,
    340.0,
    463.0,
    646.0,
    2120.0,
    2461.0,
    1812.0,
    925.0,
    204.0,
    32.0,
    70.0,
    804.0
  ],
  "per_class_acc": [
    0.8870000243186951,
    0.9789999723434448,
    0.40700000524520874,
    0.2619999945163727,
    0.6899999976158142,
    0.8700000047683716,
    0.9300000071525574,
    0.5799999833106995,
    0.8180000185966492,
    0.19200000166893005
  ]
}