{
  "epoch": 44,
  "train_loss": 0.5172266595046539,
  "train_acc": 0.73948,
  "test_loss": 0.8310162937641143,
  "test_acc": 0.6451,
  "test_ece": 0.06156390532851219,
  "test_entropy": 0.5961786508560181,
  "bin_accuracies": [
    0.0,
    0.0,
    0.0,
    0.2857142857142857,
    0.43902439024390244,
    0.26,
    0.3556701030927835,
    0.47243243243243244,
    0.529446757882213,
    0.5911139729555699,
    0.6160653505786249,
    0.7034976152623211,
    0.7355623100303952,
    0.7829232995658466,
    0.9460201280878316
  ],
  "bin_confidences": [
    0.0,
    0.0,
    0.16988910734653473,
    0.2596723139286041,
    0.3082309663295746,
    0.37085437774658203,
    0.43314090371131897,
    0.5120354294776917,
    0.566782534122467,
    0.6328484416007996,
    0.7000513672828674,
    0.7653746604919434,
    0.8320444822311401,
    0.8954182267189026,
    0.9875774383544922
  ],
  "bin_counts": [
    0.0,
    0.0,
    1.0,
    7.0,
    41.0,
    100.0,
    194.0,
    925.0,
    1681.0,
    1553.0,
    1469.0,
    1258.0,
    987.0,
    691.0,
    1093.0
  ],
  "per_class_acc": [
    0.5879999995231628,
    0.6710000038146973,
    0.6489999890327454,
    0.5019999742507935,
    0.6610000133514404,
    0.6740000247955322,
    0.9279999732971191,
    0.527999997138977,
    0.6240000128746033,
    0.6259999871253967
  ]
}