{
  "epoch": 17,
  "train_loss": 0.8032125711745923,
  "train_acc": 0.57024,
  "test_loss": 0.8280205100774765,
  "test_acc": 0.6581,
  "test_ece": 0.05439046770334244,
  "test_entropy": 0.7646165490150452,
  "bin_accuracies": [
    0.0,
    0.0,
    0.3333333333333333,
    0.2625,
    0.2988505747126437,
    0.38997214484679665,
    0.45869565217391306,
    0.5021224984839296,
    0.5564762320104666,
    0.6948051948051948,
    0.8552950687146321,
    0.9295154185022027,
    0.9064039408866995,
    0.6818181818181818,
    0.9558139534883721
  ],
  "bin_confidences": [
    0.0,
    0.0,
    0.19287139177322388,
    0.2408483475446701,
    0.30435818433761597,
    0.36728790402412415,
    0.43486541509628296,
    0.5090949535369873,
    0.5654177665710449,
    0.6319410800933838,
    0.6984472274780273,
    0.7618737816810608,
    0.8245314955711365,
    0.8949823975563049,
    0.9955365061759949
  ],
  "bin_counts": [
    0.0,
    0.0,
    3.0,
    80.0,
    261.0,
    359.0,
    460.0,
    1649.0,
    2293.0,
    1848.0,
    1237.0,
    681.0,
    203.0,
    66.0,
    860.0
  ],
  "per_class_acc": [
    0.31700000166893005,
    0.972000002861023,
    0.8820000290870667,
    0.8360000252723694,
    0.7919999957084656,
    0.14499999582767487,
    0.9549999833106995,
    0.5649999976158142,
    0.8560000061988831,
    0.26100000739097595
  ]
}