{
  "epoch": 32,
  "train_loss": 0.6165360044640349,
  "train_acc": 0.66502,
  "test_loss": 0.7285470026731491,
  "test_acc": 0.7292,
  "test_ece": 0.09155194461345673,
  "test_entropy": 0.6640620231628418,
  "bin_accuracies": [
    0.0,
    0.0,
    0.0,
    0.34782608695652173,
    0.1935483870967742,
    0.32748538011695905,
    0.34710743801652894,
    0.5087209302325582,
    0.6470074268239406,
    0.7613127797115863,
    0.860236220472441,
    0.8934065934065935,
    0.9146005509641874,
    0.8613861386138614,
    0.9710144927536232
  ],
  "bin_confidences": [
    0.0,
    0.0,
    0.0,
    0.24620947241783142,
    0.3100461959838867,
    0.37204253673553467,
    0.4368107318878174,
    0.5118224620819092,
    0.5659192204475403,
    0.6317754983901978,
    0.6983544826507568,
    0.7638949155807495,
    0.8270646333694458,
    0.8925617337226868,
    0.9968290328979492
  ],
  "bin_counts": [
    0.0,
    0.0,
    0.0,
    23.0,
    93.0,
    171.0,
    242.0,
    1376.0,
    2289.0,
    2011.0,
    1524.0,
    910.0,
    363.0,
    101.0,
    897.0
  ],
  "per_class_acc": [
    0.7059999704360962,
    0.6439999938011169,
    0.625,
    0.5440000295639038,
    0.6570000052452087,
    0.6510000228881836,
    0.9490000009536743,
    0.8289999961853027,
    0.7680000066757202,
    0.9190000295639038
  ]
}