{
  "epoch": 7,
  "train_loss": 0.9772543661734637,
  "train_acc": 0.51534,
  "test_loss": 0.9897705549001694,
  "test_acc": 0.6165,
  "test_ece": 0.04986554756760597,
  "test_entropy": 0.9119070172309875,
  "bin_accuracies": [
    0.0,
    0.0,
    0.25,
    0.25625,
    0.31547619047619047,
    0.3630769230769231,
    0.4030037546933667,
    0.5217391304347826,
    0.6252151462994836,
    0.7117064647641235,
    0.7984322508398656,
    0.8819095477386935,
    0.9166666666666666,
    0.927710843373494,
    0.980565371024735
  ],
  "bin_confidences": [
    0.0,
    0.0,
    0.18674471974372864,
    0.2435917854309082,
    0.30296143889427185,
    0.36688947677612305,
    0.43572357296943665,
    0.5066579580307007,
    0.5654842853546143,
    0.6305333375930786,
    0.6956520080566406,
    0.7592698335647583,
    0.8311973810195923,
    0.9014410972595215,
    0.9879851341247559
  ],
  "bin_counts": [
    0.0,
    0.0,
    4.0,
    160.0,
    504.0,
    650.0,
    799.0,
    1794.0,
    2324.0,
    1717.0,
    893.0,
    398.0,
    108.0,
    83.0,
    566.0
  ],
  "per_class_acc": [
    0.5329999923706055,
    0.9350000023841858,
    0.8080000281333923,
    0.7710000276565552,
    0.4830000102519989,
    0.03400000184774399,
    0.843999981880188,
    0.6899999976158142,
    0.8759999871253967,
    0.19099999964237213
  ]
}