{
  "epoch": 33,
  "train_loss": 0.606291830997028,
  "train_acc": 0.66936,
  "test_loss": 0.7257740306854248,
  "test_acc": 0.7343,
  "test_ece": 0.08614163100719452,
  "test_entropy": 0.6492601037025452,
  "bin_accuracies": [
    0.0,
    0.0,
    0.0,
    0.2,
    0.2535211267605634,
    0.30057803468208094,
    0.3556701030927835,
    0.49793899422918386,
    0.6352288488210819,
    0.7572614107883817,
    0.8316892725030827,
    0.8832046332046332,
    0.9357277882797732,
    0.8580645161290322,
    0.9709821428571429
  ],
  "bin_confidences": [
    0.0,
    0.0,
    0.0,
    0.2477037012577057,
    0.30812889337539673,
    0.3682442903518677,
    0.4340946078300476,
    0.5117387771606445,
    0.5665243864059448,
    0.6328000426292419,
    0.6993546485900879,
    0.7630260586738586,
    0.8276041746139526,
    0.8910425901412964,
    0.9965333342552185
  ],
  "bin_counts": [
    0.0,
    0.0,
    0.0,
    20.0,
    71.0,
    173.0,
    194.0,
    1213.0,
    2163.0,
    1928.0,
    1622.0,
    1036.0,
    529.0,
    155.0,
    896.0
  ],
  "per_class_acc": [
    0.8569999933242798,
    0.8309999704360962,
    0.4169999957084656,
    0.6589999794960022,
    0.8320000171661377,
    0.6069999933242798,
    0.9390000104904175,
    0.5879999995231628,
    0.8230000138282776,
    0.7900000214576721
  ]
}