{
  "epoch": 29,
  "train_loss": 0.6617551726453444,
  "train_acc": 0.63264,
  "test_loss": 0.7682701230049134,
  "test_acc": 0.7009,
  "test_ece": 0.07967553287744522,
  "test_entropy": 0.6990233659744263,
  "bin_accuracies": [
    0.0,
    0.0,
    0.0,
    0.047619047619047616,
    0.3511450381679389,
    0.34134615384615385,
    0.41114982578397213,
    0.5029620853080569,
    0.6424196018376723,
    0.7743813682678311,
    0.8294753086419753,
    0.880690737833595,
    0.8767123287671232,
    0.8333333333333334,
    0.9921875
  ],
  "bin_confidences": [
    0.0,
    0.0,
    0.0,
    0.25561100244522095,
    0.30574506521224976,
    0.36535266041755676,
    0.43664053082466125,
    0.511645495891571,
    0.5658095479011536,
    0.6317396759986877,
    0.6965409517288208,
    0.7622047066688538,
    0.8275541067123413,
    0.896589994430542,
    0.9951886534690857
  ],
  "bin_counts": [
    0.0,
    0.0,
    0.0,
    21.0,
    131.0,
    208.0,
    287.0,
    1688.0,
    2612.0,
    2061.0,
    1296.0,
    637.0,
    219.0,
    72.0,
    768.0
  ],
  "per_class_acc": [
    0.5979999899864197,
    0.8840000033378601,
    0.7739999890327454,
    0.7910000085830688,
    0.8730000257492065,
    0.38199999928474426,
    0.8989999890327454,
    0.5239999890327454,
    0.7110000252723694,
    0.5730000138282776
  ]
}