{
  "epoch": 41,
  "train_loss": 0.5356074737770783,
  "train_acc": 0.7212,
  "test_loss": 0.812181168794632,
  "test_acc": 0.6485,
  "test_ece": 0.04179971292614937,
  "test_entropy": 0.6145244836807251,
  "bin_accuracies": [
    0.0,
    0.0,
    0.0,
    0.09090909090909091,
    0.2857142857142857,
    0.2564102564102564,
    0.30526315789473685,
    0.4782187802516941,
    0.5503023639362287,
    0.6110174255199551,
    0.6736486486486486,
    0.7099748533109808,
    0.7257876312718786,
    0.7995642701525054,
    0.9545903257650543
  ],
  "bin_confidences": [
    0.0,
    0.0,
    0.0,
    0.25095269083976746,
    0.30745357275009155,
    0.36924123764038086,
    0.4356185793876648,
    0.5120095610618591,
    0.5662804245948792,
    0.6331820487976074,
    0.69881671667099,
    0.7656550407409668,
    0.8301846981048584,
    0.8964157104492188,
    0.9903281331062317
  ],
  "bin_counts": [
    0.0,
    0.0,
    0.0,
    11.0,
    49.0,
    117.0,
    190.0,
    1033.0,
    1819.0,
    1779.0,
    1480.0,
    1193.0,
    857.0,
    459.0,
    1013.0
  ],
  "per_class_acc": [
    0.5619999766349792,
    0.7009999752044678,
    0.5580000281333923,
    0.718999981880188,
    0.6639999747276306,
    0.41100001335144043,
    0.9309999942779541,
    0.6779999732971191,
    0.6179999709129333,
    0.6430000066757202
  ]
}