{
  "epoch": 6,
  "train_loss": 1.0126994093665687,
  "train_acc": 0.50656,
  "test_loss": 0.9439191955327988,
  "test_acc": 0.6514,
  "test_ece": 0.10137099027633667,
  "test_entropy": 0.9233040809631348,
  "bin_accuracies": [
    0.0,
    0.0,
    0.3333333333333333,
    0.31932773109243695,
    0.3505338078291815,
    0.4259818731117825,
    0.4867052023121387,
    0.6061502069781195,
    0.7740021574973032,
    0.7091805298829328,
    0.5809617271835132,
    0.835016835016835,
    0.9547511312217195,
    0.8484848484848485,
    0.9781021897810219
  ],
  "bin_confidences": [
    0.0,
    0.0,
    0.18800024688243866,
    0.2400723099708557,
    0.302141398191452,
    0.36726808547973633,
    0.4356842637062073,
    0.504249095916748,
    0.565467894077301,
    0.6324459910392761,
    0.6961206197738647,
    0.7646217346191406,
    0.8253331184387207,
    0.9016294479370117,
    0.986605703830719
  ],
  "bin_counts": [
    0.0,
    0.0,
    24.0,
    238.0,
    562.0,
    662.0,
    865.0,
    1691.0,
    1854.0,
    1623.0,
    1019.0,
    594.0,
    221.0,
    99.0,
    548.0
  ],
  "per_class_acc": [
    0.8009999990463257,
    0.9850000143051147,
    0.4959999918937683,
    0.5659999847412109,
    0.5789999961853027,
    0.5379999876022339,
    0.8700000047683716,
    0.8169999718666077,
    0.8619999885559082,
    0.0
  ]
}