{
  "epoch": 2,
  "train_loss": 1.2534295052213742,
  "train_acc": 0.44094,
  "test_loss": 1.2251161420345307,
  "test_acc": 0.4666,
  "test_ece": 0.09183257818222046,
  "test_entropy": 1.1216535568237305,
  "bin_accuracies": [
    0.0,
    0.0,
    0.13157894736842105,
    0.1729106628242075,
    0.28538011695906434,
    0.34277620396600567,
    0.37970253718285213,
    0.40105342362678703,
    0.3888888888888889,
    0.45874822190611664,
    0.6395641240569991,
    0.8368,
    0.9466666666666667,
    0.9519230769230769,
    0.9954128440366973
  ],
  "bin_confidences": [
    0.0,
    0.0,
    0.18600408732891083,
    0.2405548244714737,
    0.30150341987609863,
    0.36656033992767334,
    0.4347108006477356,
    0.5016754269599915,
    0.5668999552726746,
    0.6322320699691772,
    0.6980491876602173,
    0.7632304430007935,
    0.8235146999359131,
    0.9031645655632019,
    0.9714713096618652
  ],
  "bin_counts": [
    0.0,
    0.0,
    38.0,
    347.0,
    855.0,
    1059.0,
    1143.0,
    1329.0,
    1458.0,
    1406.0,
    1193.0,
    625.0,
    225.0,
    104.0,
    218.0
  ],
  "per_class_acc": [
    0.007000000216066837,
    0.8389999866485596,
    0.7409999966621399,
    0.4830000102519989,
    0.7639999985694885,
    0.20900000631809235,
    0.703000009059906,
    0.09399999678134918,
    0.8059999942779541,
    0.019999999552965164
  ]
}