{
  "epoch": 47,
  "train_loss": 0.4837661640113577,
  "train_acc": 0.76372,
  "test_loss": 0.8549339556694031,
  "test_acc": 0.6278,
  "test_ece": 0.0940740704536438,
  "test_entropy": 0.5772646069526672,
  "bin_accuracies": [
    0.0,
    0.0,
    0.0,
    0.0,
    0.23529411764705882,
    0.2857142857142857,
    0.3707865168539326,
    0.4928909952606635,
    0.5038220986796387,
    0.5292022792022792,
    0.5987215909090909,
    0.6470131885182312,
    0.6888297872340425,
    0.7482915717539863,
    0.9251968503937008
  ],
  "bin_confidences": [
    0.0,
    0.0,
    0.0,
    0.2447538524866104,
    0.3059481978416443,
    0.3687930405139923,
    0.4345504343509674,
    0.5121670365333557,
    0.5669722557067871,
    0.6340593099594116,
    0.6990245580673218,
    0.7660629749298096,
    0.8321681022644043,
    0.896859347820282,
    0.9837986826896667
  ],
  "bin_counts": [
    0.0,
    0.0,
    0.0,
    6.0,
    51.0,
    105.0,
    178.0,
    844.0,
    1439.0,
    1404.0,
    1408.0,
    1289.0,
    1128.0,
    878.0,
    1270.0
  ],
  "per_class_acc": [
    0.6069999933242798,
    0.5709999799728394,
    0.4779999852180481,
    0.5569999814033508,
    0.6629999876022339,
    0.5870000123977661,
    0.9290000200271606,
    0.5569999814033508,
    0.5699999928474426,
    0.7590000033378601
  ]
}