{
  "epoch": 12,
  "train_loss": 0.8716760558240554,
  "train_acc": 0.54456,
  "test_loss": 0.8743502020835876,
  "test_acc": 0.6654,
  "test_ece": 0.09554748237133026,
  "test_entropy": 0.8349384665489197,
  "bin_accuracies": [
    0.0,
    0.0,
    0.2857142857142857,
    0.19626168224299065,
    0.349862258953168,
    0.38551859099804303,
    0.4129032258064516,
    0.5169526998744245,
    0.6871508379888268,
    0.8365973072215422,
    0.9417098445595855,
    0.9315068493150684,
    0.8,
    0.9130434782608695,
    0.9887820512820513
  ],
  "bin_confidences": [
    0.0,
    0.0,
    0.17576266825199127,
    0.24338066577911377,
    0.30466893315315247,
    0.36660975217819214,
    0.43618035316467285,
    0.5090392231941223,
    0.5638547539710999,
    0.630359411239624,
    0.692003607749939,
    0.7545550465583801,
    0.8320494890213013,
    0.9024383425712585,
    0.9904358983039856
  ],
  "bin_counts": [
    0.0,
    0.0,
    7.0,
    107.0,
    363.0,
    511.0,
    620.0,
    2389.0,
    2685.0,
    1634.0,
    772.0,
    146.0,
    50.0,
    92.0,
    624.0
  ],
  "per_class_acc": [
    0.9020000100135803,
    0.8880000114440918,
    0.4569999873638153,
    0.3970000147819519,
    0.625,
    0.8130000233650208,
    0.8560000061988831,
    0.7770000100135803,
    0.36500000953674316,
    0.5740000009536743
  ]
}