{
  "epoch": 27,
  "train_loss": 0.6702102719975249,
  "train_acc": 0.6292,
  "test_loss": 0.7520288622379303,
  "test_acc": 0.7355,
  "test_ece": 0.1287572830915451,
  "test_entropy": 0.7080077528953552,
  "bin_accuracies": [
    0.0,
    0.0,
    0.5,
    0.12121212121212122,
    0.3076923076923077,
    0.2891566265060241,
    0.39100346020761245,
    0.5393073117097307,
    0.7115050399721933,
    0.8584237848041529,
    0.8992932862190812,
    0.8908554572271387,
    0.896551724137931,
    0.7073170731707317,
    0.9836639439906651
  ],
  "bin_confidences": [
    0.0,
    0.0,
    0.1881624162197113,
    0.24433526396751404,
    0.30188295245170593,
    0.3673856854438782,
    0.4357224404811859,
    0.5119779109954834,
    0.566024124622345,
    0.6308975219726562,
    0.6964812874794006,
    0.7594037055969238,
    0.8253443837165833,
    0.9015436172485352,
    0.9963597059249878
  ],
  "bin_counts": [
    0.0,
    0.0,
    2.0,
    33.0,
    156.0,
    249.0,
    289.0,
    1819.0,
    2877.0,
    2119.0,
    1132.0,
    339.0,
    87.0,
    41.0,
    857.0
  ],
  "per_class_acc": [
    0.7879999876022339,
    0.7369999885559082,
    0.5759999752044678,
    0.597000002861023,
    0.6700000166893005,
    0.5920000076293945,
    0.9300000071525574,
    0.7990000247955322,
    0.8050000071525574,
    0.8610000014305115
  ]
}