{
  "epoch": 20,
  "train_loss": 0.7750758909813279,
  "train_acc": 0.57928,
  "test_loss": 0.8552996057271958,
  "test_acc": 0.6509,
  "test_ece": 0.054419565945863724,
  "test_entropy": 0.7485435605049133,
  "bin_accuracies": [
    0.0,
    0.0,
    0.125,
    0.19230769230769232,
    0.27802690582959644,
    0.33903133903133903,
    0.4418604651162791,
    0.4871495327102804,
    0.5638820638820639,
    0.7064066852367687,
    0.8408385093167702,
    0.9259868421052632,
    0.837037037037037,
    0.6557377049180327,
    0.9486033519553073
  ],
  "bin_confidences": [
    0.0,
    0.0,
    0.18800067901611328,
    0.24323438107967377,
    0.30277949571609497,
    0.3693809509277344,
    0.4346821904182434,
    0.5104592442512512,
    0.5654547810554504,
    0.6310621500015259,
    0.6977700591087341,
    0.7601807117462158,
    0.8239288330078125,
    0.9011965990066528,
    0.9943777918815613
  ],
  "bin_counts": [
    0.0,
    0.0,
    8.0,
    52.0,
    223.0,
    351.0,
    430.0,
    1712.0,
    2442.0,
    1795.0,
    1288.0,
    608.0,
    135.0,
    61.0,
    895.0
  ],
  "per_class_acc": [
    0.6019999980926514,
    0.2770000100135803,
    0.6899999976158142,
    0.7239999771118164,
    0.15700000524520874,
    0.39100000262260437,
    0.9539999961853027,
    0.953000009059906,
    0.7979999780654907,
    0.9629999995231628
  ]
}