{
  "epoch": 26,
  "train_loss": 0.675729040294657,
  "train_acc": 0.62464,
  "test_loss": 0.745178627371788,
  "test_acc": 0.7457,
  "test_ece": 0.13179917633533478,
  "test_entropy": 0.7113489508628845,
  "bin_accuracies": [
    0.0,
    0.0,
    0.0,
    0.2647058823529412,
    0.23529411764705882,
    0.3359683794466403,
    0.4212218649517685,
    0.5429394812680115,
    0.7235188509874326,
    0.8465558194774346,
    0.910873440285205,
    0.917960088691796,
    0.9573170731707317,
    0.8412698412698413,
    0.9854191980558931
  ],
  "bin_confidences": [
    0.0,
    0.0,
    0.1784936636686325,
    0.2496364265680313,
    0.3058132231235504,
    0.3682411015033722,
    0.4339601695537567,
    0.5111813545227051,
    0.5657697319984436,
    0.6302812695503235,
    0.6960970759391785,
    0.7625741958618164,
    0.826972246170044,
    0.8969254493713379,
    0.9960567951202393
  ],
  "bin_counts": [
    0.0,
    0.0,
    1.0,
    34.0,
    153.0,
    253.0,
    311.0,
    1735.0,
    2785.0,
    2105.0,
    1122.0,
    451.0,
    164.0,
    63.0,
    823.0
  ],
  "per_class_acc": [
    0.8370000123977661,
    0.7720000147819519,
    0.5849999785423279,
    0.5640000104904175,
    0.8460000157356262,
    0.7139999866485596,
    0.9190000295639038,
    0.6420000195503235,
    0.7710000276565552,
    0.8069999814033508
  ]
}