{
  "epoch": 48,
  "train_loss": 0.47968235055503944,
  "train_acc": 0.76798,
  "test_loss": 0.8512667959928513,
  "test_acc": 0.6379,
  "test_ece": 0.09053070843219757,
  "test_entropy": 0.5668718218803406,
  "bin_accuracies": [
    0.0,
    0.0,
    0.0,
    0.2,
    0.125,
    0.2831858407079646,
    0.34838709677419355,
    0.49391727493917276,
    0.5167498218104063,
    0.5522922636103151,
    0.6027397260273972,
    0.6461661341853036,
    0.6998299319727891,
    0.7397397397397397,
    0.9174793698424606
  ],
  "bin_confidences": [
    0.0,
    0.0,
    0.0,
    0.24696937203407288,
    0.30940425395965576,
    0.36911824345588684,
    0.43549081683158875,
    0.5117103457450867,
    0.5660257935523987,
    0.6332378387451172,
    0.6995720267295837,
    0.7665894627571106,
    0.832866907119751,
    0.8980166912078857,
    0.9824604392051697
  ],
  "bin_counts": [
    0.0,
    0.0,
    0.0,
    5.0,
    32.0,
    113.0,
    155.0,
    822.0,
    1403.0,
    1396.0,
    1314.0,
    1252.0,
    1176.0,
    999.0,
    1333.0
  ],
  "per_class_acc": [
    0.6000000238418579,
    0.6269999742507935,
    0.4410000145435333,
    0.5429999828338623,
    0.6230000257492065,
    0.6169999837875366,
    0.9290000200271606,
    0.6140000224113464,
    0.7059999704360962,
    0.6790000200271606
  ]
}