{
  "epoch": 43,
  "train_loss": 0.5267928594823383,
  "train_acc": 0.73348,
  "test_loss": 0.7955901646614074,
  "test_acc": 0.6644,
  "test_ece": 0.04500369727611542,
  "test_entropy": 0.5949500203132629,
  "bin_accuracies": [
    0.0,
    0.0,
    0.0,
    0.125,
    0.3,
    0.21138211382113822,
    0.37222222222222223,
    0.4622222222222222,
    0.5185651353052234,
    0.5990566037735849,
    0.6664406779661017,
    0.7289719626168224,
    0.7803308823529411,
    0.8252427184466019,
    0.9499089253187614
  ],
  "bin_confidences": [
    0.0,
    0.0,
    0.0,
    0.24523486196994781,
    0.3108803927898407,
    0.3699725568294525,
    0.4368874728679657,
    0.5130471587181091,
    0.566504716873169,
    0.6328305602073669,
    0.6998712420463562,
    0.7660971879959106,
    0.8318353295326233,
    0.8956426382064819,
    0.9877699613571167
  ],
  "bin_counts": [
    0.0,
    0.0,
    0.0,
    8.0,
    50.0,
    123.0,
    180.0,
    900.0,
    1589.0,
    1484.0,
    1475.0,
    1284.0,
    1088.0,
    721.0,
    1098.0
  ],
  "per_class_acc": [
    0.5799999833106995,
    0.6980000138282776,
    0.5299999713897705,
    0.4959999918937683,
    0.5149999856948853,
    0.6890000104904175,
    0.9359999895095825,
    0.8349999785423279,
    0.718999981880188,
    0.6460000276565552
  ]
}