{
  "epoch": 42,
  "train_loss": 0.5319208891495414,
  "train_acc": 0.72744,
  "test_loss": 0.8296465712785721,
  "test_acc": 0.6335,
  "test_ece": 0.06341585516929626,
  "test_entropy": 0.6063212156295776,
  "bin_accuracies": [
    0.0,
    0.0,
    0.0,
    0.2222222222222222,
    0.2553191489361702,
    0.22764227642276422,
    0.38636363636363635,
    0.45794392523364486,
    0.527498521584861,
    0.5777646363098758,
    0.6267409470752089,
    0.7001633986928104,
    0.7511061946902655,
    0.7562724014336918,
    0.9411764705882353
  ],
  "bin_confidences": [
    0.0,
    0.0,
    0.0,
    0.23381158709526062,
    0.30856096744537354,
    0.3665514290332794,
    0.43792855739593506,
    0.5129019021987915,
    0.5669674277305603,
    0.6334500908851624,
    0.6992769241333008,
    0.7654091119766235,
    0.8320199847221375,
    0.8943724036216736,
    0.9892160892486572
  ],
  "bin_counts": [
    0.0,
    0.0,
    0.0,
    9.0,
    47.0,
    123.0,
    176.0,
    1070.0,
    1691.0,
    1691.0,
    1436.0,
    1224.0,
    904.0,
    558.0,
    1071.0
  ],
  "per_class_acc": [
    0.5809999704360962,
    0.6200000047683716,
    0.5090000033378601,
    0.7080000042915344,
    0.6890000104904175,
    0.4099999964237213,
    0.9409999847412109,
    0.6029999852180481,
    0.7160000205039978,
    0.5580000281333923
  ]
}