{
  "epoch": 1,
  "train_loss": 1.4071234394522274,
  "train_acc": 0.40604,
  "test_loss": 1.4622644460201264,
  "test_acc": 0.4501,
  "test_ece": 0.12727338075637817,
  "test_entropy": 1.0948917865753174,
  "bin_accuracies": [
    0.0,
    0.0,
    0.2,
    0.17905405405405406,
    0.23067173637515842,
    0.2785388127853881,
    0.35467565290648695,
    0.45081967213114754,
    0.5369946605644547,
    0.5212765957446809,
    0.46382189239332094,
    0.48417721518987344,
    0.5662100456621004,
    0.46835443037974683,
    0.8411347517730496
  ],
  "bin_confidences": [
    0.0,
    0.0,
    0.18992410600185394,
    0.24333405494689941,
    0.3019590377807617,
    0.36631086468696594,
    0.43352165818214417,
    0.5022534728050232,
    0.5640056729316711,
    0.6303878426551819,
    0.6996912360191345,
    0.7676182985305786,
    0.833233654499054,
    0.8989568948745728,
    0.9758461713790894
  ],
  "bin_counts": [
    0.0,
    0.0,
    20.0,
    296.0,
    789.0,
    1095.0,
    1187.0,
    1464.0,
    1311.0,
    752.0,
    539.0,
    632.0,
    657.0,
    553.0,
    705.0
  ],
  "per_class_acc": [
    0.8709999918937683,
    0.5649999976158142,
    0.0010000000474974513,
    0.0560000017285347,
    0.5740000009536743,
    0.5189999938011169,
    0.9330000281333923,
    0.0,
    0.4729999899864197,
    0.5090000033378601
  ]
}