{
  "epoch": 24,
  "train_loss": 0.6839832745854507,
  "train_acc": 0.61612,
  "test_loss": 0.7716421413421631,
  "test_acc": 0.6693,
  "test_ece": 0.0644843578338623,
  "test_entropy": 0.7058693170547485,
  "bin_accuracies": [
    0.0,
    0.0,
    0.0,
    0.23529411764705882,
    0.2751677852348993,
    0.3418803418803419,
    0.42424242424242425,
    0.48846960167714887,
    0.6024799416484318,
    0.7306485355648535,
    0.8633646456020495,
    0.8958742632612967,
    0.859375,
    0.7142857142857143,
    0.9758897818599311
  ],
  "bin_confidences": [
    0.0,
    0.0,
    0.19511933624744415,
    0.24258248507976532,
    0.3065721094608307,
    0.3673621416091919,
    0.43557873368263245,
    0.5107446908950806,
    0.5653334856033325,
    0.630178689956665,
    0.6966853737831116,
    0.7613598108291626,
    0.8237940073013306,
    0.8966612219810486,
    0.996192991733551
  ],
  "bin_counts": [
    0.0,
    0.0,
    3.0,
    34.0,
    149.0,
    234.0,
    297.0,
    1908.0,
    2742.0,
    1912.0,
    1171.0,
    509.0,
    128.0,
    42.0,
    871.0
  ],
  "per_class_acc": [
    0.8769999742507935,
    0.28299999237060547,
    0.49799999594688416,
    0.6589999794960022,
    0.7680000066757202,
    0.6660000085830688,
    0.9470000267028809,
    0.6620000004768372,
    0.38100001215934753,
    0.9520000219345093
  ]
}