{
  "epoch": 22,
  "train_loss": 0.7087641273008283,
  "train_acc": 0.6072,
  "test_loss": 0.7737501776218414,
  "test_acc": 0.6702,
  "test_ece": 0.06089580059051514,
  "test_entropy": 0.7130903601646423,
  "bin_accuracies": [
    0.0,
    0.0,
    0.0,
    0.15625,
    0.3141025641025641,
    0.31954887218045114,
    0.3554913294797688,
    0.5113573407202217,
    0.6270370370370371,
    0.7086294416243655,
    0.8186763372620127,
    0.8994708994708994,
    0.9264705882352942,
    0.8222222222222222,
    0.9770642201834863
  ],
  "bin_confidences": [
    0.0,
    0.0,
    0.19128303229808807,
    0.24606728553771973,
    0.3047655522823334,
    0.368932843208313,
    0.4351235032081604,
    0.5113072395324707,
    0.5657261610031128,
    0.6311936378479004,
    0.6969320774078369,
    0.7627763748168945,
    0.8242652416229248,
    0.900510847568512,
    0.9956014156341553
  ],
  "bin_counts": [
    0.0,
    0.0,
    2.0,
    32.0,
    156.0,
    266.0,
    346.0,
    1805.0,
    2700.0,
    1970.0,
    1103.0,
    567.0,
    136.0,
    45.0,
    872.0
  ],
  "per_class_acc": [
    0.8769999742507935,
    0.8019999861717224,
    0.4959999918937683,
    0.8330000042915344,
    0.20100000500679016,
    0.10899999737739563,
    0.9430000185966492,
    0.9470000267028809,
    0.6179999709129333,
    0.8759999871253967
  ]
}