{
  "epoch": 0,
  "train_loss": 1.7610684627157343,
  "train_acc": 0.31388,
  "test_loss": 1.415294417142868,
  "test_acc": 0.4615,
  "test_ece": 0.03765183687210083,
  "test_entropy": 1.3321908712387085,
  "bin_accuracies": [
    0.0,
    0.0,
    0.24873096446700507,
    0.2858517805582291,
    0.3333333333333333,
    0.4014814814814815,
    0.4529855868222375,
    0.5085714285714286,
    0.5739983646770237,
    0.6010498687664042,
    0.5211267605633803,
    0.528,
    0.5648854961832062,
    0.6794871794871795,
    0.9056603773584906
  ],
  "bin_confidences": [
    0.0,
    0.0,
    0.18138161301612854,
    0.238063782453537,
    0.29954198002815247,
    0.3668755292892456,
    0.4343276023864746,
    0.5019176602363586,
    0.5612660050392151,
    0.6266468167304993,
    0.6945887804031372,
    0.7645213603973389,
    0.8329195976257324,
    0.9014806747436523,
    0.9779909253120422
  ],
  "bin_counts": [
    0.0,
    0.0,
    197.0,
    1039.0,
    1503.0,
    1350.0,
    1457.0,
    1925.0,
    1223.0,
    381.0,
    142.0,
    125.0,
    131.0,
    156.0,
    371.0
  ],
  "per_class_acc": [
    0.5049999952316284,
    0.5230000019073486,
    0.2849999964237213,
    0.17399999499320984,
    0.4359999895095825,
    0.6240000128746033,
    0.8519999980926514,
    0.20200000703334808,
    0.3790000081062317,
    0.6349999904632568
  ]
}