{
  "epoch": 16,
  "train_loss": 0.8144445954381353,
  "train_acc": 0.56716,
  "test_loss": 0.8658516895771027,
  "test_acc": 0.6831,
  "test_ece": 0.10581230372190475,
  "test_entropy": 0.8077628016471863,
  "bin_accuracies": [
    0.0,
    0.0,
    0.1,
    0.22018348623853212,
    0.33229813664596275,
    0.35377358490566035,
    0.46788990825688076,
    0.5476738830032243,
    0.6940273606940274,
    0.8338983050847457,
    0.9202453987730062,
    0.9172413793103448,
    0.8727272727272727,
    0.8208955223880597,
    0.9727148703956344
  ],
  "bin_confidences": [
    0.0,
    0.0,
    0.18854708969593048,
    0.24407082796096802,
    0.3037641942501068,
    0.3681756854057312,
    0.43586811423301697,
    0.509584367275238,
    0.5654162764549255,
    0.629625141620636,
    0.6941152215003967,
    0.757254421710968,
    0.8300785422325134,
    0.9064407348632812,
    0.9910945892333984
  ],
  "bin_counts": [
    0.0,
    0.0,
    10.0,
    109.0,
    322.0,
    424.0,
    545.0,
    2171.0,
    2997.0,
    1770.0,
    652.0,
    145.0,
    55.0,
    67.0,
    733.0
  ],
  "per_class_acc": [
    0.8289999961853027,
    0.8669999837875366,
    0.39899998903274536,
    0.6809999942779541,
    0.7979999780654907,
    0.3449999988079071,
    0.9039999842643738,
    0.8450000286102295,
    0.3529999852180481,
    0.8100000023841858
  ]
}