{
  "epoch": 45,
  "train_loss": 0.5121924016634216,
  "train_acc": 0.74344,
  "test_loss": 0.8367600965499878,
  "test_acc": 0.643,
  "test_ece": 0.07168158888816833,
  "test_entropy": 0.583804190158844,
  "bin_accuracies": [
    0.0,
    0.0,
    0.5,
    0.2,
    0.2727272727272727,
    0.33,
    0.37333333333333335,
    0.4831081081081081,
    0.5094816687737042,
    0.5775623268698061,
    0.6208975217682519,
    0.6926605504587156,
    0.7170356111645814,
    0.7542483660130719,
    0.9347457627118644
  ],
  "bin_confidences": [
    0.0,
    0.0,
    0.1914253979921341,
    0.25095969438552856,
    0.30921509861946106,
    0.37133580446243286,
    0.4377705454826355,
    0.5125772356987,
    0.5661007761955261,
    0.6333175897598267,
    0.699487566947937,
    0.765438437461853,
    0.8333827257156372,
    0.8978322744369507,
    0.9864675998687744
  ],
  "bin_counts": [
    0.0,
    0.0,
    2.0,
    5.0,
    44.0,
    100.0,
    150.0,
    888.0,
    1582.0,
    1444.0,
    1493.0,
    1308.0,
    1039.0,
    765.0,
    1180.0
  ],
  "per_class_acc": [
    0.5640000104904175,
    0.6010000109672546,
    0.6399999856948853,
    0.5350000262260437,
    0.5730000138282776,
    0.5799999833106995,
    0.9430000185966492,
    0.6769999861717224,
    0.546999990940094,
    0.7699999809265137
  ]
}