{
  "epoch": 49,
  "train_loss": 0.471810550640916,
  "train_acc": 0.7718,
  "test_loss": 0.8257227486371994,
  "test_acc": 0.655,
  "test_ece": 0.0804043710231781,
  "test_entropy": 0.5584397315979004,
  "bin_accuracies": [
    0.0,
    0.0,
    0.0,
    0.2,
    0.25,
    0.27927927927927926,
    0.2922077922077922,
    0.48638132295719844,
    0.5166163141993958,
    0.5881895881895882,
    0.594059405940594,
    0.6458003169572107,
    0.7341040462427746,
    0.7809090909090909,
    0.9207920792079208
  ],
  "bin_confidences": [
    0.0,
    0.0,
    0.0,
    0.2528514266014099,
    0.31467071175575256,
    0.36992526054382324,
    0.4348435699939728,
    0.5118076801300049,
    0.5653395652770996,
    0.6329530477523804,
    0.7001798152923584,
    0.7667272090911865,
    0.8327873349189758,
    0.8993511199951172,
    0.9810361266136169
  ],
  "bin_counts": [
    0.0,
    0.0,
    0.0,
    5.0,
    48.0,
    111.0,
    154.0,
    771.0,
    1324.0,
    1287.0,
    1313.0,
    1262.0,
    1211.0,
    1100.0,
    1414.0
  ],
  "per_class_acc": [
    0.7179999947547913,
    0.8090000152587891,
    0.44699999690055847,
    0.5870000123977661,
    0.6859999895095825,
    0.5519999861717224,
    0.9169999957084656,
    0.6019999980926514,
    0.7179999947547913,
    0.5139999985694885
  ]
}