{
  "epoch": 4,
  "train_loss": 1.0967576134845118,
  "train_acc": 0.48412,
  "test_loss": 1.0938166731595993,
  "test_acc": 0.6245,
  "test_ece": 0.07681772112846375,
  "test_entropy": 0.9525955319404602,
  "bin_accuracies": [
    0.0,
    0.0,
    0.21428571428571427,
    0.2727272727272727,
    0.3107638888888889,
    0.384297520661157,
    0.42427745664739885,
    0.5857487922705314,
    0.7018779342723005,
    0.7385079125847777,
    0.6348903717826502,
    0.6114206128133705,
    0.8788426763110307,
    0.9678714859437751,
    0.9706601466992665
  ],
  "bin_confidences": [
    0.0,
    0.0,
    0.1853359490633011,
    0.2389499843120575,
    0.3029789328575134,
    0.36713099479675293,
    0.43409597873687744,
    0.5037256479263306,
    0.5653339624404907,
    0.632236123085022,
    0.69903165102005,
    0.7644760608673096,
    0.830426037311554,
    0.8931066989898682,
    0.9829795956611633
  ],
  "bin_counts": [
    0.0,
    0.0,
    14.0,
    154.0,
    576.0,
    726.0,
    865.0,
    1656.0,
    1704.0,
    1327.0,
    1049.0,
    718.0,
    553.0,
    249.0,
    409.0
  ],
  "per_class_acc": [
    0.8349999785423279,
    0.7200000286102295,
    0.5009999871253967,
    0.004000000189989805,
    0.3959999978542328,
    0.9269999861717224,
    0.7160000205039978,
    0.7940000295639038,
    0.7979999780654907,
    0.5540000200271606
  ]
}