{
  "epoch": 28,
  "train_loss": 0.6629422802449493,
  "train_acc": 0.63256,
  "test_loss": 0.7728894931077958,
  "test_acc": 0.7003,
  "test_ece": 0.06321302056312561,
  "test_entropy": 0.67815762758255,
  "bin_accuracies": [
    0.0,
    0.0,
    0.0,
    0.15384615384615385,
    0.38317757009345793,
    0.34146341463414637,
    0.40213523131672596,
    0.49604031677465804,
    0.6233348644924208,
    0.7070254110612855,
    0.8077975376196991,
    0.8634886240520043,
    0.8951048951048951,
    0.8347107438016529,
    0.9713302752293578
  ],
  "bin_confidences": [
    0.0,
    0.0,
    0.17228692770004272,
    0.24734243750572205,
    0.3062976896762848,
    0.36824995279312134,
    0.4352867007255554,
    0.5111573338508606,
    0.565938413143158,
    0.6316807270050049,
    0.6983262896537781,
    0.7628760933876038,
    0.8290895819664001,
    0.8907694816589355,
    0.9957708716392517
  ],
  "bin_counts": [
    0.0,
    0.0,
    1.0,
    26.0,
    107.0,
    205.0,
    281.0,
    1389.0,
    2177.0,
    2007.0,
    1462.0,
    923.0,
    429.0,
    121.0,
    872.0
  ],
  "per_class_acc": [
    0.5830000042915344,
    0.7599999904632568,
    0.7860000133514404,
    0.7739999890327454,
    0.9269999861717224,
    0.42100000381469727,
    0.9399999976158142,
    0.25099998712539673,
    0.718999981880188,
    0.8420000076293945
  ]
}