{
  "epoch": 8,
  "train_loss": 0.9526057209810028,
  "train_acc": 0.52156,
  "test_loss": 0.9236022543907165,
  "test_acc": 0.5855,
  "test_ece": 0.06353569030761719,
  "test_entropy": 0.8726335763931274,
  "bin_accuracies": [
    0.0,
    0.0,
    0.16666666666666666,
    0.21739130434782608,
    0.2962085308056872,
    0.3677536231884058,
    0.41853932584269665,
    0.45614035087719296,
    0.49064810787298824,
    0.664804469273743,
    0.8859060402684564,
    0.9398148148148148,
    0.8928571428571429,
    0.9425287356321839,
    0.9763113367174281
  ],
  "bin_confidences": [
    0.0,
    0.0,
    0.18189555406570435,
    0.24384507536888123,
    0.3037109076976776,
    0.3666735887527466,
    0.4344037175178528,
    0.5055361390113831,
    0.5649990439414978,
    0.6303181648254395,
    0.696467936038971,
    0.7598328590393066,
    0.8272154927253723,
    0.9083961248397827,
    0.9862378835678101
  ],
  "bin_counts": [
    0.0,
    0.0,
    6.0,
    138.0,
    422.0,
    552.0,
    712.0,
    1995.0,
    2299.0,
    1611.0,
    1043.0,
    432.0,
    112.0,
    87.0,
    591.0
  ],
  "per_class_acc": [
    0.1979999989271164,
    0.06499999761581421,
    0.7680000066757202,
    0.7020000219345093,
    0.4009999930858612,
    0.3569999933242798,
    0.8740000128746033,
    0.8809999823570251,
    0.6359999775886536,
    0.9729999899864197
  ]
}