{
  "epoch": 10,
  "train_loss": 0.9074348289033641,
  "train_acc": 0.53452,
  "test_loss": 0.8350244134664535,
  "test_acc": 0.6373,
  "test_ece": 0.09324400871992111,
  "test_entropy": 0.8507440686225891,
  "bin_accuracies": [
    0.0,
    0.0,
    0.0,
    0.20437956204379562,
    0.2809917355371901,
    0.3641509433962264,
    0.3852080123266564,
    0.448,
    0.4358662613981763,
    0.6456063907044299,
    0.8741077222582738,
    0.9623233908948194,
    0.9481481481481482,
    0.9545454545454546,
    0.9797822706065319
  ],
  "bin_confidences": [
    0.0,
    0.0,
    0.18901975452899933,
    0.24025030434131622,
    0.30144914984703064,
    0.3691801428794861,
    0.4356393814086914,
    0.5057520270347595,
    0.5655893087387085,
    0.6331919431686401,
    0.7004703283309937,
    0.7609648704528809,
    0.8240944147109985,
    0.9027908444404602,
    0.9885285496711731
  ],
  "bin_counts": [
    0.0,
    0.0,
    5.0,
    137.0,
    363.0,
    530.0,
    649.0,
    1500.0,
    1645.0,
    1377.0,
    1541.0,
    1274.0,
    270.0,
    66.0,
    643.0
  ],
  "per_class_acc": [
    0.8859999775886536,
    0.21299999952316284,
    0.42800000309944153,
    0.10700000077486038,
    0.25699999928474426,
    0.8199999928474426,
    0.8769999742507935,
    0.9259999990463257,
    0.9210000038146973,
    0.9380000233650208
  ]
}