{
  "epoch": 5,
  "train_loss": 1.053174420848222,
  "train_acc": 0.49374,
  "test_loss": 0.9337739944458008,
  "test_acc": 0.5942,
  "test_ece": 0.07436713576316833,
  "test_entropy": 0.902883768081665,
  "bin_accuracies": [
    0.0,
    0.0,
    0.06666666666666667,
    0.20555555555555555,
    0.2505694760820046,
    0.3397212543554007,
    0.3559556786703601,
    0.398876404494382,
    0.4888252148997135,
    0.6254272043745728,
    0.7852233676975945,
    0.8976897689768977,
    0.9612403100775194,
    0.7297297297297297,
    0.9471544715447154
  ],
  "bin_confidences": [
    0.0,
    0.0,
    0.18774476647377014,
    0.2420368194580078,
    0.3023986220359802,
    0.3673441708087921,
    0.43544772267341614,
    0.5046072006225586,
    0.5665898323059082,
    0.6329931616783142,
    0.6970399022102356,
    0.7665156126022339,
    0.8246738910675049,
    0.8968473076820374,
    0.9892373085021973
  ],
  "bin_counts": [
    0.0,
    0.0,
    15.0,
    180.0,
    439.0,
    574.0,
    722.0,
    1424.0,
    1745.0,
    1463.0,
    1164.0,
    909.0,
    516.0,
    111.0,
    738.0
  ],
  "per_class_acc": [
    0.8999999761581421,
    0.3569999933242798,
    0.28299999237060547,
    0.06199999898672104,
    0.7940000295639038,
    0.8309999704360962,
    0.9120000004768372,
    0.01600000075995922,
    0.875,
    0.9120000004768372
  ]
}