{
  "epoch": 14,
  "train_loss": 0.841667148310815,
  "train_acc": 0.5526,
  "test_loss": 0.8382543176412582,
  "test_acc": 0.6887,
  "test_ece": 0.10506237298250198,
  "test_entropy": 0.8206502795219421,
  "bin_accuracies": [
    0.0,
    0.0,
    0.18181818181818182,
    0.29310344827586204,
    0.28065395095367845,
    0.4277227722772277,
    0.43645484949832775,
    0.5582450832072617,
    0.6764351665997591,
    0.8140520896426409,
    0.9324452901998097,
    0.9193083573487032,
    0.7735849056603774,
    0.8360655737704918,
    0.9712793733681462
  ],
  "bin_confidences": [
    0.0,
    0.0,
    0.18591246008872986,
    0.24246998131275177,
    0.30231940746307373,
    0.36778271198272705,
    0.4341367781162262,
    0.509247899055481,
    0.5640655159950256,
    0.6312702894210815,
    0.6967758536338806,
    0.7576630711555481,
    0.8295423984527588,
    0.9019986391067505,
    0.9914968013763428
  ],
  "bin_counts": [
    0.0,
    0.0,
    11.0,
    116.0,
    367.0,
    505.0,
    598.0,
    1983.0,
    2491.0,
    1651.0,
    1051.0,
    347.0,
    53.0,
    61.0,
    766.0
  ],
  "per_class_acc": [
    0.9639999866485596,
    0.8930000066757202,
    0.3230000138282776,
    0.20399999618530273,
    0.8059999942779541,
    0.7900000214576721,
    0.9290000200271606,
    0.5730000138282776,
    0.7099999785423279,
    0.6949999928474426
  ]
}