{
  "epoch": 21,
  "train_loss": 0.763643051809667,
  "train_acc": 0.58222,
  "test_loss": 0.8410423517227172,
  "test_acc": 0.684,
  "test_ece": 0.08569222688674927,
  "test_entropy": 0.7472399473190308,
  "bin_accuracies": [
    0.0,
    0.0,
    0.0,
    0.1568627450980392,
    0.24742268041237114,
    0.33993399339933994,
    0.3735224586288416,
    0.5335515548281505,
    0.6839227123587314,
    0.7413622902270484,
    0.8214285714285714,
    0.892933618843683,
    0.9426229508196722,
    0.8867924528301887,
    0.9738805970149254
  ],
  "bin_confidences": [
    0.0,
    0.0,
    0.1820983737707138,
    0.24711571633815765,
    0.3061627745628357,
    0.3682202398777008,
    0.43527814745903015,
    0.510375440120697,
    0.5660073161125183,
    0.6304991841316223,
    0.6957876682281494,
    0.7622985243797302,
    0.8242636322975159,
    0.9001745581626892,
    0.9940710663795471
  ],
  "bin_counts": [
    0.0,
    0.0,
    1.0,
    51.0,
    194.0,
    303.0,
    423.0,
    1833.0,
    2743.0,
    2026.0,
    980.0,
    467.0,
    122.0,
    53.0,
    804.0
  ],
  "per_class_acc": [
    0.8610000014305115,
    0.6980000138282776,
    0.5289999842643738,
    0.4959999918937683,
    0.8330000042915344,
    0.7749999761581421,
    0.9160000085830688,
    0.0729999989271164,
    0.8669999837875366,
    0.7919999957084656
  ]
}