{
  "epoch": 15,
  "train_loss": 0.8266743987112704,
  "train_acc": 0.5639,
  "test_loss": 0.8137567234039307,
  "test_acc": 0.6777,
  "test_ece": 0.0763154849410057,
  "test_entropy": 0.777285635471344,
  "bin_accuracies": [
    0.0,
    0.0,
    0.0,
    0.14814814814814814,
    0.3048327137546468,
    0.35516372795969775,
    0.4246575342465753,
    0.5385887541345094,
    0.6388196176226102,
    0.7522824102251978,
    0.8371665133394665,
    0.9197183098591549,
    0.893491124260355,
    0.6410256410256411,
    0.960919540229885
  ],
  "bin_confidences": [
    0.0,
    0.0,
    0.18658111989498138,
    0.2413424700498581,
    0.30532440543174744,
    0.3670746684074402,
    0.4347439706325531,
    0.5091757774353027,
    0.564425528049469,
    0.6313201189041138,
    0.6979610919952393,
    0.7630099654197693,
    0.8212087154388428,
    0.8924174904823303,
    0.9944337606430054
  ],
  "bin_counts": [
    0.0,
    0.0,
    4.0,
    81.0,
    269.0,
    397.0,
    511.0,
    1814.0,
    2406.0,
    1643.0,
    1087.0,
    710.0,
    169.0,
    39.0,
    870.0
  ],
  "per_class_acc": [
    0.859000027179718,
    0.9240000247955322,
    0.4099999964237213,
    0.6000000238418579,
    0.8889999985694885,
    0.6610000133514404,
    0.9539999961853027,
    0.09200000017881393,
    0.8420000076293945,
    0.5460000038146973
  ]
}