{
  "epoch": 34,
  "train_loss": 0.5995104526314894,
  "train_acc": 0.67242,
  "test_loss": 0.7379821789264679,
  "test_acc": 0.7109,
  "test_ece": 0.05218980833888054,
  "test_entropy": 0.6453662514686584,
  "bin_accuracies": [
    0.0,
    0.0,
    0.0,
    0.2857142857142857,
    0.2638888888888889,
    0.34810126582278483,
    0.3364485981308411,
    0.5259319286871961,
    0.581532416502947,
    0.7091007583965331,
    0.7776397515527951,
    0.8716157205240175,
    0.8921739130434783,
    0.8872549019607843,
    0.9786995515695067
  ],
  "bin_confidences": [
    0.0,
    0.0,
    0.0,
    0.24696789681911469,
    0.3043399751186371,
    0.36946311593055725,
    0.43489617109298706,
    0.5122023224830627,
    0.565866231918335,
    0.6321345567703247,
    0.698286771774292,
    0.7643543481826782,
    0.8288469314575195,
    0.8907350897789001,
    0.9959478974342346
  ],
  "bin_counts": [
    0.0,
    0.0,
    0.0,
    14.0,
    72.0,
    158.0,
    214.0,
    1234.0,
    2036.0,
    1846.0,
    1610.0,
    1145.0,
    575.0,
    204.0,
    892.0
  ],
  "per_class_acc": [
    0.7630000114440918,
    0.5019999742507935,
    0.7070000171661377,
    0.5870000123977661,
    0.6980000138282776,
    0.6430000066757202,
    0.9440000057220459,
    0.5580000281333923,
    0.8330000042915344,
    0.8740000128746033
  ]
}