{
  "epoch": 3,
  "train_loss": 1.1630306722562942,
  "train_acc": 0.46954,
  "test_loss": 1.045966276526451,
  "test_acc": 0.6066,
  "test_ece": 0.06981521844863892,
  "test_entropy": 1.0258078575134277,
  "bin_accuracies": [
    0.0,
    0.0,
    0.18181818181818182,
    0.286144578313253,
    0.37295690936106984,
    0.3987577639751553,
    0.4716981132075472,
    0.5180425111220959,
    0.6231106777181863,
    0.7664670658682635,
    0.8839177750906893,
    0.9647058823529412,
    0.9594594594594594,
    0.9705882352941176,
    0.9863481228668942
  ],
  "bin_confidences": [
    0.0,
    0.0,
    0.18583163619041443,
    0.24131053686141968,
    0.30251753330230713,
    0.3662264049053192,
    0.4358442425727844,
    0.5047047734260559,
    0.5657892823219299,
    0.6317731738090515,
    0.6964468359947205,
    0.7579643130302429,
    0.8333616852760315,
    0.9056217670440674,
    0.9773407578468323
  ],
  "bin_counts": [
    0.0,
    0.0,
    55.0,
    332.0,
    673.0,
    805.0,
    1007.0,
    2023.0,
    2051.0,
    1503.0,
    827.0,
    255.0,
    74.0,
    102.0,
    293.0
  ],
  "per_class_acc": [
    0.21899999678134918,
    0.6340000033378601,
    0.7200000286102295,
    0.2879999876022339,
    0.28299999237060547,
    0.7250000238418579,
    0.7459999918937683,
    0.7739999890327454,
    0.8040000200271606,
    0.8730000257492065
  ]
}