{
  "epoch": 36,
  "train_loss": 0.5877830195609871,
  "train_acc": 0.68382,
  "test_loss": 0.7769941139221191,
  "test_acc": 0.6729,
  "test_ece": 0.03607141971588135,
  "test_entropy": 0.6508234739303589,
  "bin_accuracies": [
    0.0,
    0.0,
    0.0,
    0.06666666666666667,
    0.2564102564102564,
    0.3496932515337423,
    0.31100478468899523,
    0.4690603514132926,
    0.5876577840112202,
    0.6792838874680307,
    0.7392169873921699,
    0.7921182266009852,
    0.8415300546448088,
    0.8397790055248618,
    0.9715909090909091
  ],
  "bin_confidences": [
    0.0,
    0.0,
    0.0,
    0.24248138070106506,
    0.3070099949836731,
    0.3697938024997711,
    0.43465784192085266,
    0.5125284790992737,
    0.5662448406219482,
    0.63224196434021,
    0.6975661516189575,
    0.7635055184364319,
    0.8286875486373901,
    0.8951888084411621,
    0.9959672689437866
  ],
  "bin_counts": [
    0.0,
    0.0,
    0.0,
    15.0,
    78.0,
    163.0,
    209.0,
    1309.0,
    2139.0,
    1955.0,
    1507.0,
    1015.0,
    549.0,
    181.0,
    880.0
  ],
  "per_class_acc": [
    0.6589999794960022,
    0.8059999942779541,
    0.5609999895095825,
    0.578000009059906,
    0.6880000233650208,
    0.5799999833106995,
    0.9359999895095825,
    0.5509999990463257,
    0.640999972820282,
    0.7289999723434448
  ]
}