{
  "epoch": 39,
  "train_loss": 0.5712683893683012,
  "train_acc": 0.69796,
  "test_loss": 0.7652789855003357,
  "test_acc": 0.7018,
  "test_ece": 0.024969913065433502,
  "test_entropy": 0.618607223033905,
  "bin_accuracies": [
    0.0,
    0.0,
    0.0,
    0.15384615384615385,
    0.21666666666666667,
    0.31007751937984496,
    0.4010152284263959,
    0.5027777777777778,
    0.5852534562211982,
    0.6478286734086853,
    0.7312252964426877,
    0.8189655172413793,
    0.8447136563876652,
    0.8797327394209354,
    0.9643231899265478
  ],
  "bin_confidences": [
    0.0,
    0.0,
    0.0,
    0.24674345552921295,
    0.3061204254627228,
    0.3683948516845703,
    0.43348008394241333,
    0.5117920637130737,
    0.5665646195411682,
    0.6325600743293762,
    0.6992425322532654,
    0.7662144303321838,
    0.8318911194801331,
    0.8951220512390137,
    0.9925968050956726
  ],
  "bin_counts": [
    0.0,
    0.0,
    0.0,
    13.0,
    60.0,
    129.0,
    197.0,
    1080.0,
    1736.0,
    1681.0,
    1518.0,
    1276.0,
    908.0,
    449.0,
    953.0
  ],
  "per_class_acc": [
    0.6200000047683716,
    0.8100000023841858,
    0.593999981880188,
    0.546999990940094,
    0.5450000166893005,
    0.640999972820282,
    0.9390000104904175,
    0.8640000224113464,
    0.8029999732971191,
    0.6549999713897705
  ]
}