{
  "epoch": 25,
  "train_loss": 0.679222367151314,
  "train_acc": 0.62116,
  "test_loss": 0.7290603804588318,
  "test_acc": 0.7541,
  "test_ece": 0.1322116106748581,
  "test_entropy": 0.6947649121284485,
  "bin_accuracies": [
    0.0,
    0.0,
    1.0,
    0.2,
    0.2846153846153846,
    0.3302752293577982,
    0.4037735849056604,
    0.5301645338208409,
    0.6990407673860911,
    0.841593330245484,
    0.9267643142476698,
    0.9507299270072993,
    0.9157894736842105,
    0.825,
    0.9725085910652921
  ],
  "bin_confidences": [
    0.0,
    0.0,
    0.17955398559570312,
    0.24294762313365936,
    0.30317020416259766,
    0.3674691915512085,
    0.4360882341861725,
    0.5110229253768921,
    0.5661227703094482,
    0.6320501565933228,
    0.6963614821434021,
    0.7574321031570435,
    0.8263323903083801,
    0.9046109914779663,
    0.9957254528999329
  ],
  "bin_counts": [
    0.0,
    0.0,
    2.0,
    25.0,
    130.0,
    218.0,
    265.0,
    1641.0,
    2502.0,
    2159.0,
    1502.0,
    548.0,
    95.0,
    40.0,
    873.0
  ],
  "per_class_acc": [
    0.8460000157356262,
    0.5040000081062317,
    0.7360000014305115,
    0.4090000092983246,
    0.7419999837875366,
    0.800000011920929,
    0.9430000185966492,
    0.7319999933242798,
    0.8939999938011169,
    0.9350000023841858
  ]
}