{
  "epoch": 46,
  "train_loss": 0.493509809226941,
  "train_acc": 0.75838,
  "test_loss": 0.8370474010705948,
  "test_acc": 0.6368,
  "test_ece": 0.08016622811555862,
  "test_entropy": 0.5827203989028931,
  "bin_accuracies": [
    0.0,
    0.0,
    0.0,
    0.16666666666666666,
    0.3111111111111111,
    0.3163265306122449,
    0.28994082840236685,
    0.4577226606538895,
    0.5188802083333334,
    0.5672473867595819,
    0.616642958748222,
    0.6502976190476191,
    0.7333965844402277,
    0.7537878787878788,
    0.9324104234527687
  ],
  "bin_confidences": [
    0.0,
    0.0,
    0.0,
    0.25753819942474365,
    0.30460071563720703,
    0.3695050776004791,
    0.43288594484329224,
    0.5125578045845032,
    0.567434549331665,
    0.6315367817878723,
    0.6999180912971497,
    0.7662044763565063,
    0.8322240710258484,
    0.8984333276748657,
    0.9848477840423584
  ],
  "bin_counts": [
    0.0,
    0.0,
    0.0,
    6.0,
    45.0,
    98.0,
    169.0,
    887.0,
    1536.0,
    1435.0,
    1406.0,
    1344.0,
    1054.0,
    792.0,
    1228.0
  ],
  "per_class_acc": [
    0.6620000004768372,
    0.6309999823570251,
    0.44600000977516174,
    0.656000018119812,
    0.6600000262260437,
    0.4580000042915344,
    0.9369999766349792,
    0.5619999766349792,
    0.6740000247955322,
    0.6819999814033508
  ]
}