{
  "epoch": 13,
  "train_loss": 0.8537624327423018,
  "train_acc": 0.55246,
  "test_loss": 0.831254905462265,
  "test_acc": 0.6819,
  "test_ece": 0.0926431268453598,
  "test_entropy": 0.8086846470832825,
  "bin_accuracies": [
    0.0,
    0.0,
    0.18181818181818182,
    0.26881720430107525,
    0.2809364548494983,
    0.39631336405529954,
    0.43261231281198004,
    0.5050798258345428,
    0.6305953933072577,
    0.8328042328042328,
    0.945993031358885,
    0.9579288025889967,
    0.9342105263157895,
    0.8833333333333333,
    0.9859353023909986
  ],
  "bin_confidences": [
    0.0,
    0.0,
    0.18749076128005981,
    0.2431562840938568,
    0.30125245451927185,
    0.3672521114349365,
    0.436091810464859,
    0.508598804473877,
    0.5647319555282593,
    0.6321977376937866,
    0.6933822631835938,
    0.757943332195282,
    0.8256754875183105,
    0.9057401418685913,
    0.991344690322876
  ],
  "bin_counts": [
    0.0,
    0.0,
    11.0,
    93.0,
    299.0,
    434.0,
    601.0,
    2067.0,
    2301.0,
    1890.0,
    1148.0,
    309.0,
    76.0,
    60.0,
    711.0
  ],
  "per_class_acc": [
    0.9330000281333923,
    0.9309999942779541,
    0.3050000071525574,
    0.5680000185966492,
    0.8019999861717224,
    0.7490000128746033,
    0.890999972820282,
    0.5600000023841858,
    0.8640000224113464,
    0.2160000056028366
  ]
}