{
  "train_loss": [
    2.195361516969588,
    2.100027449905415,
    2.0362631033753495,
    1.9879012251144175,
    1.9522542432141121,
    1.9245663997157456,
    1.8992507991278569,
    1.873495190649691,
    1.8523837782232964,
    1.8347397862797807,
    1.8176898745929493,
    1.8021001827991223,
    1.78959827471877,
    1.7760733506258797,
    1.761467362303868,
    1.7493334145802062,
    1.7400259127092483,
    1.7290275761538454,
    1.7181444363216,
    1.7083053546183555,
    1.69864070628915,
    1.6894067443545213,
    1.6810692499970536,
    1.6740789901265098,
    1.6642799240244015,
    1.6532117887531095,
    1.6419337722651488,
    1.6348501565816151,
    1.6274045751527753,
    1.6151406777179456,
    1.6093072369885262,
    1.5987643296151515,
    1.5900358873255112,
    1.5818540455435244,
    1.5686261419140164,
    1.480499074587127,
    1.454189148705329,
    1.4394660630189549,
    1.4243029474907214,
    1.4096289473726316,
    1.3961755668415743,
    1.377313354436089,
    1.3645293663834672,
    1.238480065789674,
    1.1985116375376805,
    1.172553712144837,
    1.150574950306007,
    1.1319191807981037,
    1.1091011694020323,
    0.9801742218034651
  ],
  "train_acc": [
    0.22096,
    0.28408,
    0.3245,
    0.35364,
    0.37796,
    0.39282,
    0.40766,
    0.42208,
    0.4307,
    0.44264,
    0.45156,
    0.45938,
    0.4656,
    0.47278,
    0.48126,
    0.48462,
    0.48772,
    0.49378,
    0.49904,
    0.50248,
    0.50408,
    0.51036,
    0.51144,
    0.51504,
    0.51802,
    0.52216,
    0.52522,
    0.52798,
    0.52896,
    0.5318,
    0.53338,
    0.53648,
    0.53986,
    0.54064,
    0.5447,
    0.5694,
    0.57248,
    0.57648,
    0.57956,
    0.5829,
    0.58524,
    0.58784,
    0.58936,
    0.62284,
    0.6343,
    0.64164,
    0.64514,
    0.64794,
    0.6543,
    0.69368
  ],
  "test_loss": [
    1.7040639972686769,
    1.5680045580863953,
    1.479893456697464,
    1.429794510602951,
    1.3414741158485413,
    1.3062851011753083,
    1.259156302213669,
    1.2636527144908904,
    1.198580323457718,
    1.1738014900684357,
    1.1327922320365906,
    1.132800693511963,
    1.0713046157360078,
    1.0397151279449464,
    1.0927491337060928,
    1.0075364500284194,
    1.0873403650522233,
    0.9831047511100769,
    1.016855017542839,
    0.9729364788532258,
    0.9634125357866288,
    0.9628648895025254,
    0.9502151393890381,
    1.0396521073579787,
    0.9490890997648239,
    0.9629186129570008,
    0.9895706534385681,
    0.9525137436389923,
    0.9399646449089051,
    0.9405140334367752,
    0.9717180347442627,
    1.0473519837856293,
    1.0186693912744522,
    0.953598176240921,
    0.9551944565773011,
    0.9618777620792389,
    0.914652983546257,
    0.9190431886911392,
    1.0644405019283294,
    1.004971958398819,
    0.9829031378030777,
    1.0121134036779404,
    1.1029568618535996,
    0.9858385401964188,
    1.0355390620231628,
    1.1174743765592574,
    1.0890172052383422,
    1.1585222828388213,
    1.1982208210229874,
    1.1813798594474791
  ],
  "test_acc": [
    0.4281,
    0.4881,
    0.5464,
    0.5684,
    0.5993,
    0.6264,
    0.6492,
    0.6379,
    0.6565,
    0.7108,
    0.7081,
    0.7193,
    0.7268,
    0.7471,
    0.7324,
    0.7559,
    0.7527,
    0.7745,
    0.7662,
    0.7693,
    0.7793,
    0.7675,
    0.7888,
    0.7627,
    0.7905,
    0.7918,
    0.7752,
    0.7908,
    0.7872,
    0.7802,
    0.7583,
    0.7516,
    0.7576,
    0.7758,
    0.7762,
    0.7763,
    0.7903,
    0.7738,
    0.7405,
    0.7427,
    0.7504,
    0.7452,
    0.7124,
    0.7461,
    0.7289,
    0.7006,
    0.7041,
    0.6869,
    0.6791,
    0.6738
  ],
  "test_ece": [
    0.13496370613574982,
    0.1407153308391571,
    0.2064817249774933,
    0.19795532524585724,
    0.2017538845539093,
    0.22085098922252655,
    0.23648281395435333,
    0.1991933286190033,
    0.1951935589313507,
    0.28687626123428345,
    0.25525832176208496,
    0.2695629596710205,
    0.25343531370162964,
    0.2703970670700073,
    0.2667839527130127,
    0.26200735569000244,
    0.3035426735877991,
    0.27621203660964966,
    0.2787466049194336,
    0.2572648227214813,
    0.27430111169815063,
    0.250998318195343,
    0.29096734523773193,
    0.28121885657310486,
    0.2881160080432892,
    0.28841811418533325,
    0.2760544717311859,
    0.2886984646320343,
    0.26208779215812683,
    0.24890698492527008,
    0.22485767304897308,
    0.25602057576179504,
    0.2443368136882782,
    0.24414612352848053,
    0.23759819567203522,
    0.24528217315673828,
    0.2293422818183899,
    0.20068207383155823,
    0.23226505517959595,
    0.17817099392414093,
    0.18690964579582214,
    0.18455184996128082,
    0.1641879677772522,
    0.1436253786087036,
    0.14232054352760315,
    0.09543447196483612,
    0.08750611543655396,
    0.0879392921924591,
    0.0824333131313324,
    0.06762906908988953
  ],
  "test_entropy": [
    2.017866373062134,
    1.9066556692123413,
    1.92002534866333,
    1.8756030797958374,
    1.8168476819992065,
    1.8209925889968872,
    1.8256539106369019,
    1.7540470361709595,
    1.7029949426651,
    1.818261742591858,
    1.7454237937927246,
    1.7561442852020264,
    1.7102628946304321,
    1.6987426280975342,
    1.7246586084365845,
    1.6610952615737915,
    1.7697616815567017,
    1.6589211225509644,
    1.6762994527816772,
    1.6210308074951172,
    1.6388767957687378,
    1.6091985702514648,
    1.6614598035812378,
    1.7023733854293823,
    1.651418924331665,
    1.6496503353118896,
    1.6509486436843872,
    1.6572035551071167,
    1.591969609260559,
    1.5782479047775269,
    1.5553977489471436,
    1.6553218364715576,
    1.6170392036437988,
    1.5626739263534546,
    1.5372846126556396,
    1.5451048612594604,
    1.4645941257476807,
    1.4220497608184814,
    1.5804474353790283,
    1.429779052734375,
    1.4286187887191772,
    1.4273062944412231,
    1.4423828125,
    1.2977924346923828,
    1.320120096206665,
    1.2404240369796753,
    1.1975194215774536,
    1.202834963798523,
    1.2073625326156616,
    1.196108102798462
  ],
  "epoch_time": [
    26.63183832168579,
    26.64165949821472,
    26.830891132354736,
    26.64061188697815,
    26.631097078323364,
    26.660493850708008,
    26.664862632751465,
    26.66621208190918,
    26.692158937454224,
    26.66089630126953,
    26.66092824935913,
    26.68383002281189,
    26.719111680984497,
    26.697035789489746,
    26.624485969543457,
    26.673340320587158,
    26.670302391052246,
    26.701823711395264,
    26.818463563919067,
    26.804133892059326,
    26.699000120162964,
    26.791167736053467,
    26.94908905029297,
    26.706378936767578,
    26.64822793006897,
    26.641681671142578,
    26.66847324371338,
    26.63278841972351,
    27.043890714645386,
    26.664584159851074,
    26.640010118484497,
    26.64604926109314,
    26.65501070022583,
    26.65101671218872,
    26.652796268463135,
    26.678388833999634,
    26.670084714889526,
    26.67488193511963,
    26.67606806755066,
    26.677715301513672,
    26.726983308792114,
    26.69992470741272,
    26.680535078048706,
    26.70481824874878,
    26.668373107910156,
    26.690111875534058,
    26.67547035217285,
    26.65140438079834,
    26.63087248802185,
    26.666320323944092
  ]
}