{
  "epoch": 21,
  "train_loss": 1.6894067443545213,
  "train_acc": 0.51036,
  "test_loss": 0.9628648895025254,
  "test_acc": 0.7675,
  "test_ece": 0.250998318195343,
  "test_entropy": 1.6091985702514648,
  "bin_accuracies": [
    0.0,
    0.0,
    0.2857142857142857,
    0.35073409461663946,
    0.4825636192271442,
    0.5809090909090909,
    0.698905109489051,
    0.8306320907617504,
    0.8787650602409639,
    0.9477557027225901,
    0.9554140127388535,
    0.9624624624624625,
    0.9758620689655172,
    1.0,
    1.0
  ],
  "bin_confidences": [
    0.0,
    0.0,
    0.18255604803562164,
    0.23855526745319366,
    0.3013688921928406,
    0.3663467466831207,
    0.4340241849422455,
    0.5016764402389526,
    0.56745845079422,
    0.6323722004890442,
    0.6985742449760437,
    0.7630760669708252,
    0.8268330693244934,
    0.8875053524971008,
    0.9488751888275146
  ],
  "bin_counts": [
    0.0,
    0.0,
    91.0,
    613.0,
    1061.0,
    1100.0,
    1096.0,
    1234.0,
    1328.0,
    1359.0,
    1099.0,
    666.0,
    290.0,
    62.0,
    1.0
  ],
  "per_class_acc": [
    0.9300000071525574,
    0.8330000042915344,
    0.6850000023841858,
    0.652999997138977,
    0.7789999842643738,
    0.5849999785423279,
    0.8169999718666077,
    0.800000011920929,
    0.7400000095367432,
    0.8529999852180481
  ]
}