{
  "epoch": 10,
  "train_loss": 1.8176898745929493,
  "train_acc": 0.45156,
  "test_loss": 1.1327922320365906,
  "test_acc": 0.7081,
  "test_ece": 0.25525832176208496,
  "test_entropy": 1.7454237937927246,
  "bin_accuracies": [
    0.0,
    0.0,
    0.2918149466192171,
    0.36126126126126124,
    0.5221774193548387,
    0.6247334754797441,
    0.7380952380952381,
    0.8386831275720165,
    0.8943427620632279,
    0.9306608884073673,
    0.9354838709677419,
    0.9423076923076923,
    0.963855421686747,
    0.9824561403508771,
    0.0
  ],
  "bin_confidences": [
    0.0,
    0.13078367710113525,
    0.18147780001163483,
    0.23567898571491241,
    0.3000790476799011,
    0.3656279146671295,
    0.432582825422287,
    0.49883922934532166,
    0.5663203597068787,
    0.6320269107818604,
    0.6962819695472717,
    0.7630437016487122,
    0.8281301259994507,
    0.8895725607872009,
    0.0
  ],
  "bin_counts": [
    0.0,
    1.0,
    281.0,
    1110.0,
    1488.0,
    1407.0,
    1218.0,
    1215.0,
    1202.0,
    923.0,
    620.0,
    312.0,
    166.0,
    57.0,
    0.0
  ],
  "per_class_acc": [
    0.7839999794960022,
    0.7850000262260437,
    0.550000011920929,
    0.38100001215934753,
    0.7020000219345093,
    0.7789999842643738,
    0.8069999814033508,
    0.7459999918937683,
    0.6990000009536743,
    0.8479999899864197
  ]
}