{
  "epoch": 19,
  "train_loss": 1.7083053546183555,
  "train_acc": 0.50248,
  "test_loss": 0.9729364788532258,
  "test_acc": 0.7693,
  "test_ece": 0.2572648227214813,
  "test_entropy": 1.6210308074951172,
  "bin_accuracies": [
    0.0,
    0.0,
    0.3383838383838384,
    0.4166666666666667,
    0.5280701754385965,
    0.634906500445236,
    0.7374768089053804,
    0.8148148148148148,
    0.8627069133398247,
    0.9225023342670402,
    0.9597747385358005,
    0.9813800657174151,
    0.9819277108433735,
    0.9692307692307692,
    1.0
  ],
  "bin_confidences": [
    0.0,
    0.13304802775382996,
    0.18099521100521088,
    0.23802584409713745,
    0.30006644129753113,
    0.36633652448654175,
    0.4338584542274475,
    0.5002350211143494,
    0.5671485066413879,
    0.633444607257843,
    0.700819730758667,
    0.7644490003585815,
    0.8251541256904602,
    0.8899868726730347,
    0.9448210597038269
  ],
  "bin_counts": [
    0.0,
    1.0,
    198.0,
    780.0,
    1140.0,
    1123.0,
    1078.0,
    1026.0,
    1027.0,
    1071.0,
    1243.0,
    913.0,
    332.0,
    65.0,
    3.0
  ],
  "per_class_acc": [
    0.9210000038146973,
    0.9390000104904175,
    0.6299999952316284,
    0.6140000224113464,
    0.6779999732971191,
    0.7160000205039978,
    0.8889999985694885,
    0.7490000128746033,
    0.7269999980926514,
    0.8299999833106995
  ]
}