{
  "epoch": 48,
  "train_loss": 1.1091011694020323,
  "train_acc": 0.6543,
  "test_loss": 1.1982208210229874,
  "test_acc": 0.6791,
  "test_ece": 0.0824333131313324,
  "test_entropy": 1.2073625326156616,
  "bin_accuracies": [
    0.0,
    0.0,
    0.13793103448275862,
    0.33962264150943394,
    0.40405405405405403,
    0.45513513513513515,
    0.5121457489878543,
    0.6511134676564156,
    0.7021040974529347,
    0.7250821467688937,
    0.7714285714285715,
    0.8306636155606407,
    0.8217142857142857,
    0.8637469586374696,
    0.9026315789473685
  ],
  "bin_confidences": [
    0.0,
    0.0,
    0.1860017329454422,
    0.23976901173591614,
    0.30215758085250854,
    0.3679242730140686,
    0.43242865800857544,
    0.5004530549049377,
    0.5670605301856995,
    0.6323857307434082,
    0.6995885968208313,
    0.7664165496826172,
    0.8327571153640747,
    0.8995469212532043,
    0.9645864367485046
  ],
  "bin_counts": [
    0.0,
    0.0,
    29.0,
    318.0,
    740.0,
    925.0,
    988.0,
    943.0,
    903.0,
    913.0,
    910.0,
    874.0,
    875.0,
    822.0,
    760.0
  ],
  "per_class_acc": [
    0.6660000085830688,
    0.8500000238418579,
    0.4180000126361847,
    0.6639999747276306,
    0.6489999890327454,
    0.7599999904632568,
    0.7160000205039978,
    0.5920000076293945,
    0.6639999747276306,
    0.8119999766349792
  ]
}