{
  "epoch": 2,
  "train_loss": 2.0362631033753495,
  "train_acc": 0.3245,
  "test_loss": 1.479893456697464,
  "test_acc": 0.5464,
  "test_ece": 0.2064817249774933,
  "test_entropy": 1.92002534866333,
  "bin_accuracies": [
    0.0,
    0.0,
    0.2673992673992674,
    0.3755924170616114,
    0.5100917431192661,
    0.6094364351245085,
    0.7266035751840169,
    0.803834808259587,
    0.8973214285714286,
    0.9176029962546817,
    0.8994082840236687,
    0.9634146341463414,
    0.9259259259259259,
    1.0,
    0.0
  ],
  "bin_confidences": [
    0.0,
    0.13094572722911835,
    0.17768722772598267,
    0.23392581939697266,
    0.2988588213920593,
    0.36398062109947205,
    0.4299637973308563,
    0.4973672926425934,
    0.5650157928466797,
    0.6310376524925232,
    0.6985735893249512,
    0.764460563659668,
    0.832025408744812,
    0.8859269618988037,
    0.0
  ],
  "bin_counts": [
    0.0,
    6.0,
    1092.0,
    2532.0,
    2180.0,
    1526.0,
    951.0,
    678.0,
    448.0,
    267.0,
    169.0,
    82.0,
    54.0,
    15.0,
    0.0
  ],
  "per_class_acc": [
    0.7009999752044678,
    0.7649999856948853,
    0.2750000059604645,
    0.5239999890327454,
    0.49399998784065247,
    0.4359999895095825,
    0.4569999873638153,
    0.7409999966621399,
    0.5450000166893005,
    0.5260000228881836
  ]
}