{
  "epoch": 38,
  "train_loss": 1.4243029474907214,
  "train_acc": 0.57956,
  "test_loss": 1.0644405019283294,
  "test_acc": 0.7405,
  "test_ece": 0.23226505517959595,
  "test_entropy": 1.5804474353790283,
  "bin_accuracies": [
    0.0,
    0.0,
    0.33136094674556216,
    0.4069319640564827,
    0.5079787234042553,
    0.6261525565800503,
    0.7249398556535686,
    0.8096539162112932,
    0.8494242692648362,
    0.8874296435272045,
    0.9040767386091128,
    0.9245852187028658,
    0.9290953545232273,
    0.9336283185840708,
    0.9491525423728814
  ],
  "bin_confidences": [
    0.0,
    0.0,
    0.18210755288600922,
    0.23806187510490417,
    0.30024465918540955,
    0.36657682061195374,
    0.4329616129398346,
    0.4996465742588043,
    0.5653892755508423,
    0.6324238181114197,
    0.6990252733230591,
    0.7655600309371948,
    0.8313472270965576,
    0.8969860076904297,
    0.9521111249923706
  ],
  "bin_counts": [
    0.0,
    0.0,
    169.0,
    779.0,
    1128.0,
    1193.0,
    1247.0,
    1098.0,
    1129.0,
    1066.0,
    834.0,
    663.0,
    409.0,
    226.0,
    59.0
  ],
  "per_class_acc": [
    0.6169999837875366,
    0.9150000214576721,
    0.6610000133514404,
    0.5640000104904175,
    0.7670000195503235,
    0.7960000038146973,
    0.8349999785423279,
    0.7450000047683716,
    0.7300000190734863,
    0.7749999761581421
  ]
}