{
  "epoch": 14,
  "train_loss": 1.761467362303868,
  "train_acc": 0.48126,
  "test_loss": 1.0927491337060928,
  "test_acc": 0.7324,
  "test_ece": 0.2667839527130127,
  "test_entropy": 1.7246586084365845,
  "bin_accuracies": [
    0.0,
    0.0,
    0.2952029520295203,
    0.39221014492753625,
    0.529839883551674,
    0.6574420344053852,
    0.7597998331943286,
    0.8559393428812131,
    0.8796641791044776,
    0.9285714285714286,
    0.9571788413098237,
    0.9715447154471545,
    0.9845360824742269,
    0.8958333333333334,
    1.0
  ],
  "bin_confidences": [
    0.0,
    0.1329062283039093,
    0.18357902765274048,
    0.23673585057258606,
    0.29999440908432007,
    0.3657028079032898,
    0.4327984154224396,
    0.499429851770401,
    0.565926194190979,
    0.6353437304496765,
    0.6974629759788513,
    0.7605326771736145,
    0.8262577652931213,
    0.8959107398986816,
    0.9533602595329285
  ],
  "bin_counts": [
    0.0,
    1.0,
    271.0,
    1104.0,
    1374.0,
    1337.0,
    1199.0,
    1187.0,
    1072.0,
    910.0,
    794.0,
    492.0,
    194.0,
    48.0,
    17.0
  ],
  "per_class_acc": [
    0.6639999747276306,
    0.8880000114440918,
    0.796999990940094,
    0.38600000739097595,
    0.7070000171661377,
    0.7459999918937683,
    0.7889999747276306,
    0.5989999771118164,
    0.949999988079071,
    0.7979999780654907
  ]
}