{
  "epoch": 16,
  "train_loss": 1.7400259127092483,
  "train_acc": 0.48772,
  "test_loss": 1.0873403650522233,
  "test_acc": 0.7527,
  "test_ece": 0.3035426735877991,
  "test_entropy": 1.7697616815567017,
  "bin_accuracies": [
    0.0,
    0.0,
    0.25757575757575757,
    0.43142857142857144,
    0.557161629434954,
    0.6866576819407008,
    0.8172413793103448,
    0.8844961240310077,
    0.9131205673758865,
    0.9435294117647058,
    0.959114139693356,
    0.9867986798679867,
    0.9821428571428571,
    1.0,
    0.0
  ],
  "bin_confidences": [
    0.0,
    0.0,
    0.18460357189178467,
    0.2375490665435791,
    0.30168068408966064,
    0.367938756942749,
    0.4316261410713196,
    0.4993138611316681,
    0.5652211308479309,
    0.6315392255783081,
    0.6965584754943848,
    0.7633925080299377,
    0.8286871314048767,
    0.8871313333511353,
    0.0
  ],
  "bin_counts": [
    0.0,
    0.0,
    198.0,
    1050.0,
    1522.0,
    1484.0,
    1450.0,
    1290.0,
    1128.0,
    850.0,
    587.0,
    303.0,
    112.0,
    26.0,
    0.0
  ],
  "per_class_acc": [
    0.8690000176429749,
    0.8309999704360962,
    0.734000027179718,
    0.6890000104904175,
    0.7450000047683716,
    0.6520000100135803,
    0.6340000033378601,
    0.7710000276565552,
    0.8309999704360962,
    0.7710000276565552
  ]
}