{
  "epoch": 33,
  "train_loss": 1.5818540455435244,
  "train_acc": 0.54064,
  "test_loss": 0.953598176240921,
  "test_acc": 0.7758,
  "test_ece": 0.24414612352848053,
  "test_entropy": 1.5626739263534546,
  "bin_accuracies": [
    0.0,
    0.0,
    0.24,
    0.38748137108792846,
    0.508937960042061,
    0.598019801980198,
    0.6918489065606361,
    0.7951042611060744,
    0.8838304552590267,
    0.9356357927786499,
    0.9406196213425129,
    0.9683972911963883,
    0.96,
    0.9847328244274809,
    1.0
  ],
  "bin_confidences": [
    0.0,
    0.0,
    0.1849597692489624,
    0.23742230236530304,
    0.3009776473045349,
    0.36717233061790466,
    0.4342585504055023,
    0.4996170699596405,
    0.566415548324585,
    0.6326961517333984,
    0.6995711326599121,
    0.7641652822494507,
    0.8295555710792542,
    0.8924623727798462,
    0.9459336996078491
  ],
  "bin_counts": [
    0.0,
    0.0,
    100.0,
    671.0,
    951.0,
    1010.0,
    1006.0,
    1103.0,
    1274.0,
    1274.0,
    1162.0,
    886.0,
    425.0,
    131.0,
    7.0
  ],
  "per_class_acc": [
    0.7950000166893005,
    0.9139999747276306,
    0.718999981880188,
    0.5460000038146973,
    0.777999997138977,
    0.6949999928474426,
    0.8709999918937683,
    0.9229999780654907,
    0.8059999942779541,
    0.7110000252723694
  ]
}