{
  "epoch": 9,
  "train_loss": 1.8347397862797807,
  "train_acc": 0.44264,
  "test_loss": 1.1738014900684357,
  "test_acc": 0.7108,
  "test_ece": 0.28687626123428345,
  "test_entropy": 1.818261742591858,
  "bin_accuracies": [
    0.0,
    0.0,
    0.31106471816283926,
    0.43006993006993005,
    0.5315034310667498,
    0.6651718983557549,
    0.7859424920127795,
    0.8696763202725724,
    0.936897458369851,
    0.9585308056872038,
    0.9814385150812065,
    0.9575471698113207,
    0.9875,
    1.0,
    0.0
  ],
  "bin_confidences": [
    0.0,
    0.12701722979545593,
    0.18027514219284058,
    0.23637652397155762,
    0.2999885678291321,
    0.3642878234386444,
    0.43238285183906555,
    0.4996572732925415,
    0.5663625001907349,
    0.6319460272789001,
    0.6945434808731079,
    0.7615332007408142,
    0.8262113332748413,
    0.8862823843955994,
    0.0
  ],
  "bin_counts": [
    0.0,
    2.0,
    479.0,
    1430.0,
    1603.0,
    1338.0,
    1252.0,
    1174.0,
    1141.0,
    844.0,
    431.0,
    212.0,
    80.0,
    14.0,
    0.0
  ],
  "per_class_acc": [
    0.6629999876022339,
    0.8629999756813049,
    0.49900001287460327,
    0.4009999930858612,
    0.6669999957084656,
    0.6959999799728394,
    0.8230000138282776,
    0.8130000233650208,
    0.8479999899864197,
    0.8349999785423279
  ]
}