{
  "epoch": 45,
  "train_loss": 1.172553712144837,
  "train_acc": 0.64164,
  "test_loss": 1.1174743765592574,
  "test_acc": 0.7006,
  "test_ece": 0.09543447196483612,
  "test_entropy": 1.2404240369796753,
  "bin_accuracies": [
    0.0,
    0.0,
    0.21052631578947367,
    0.33676092544987146,
    0.40355677154582764,
    0.5016251354279523,
    0.5628930817610063,
    0.6628151260504201,
    0.7050847457627119,
    0.7484143763213531,
    0.7920258620689655,
    0.8419243986254296,
    0.8744444444444445,
    0.8971751412429378,
    0.9362416107382551
  ],
  "bin_confidences": [
    0.0,
    0.0,
    0.18503046035766602,
    0.24012577533721924,
    0.3012124001979828,
    0.36774641275405884,
    0.43306028842926025,
    0.4990108013153076,
    0.5667524933815002,
    0.6335409879684448,
    0.7008938193321228,
    0.7665327191352844,
    0.8322740793228149,
    0.9002849459648132,
    0.9621003270149231
  ],
  "bin_counts": [
    0.0,
    0.0,
    38.0,
    389.0,
    731.0,
    923.0,
    954.0,
    952.0,
    885.0,
    946.0,
    928.0,
    873.0,
    900.0,
    885.0,
    596.0
  ],
  "per_class_acc": [
    0.6439999938011169,
    0.7889999747276306,
    0.6159999966621399,
    0.5600000023841858,
    0.5929999947547913,
    0.6610000133514404,
    0.699999988079071,
    0.8379999995231628,
    0.7860000133514404,
    0.8190000057220459
  ]
}