{
  "epoch": 27,
  "train_loss": 1.6348501565816151,
  "train_acc": 0.52798,
  "test_loss": 0.9525137436389923,
  "test_acc": 0.7908,
  "test_ece": 0.2886984646320343,
  "test_entropy": 1.6572035551071167,
  "bin_accuracies": [
    0.0,
    0.0,
    0.2911392405063291,
    0.40620592383638926,
    0.5262655205348615,
    0.6388888888888888,
    0.7791878172588832,
    0.8499587798845837,
    0.9048305695746215,
    0.9672727272727273,
    0.9731977818853974,
    0.9839285714285714,
    0.9869281045751634,
    1.0,
    1.0
  ],
  "bin_confidences": [
    0.0,
    0.0,
    0.18241280317306519,
    0.23764871060848236,
    0.30071985721588135,
    0.3667728304862976,
    0.43289393186569214,
    0.4998350739479065,
    0.5677089095115662,
    0.6327873468399048,
    0.6973987221717834,
    0.7616302967071533,
    0.82914799451828,
    0.8916912078857422,
    0.9364733695983887
  ],
  "bin_counts": [
    0.0,
    0.0,
    158.0,
    709.0,
    1047.0,
    1116.0,
    1182.0,
    1213.0,
    1387.0,
    1375.0,
    1082.0,
    560.0,
    153.0,
    17.0,
    1.0
  ],
  "per_class_acc": [
    0.8410000205039978,
    0.8560000061988831,
    0.6729999780654907,
    0.652999997138977,
    0.7149999737739563,
    0.7319999933242798,
    0.8619999885559082,
    0.8159999847412109,
    0.8180000185966492,
    0.9419999718666077
  ]
}