{
  "epoch": 11,
  "train_loss": 1.8021001827991223,
  "train_acc": 0.45938,
  "test_loss": 1.132800693511963,
  "test_acc": 0.7193,
  "test_ece": 0.2695629596710205,
  "test_entropy": 1.7561442852020264,
  "bin_accuracies": [
    0.0,
    0.0,
    0.2883435582822086,
    0.41622574955908287,
    0.557246856386499,
    0.6512605042016807,
    0.75546875,
    0.8377483443708609,
    0.8874371859296483,
    0.9284116331096197,
    0.9420970266040689,
    0.9468085106382979,
    0.9876543209876543,
    0.9545454545454546,
    1.0
  ],
  "bin_confidences": [
    0.0,
    0.0,
    0.1819717139005661,
    0.23616576194763184,
    0.2998471260070801,
    0.36627358198165894,
    0.4339216649532318,
    0.4993688762187958,
    0.5655744671821594,
    0.6316531300544739,
    0.6966592073440552,
    0.7629502415657043,
    0.8268406391143799,
    0.8914338946342468,
    0.9396686553955078
  ],
  "bin_counts": [
    0.0,
    0.0,
    326.0,
    1134.0,
    1511.0,
    1428.0,
    1280.0,
    1208.0,
    995.0,
    894.0,
    639.0,
    376.0,
    162.0,
    44.0,
    3.0
  ],
  "per_class_acc": [
    0.8859999775886536,
    0.7710000276565552,
    0.5960000157356262,
    0.5580000281333923,
    0.5580000281333923,
    0.7509999871253967,
    0.843999981880188,
    0.7710000276565552,
    0.6389999985694885,
    0.8190000057220459
  ]
}