{
  "epoch": 40,
  "train_loss": 1.3961755668415743,
  "train_acc": 0.58524,
  "test_loss": 0.9829031378030777,
  "test_acc": 0.7504,
  "test_ece": 0.18690964579582214,
  "test_entropy": 1.4286187887191772,
  "bin_accuracies": [
    0.0,
    0.0,
    0.1941747572815534,
    0.3333333333333333,
    0.4407364787111623,
    0.5635245901639344,
    0.6454456415279138,
    0.785645933014354,
    0.839622641509434,
    0.8723809523809524,
    0.8940955951265229,
    0.921505376344086,
    0.9378453038674033,
    0.944206008583691,
    0.9640718562874252
  ],
  "bin_confidences": [
    0.0,
    0.0,
    0.18315590918064117,
    0.237992063164711,
    0.3013303577899933,
    0.36684855818748474,
    0.4333079159259796,
    0.5007684230804443,
    0.5682687163352966,
    0.6329923272132874,
    0.6999356150627136,
    0.7661118507385254,
    0.8321846723556519,
    0.8971464037895203,
    0.9538928866386414
  ],
  "bin_counts": [
    0.0,
    0.0,
    103.0,
    522.0,
    869.0,
    976.0,
    1021.0,
    1045.0,
    1060.0,
    1050.0,
    1067.0,
    930.0,
    724.0,
    466.0,
    167.0
  ],
  "per_class_acc": [
    0.5789999961853027,
    0.8510000109672546,
    0.6790000200271606,
    0.4880000054836273,
    0.8519999980926514,
    0.6620000004768372,
    0.8550000190734863,
    0.8149999976158142,
    0.8420000076293945,
    0.8809999823570251
  ]
}