{
  "epoch": 7,
  "train_loss": 1.873495190649691,
  "train_acc": 0.42208,
  "test_loss": 1.2636527144908904,
  "test_acc": 0.6379,
  "test_ece": 0.1991933286190033,
  "test_entropy": 1.7540470361709595,
  "bin_accuracies": [
    0.0,
    0.0,
    0.2709832134292566,
    0.36948662328271875,
    0.47849145550972305,
    0.603021978021978,
    0.6646808510638298,
    0.7533129459734964,
    0.8217703349282297,
    0.8737151248164464,
    0.8959044368600683,
    0.9333333333333333,
    0.932806324110672,
    0.9557522123893806,
    1.0
  ],
  "bin_confidences": [
    0.0,
    0.1308622658252716,
    0.18101365864276886,
    0.23447822034358978,
    0.2995098829269409,
    0.36591821908950806,
    0.432047963142395,
    0.49952349066734314,
    0.566283106803894,
    0.6318116784095764,
    0.6983957290649414,
    0.7627688646316528,
    0.8307951092720032,
    0.8982454538345337,
    0.946660578250885
  ],
  "bin_counts": [
    0.0,
    1.0,
    417.0,
    1383.0,
    1697.0,
    1456.0,
    1175.0,
    981.0,
    836.0,
    681.0,
    586.0,
    405.0,
    253.0,
    113.0,
    16.0
  ],
  "per_class_acc": [
    0.8669999837875366,
    0.9240000247955322,
    0.5370000004768372,
    0.28200000524520874,
    0.4000000059604645,
    0.781000018119812,
    0.6050000190734863,
    0.7390000224113464,
    0.5479999780654907,
    0.6959999799728394
  ]
}