{
  "epoch": 18,
  "train_loss": 1.7181444363216,
  "train_acc": 0.49904,
  "test_loss": 1.016855017542839,
  "test_acc": 0.7662,
  "test_ece": 0.2787466049194336,
  "test_entropy": 1.6762994527816772,
  "bin_accuracies": [
    0.0,
    0.0,
    0.2569832402234637,
    0.39210526315789473,
    0.5347457627118644,
    0.6280587275693311,
    0.7698170731707317,
    0.8838977194194886,
    0.8954619124797407,
    0.9455842997323818,
    0.9461827284105131,
    0.9437340153452686,
    0.9485981308411215,
    0.9919354838709677,
    1.0
  ],
  "bin_confidences": [
    0.0,
    0.12900954484939575,
    0.18089328706264496,
    0.23803682625293732,
    0.30138570070266724,
    0.36678346991539,
    0.43433257937431335,
    0.500193178653717,
    0.5655476450920105,
    0.6328754425048828,
    0.6963648200035095,
    0.7629787921905518,
    0.8319268822669983,
    0.8954002261161804,
    0.9432421326637268
  ],
  "bin_counts": [
    0.0,
    1.0,
    179.0,
    760.0,
    1180.0,
    1226.0,
    1312.0,
    1447.0,
    1234.0,
    1121.0,
    799.0,
    391.0,
    214.0,
    124.0,
    12.0
  ],
  "per_class_acc": [
    0.843999981880188,
    0.8970000147819519,
    0.49300000071525574,
    0.7360000014305115,
    0.8690000176429749,
    0.5920000076293945,
    0.7950000166893005,
    0.7360000014305115,
    0.8629999756813049,
    0.8370000123977661
  ]
}