{
  "epoch": 36,
  "train_loss": 1.454189148705329,
  "train_acc": 0.57248,
  "test_loss": 0.914652983546257,
  "test_acc": 0.7903,
  "test_ece": 0.2293422818183899,
  "test_entropy": 1.4645941257476807,
  "bin_accuracies": [
    0.0,
    0.0,
    0.3068181818181818,
    0.3860294117647059,
    0.4928571428571429,
    0.6127982646420824,
    0.685501066098081,
    0.7843336724313327,
    0.863406408094435,
    0.9169463087248322,
    0.9366368805848904,
    0.9702970297029703,
    0.9609375,
    0.9662576687116564,
    0.93
  ],
  "bin_confidences": [
    0.0,
    0.0,
    0.18404065072536469,
    0.23774833977222443,
    0.3009404242038727,
    0.36655107140541077,
    0.4342799186706543,
    0.5009897351264954,
    0.5669704675674438,
    0.6328802704811096,
    0.6987188458442688,
    0.7647958993911743,
    0.8297085762023926,
    0.8967593312263489,
    0.9527424573898315
  ],
  "bin_counts": [
    0.0,
    0.0,
    88.0,
    544.0,
    840.0,
    922.0,
    938.0,
    983.0,
    1186.0,
    1192.0,
    1231.0,
    1010.0,
    640.0,
    326.0,
    100.0
  ],
  "per_class_acc": [
    0.8610000014305115,
    0.8820000290870667,
    0.7379999756813049,
    0.6340000033378601,
    0.7760000228881836,
    0.6039999723434448,
    0.8539999723434448,
    0.8569999933242798,
    0.8420000076293945,
    0.8550000190734863
  ]
}