{
  "epoch": 22,
  "train_loss": 1.6810692499970536,
  "train_acc": 0.51144,
  "test_loss": 0.9502151393890381,
  "test_acc": 0.7888,
  "test_ece": 0.29096734523773193,
  "test_entropy": 1.6614598035812378,
  "bin_accuracies": [
    0.0,
    0.0,
    0.3333333333333333,
    0.39332365747460085,
    0.5287253141831239,
    0.6173913043478261,
    0.7865072587532024,
    0.8671171171171171,
    0.9251837007348029,
    0.9516757599376462,
    0.9756986634264885,
    0.9818511796733213,
    1.0,
    1.0,
    0.0
  ],
  "bin_confidences": [
    0.0,
    0.0,
    0.18287056684494019,
    0.23877334594726562,
    0.3010046184062958,
    0.366466760635376,
    0.43291428685188293,
    0.5002871155738831,
    0.5668694972991943,
    0.631356418132782,
    0.6969327330589294,
    0.7646329998970032,
    0.8274068236351013,
    0.8886491060256958,
    0.0
  ],
  "bin_counts": [
    0.0,
    0.0,
    147.0,
    689.0,
    1114.0,
    1150.0,
    1171.0,
    1332.0,
    1497.0,
    1283.0,
    823.0,
    551.0,
    206.0,
    37.0,
    0.0
  ],
  "per_class_acc": [
    0.8339999914169312,
    0.8519999980926514,
    0.7689999938011169,
    0.6100000143051147,
    0.7319999933242798,
    0.7620000243186951,
    0.7770000100135803,
    0.7749999761581421,
    0.890999972820282,
    0.8859999775886536
  ]
}