{
  "epoch": 8,
  "train_loss": 1.8523837782232964,
  "train_acc": 0.4307,
  "test_loss": 1.198580323457718,
  "test_acc": 0.6565,
  "test_ece": 0.1951935589313507,
  "test_entropy": 1.7029949426651,
  "bin_accuracies": [
    0.0,
    0.0,
    0.2148997134670487,
    0.36217457886676874,
    0.4769335142469471,
    0.5650636492220651,
    0.6966192170818505,
    0.751984126984127,
    0.8083228247162674,
    0.8581173260572987,
    0.9266770670826833,
    0.9393939393939394,
    0.9764957264957265,
    0.984375,
    0.0
  ],
  "bin_confidences": [
    0.0,
    0.12659567594528198,
    0.18202714622020721,
    0.23598584532737732,
    0.30024757981300354,
    0.36592116951942444,
    0.4323250353336334,
    0.4990503489971161,
    0.5654823184013367,
    0.6327894330024719,
    0.6997844576835632,
    0.7656978964805603,
    0.8309499025344849,
    0.884751558303833,
    0.0
  ],
  "bin_counts": [
    0.0,
    1.0,
    349.0,
    1306.0,
    1474.0,
    1414.0,
    1124.0,
    1008.0,
    793.0,
    733.0,
    641.0,
    561.0,
    468.0,
    128.0,
    0.0
  ],
  "per_class_acc": [
    0.8019999861717224,
    0.9290000200271606,
    0.47999998927116394,
    0.48899999260902405,
    0.7009999752044678,
    0.46700000762939453,
    0.8820000290870667,
    0.4779999852180481,
    0.7639999985694885,
    0.5730000138282776
  ]
}