{
  "epoch": 17,
  "train_loss": 1.7290275761538454,
  "train_acc": 0.49378,
  "test_loss": 0.9831047511100769,
  "test_acc": 0.7745,
  "test_ece": 0.27621203660964966,
  "test_entropy": 1.6589211225509644,
  "bin_accuracies": [
    0.0,
    1.0,
    0.24120603015075376,
    0.41202672605790647,
    0.5204170286707211,
    0.6407185628742516,
    0.7639691714836223,
    0.8419452887537994,
    0.8962181178540017,
    0.9625668449197861,
    0.9813160032493907,
    0.9839181286549707,
    0.9890710382513661,
    1.0,
    1.0
  ],
  "bin_confidences": [
    0.0,
    0.12887977063655853,
    0.18191374838352203,
    0.23746584355831146,
    0.30038270354270935,
    0.36620834469795227,
    0.4322817325592041,
    0.5004820227622986,
    0.5676040053367615,
    0.6341176629066467,
    0.6980034112930298,
    0.7603409886360168,
    0.8222283720970154,
    0.8852704167366028,
    0.9512422680854797
  ],
  "bin_counts": [
    0.0,
    1.0,
    199.0,
    898.0,
    1151.0,
    1169.0,
    1038.0,
    987.0,
    1137.0,
    1309.0,
    1231.0,
    684.0,
    183.0,
    12.0,
    1.0
  ],
  "per_class_acc": [
    0.6859999895095825,
    0.9330000281333923,
    0.5979999899864197,
    0.7170000076293945,
    0.6460000276565552,
    0.7599999904632568,
    0.8930000066757202,
    0.7509999871253967,
    0.9190000295639038,
    0.8420000076293945
  ]
}