{
  "epoch": 42,
  "train_loss": 1.3645293663834672,
  "train_acc": 0.58936,
  "test_loss": 1.1029568618535996,
  "test_acc": 0.7124,
  "test_ece": 0.1641879677772522,
  "test_entropy": 1.4423828125,
  "bin_accuracies": [
    0.0,
    0.0,
    0.26436781609195403,
    0.32228360957642727,
    0.4136933461909354,
    0.5348631950573698,
    0.6456043956043956,
    0.7249757045675413,
    0.7986381322957199,
    0.8469601677148847,
    0.8761904761904762,
    0.9065217391304348,
    0.9188767550702028,
    0.9417249417249417,
    0.9629629629629629
  ],
  "bin_confidences": [
    0.0,
    0.0,
    0.18632371723651886,
    0.23799248039722443,
    0.3004414141178131,
    0.36677631735801697,
    0.4325360655784607,
    0.499428391456604,
    0.5652631521224976,
    0.633672833442688,
    0.6991687417030334,
    0.7654147148132324,
    0.8315826058387756,
    0.8978779315948486,
    0.9541874527931213
  ],
  "bin_counts": [
    0.0,
    0.0,
    87.0,
    543.0,
    1037.0,
    1133.0,
    1092.0,
    1029.0,
    1028.0,
    954.0,
    945.0,
    920.0,
    641.0,
    429.0,
    162.0
  ],
  "per_class_acc": [
    0.8289999961853027,
    0.7450000047683716,
    0.6840000152587891,
    0.6669999957084656,
    0.6380000114440918,
    0.4180000126361847,
    0.8190000057220459,
    0.7739999890327454,
    0.8420000076293945,
    0.7080000042915344
  ]
}