{
  "epoch": 44,
  "train_loss": 1.1985116375376805,
  "train_acc": 0.6343,
  "test_loss": 1.0355390620231628,
  "test_acc": 0.7289,
  "test_ece": 0.14232054352760315,
  "test_entropy": 1.320120096206665,
  "bin_accuracies": [
    0.0,
    0.0,
    0.3148148148148148,
    0.3384223918575064,
    0.44611528822055135,
    0.5183630640083945,
    0.620817843866171,
    0.7008712487899322,
    0.7469262295081968,
    0.8156312625250501,
    0.866738894907909,
    0.8807556080283353,
    0.9127837514934289,
    0.9355300859598854,
    0.9444444444444444
  ],
  "bin_confidences": [
    0.0,
    0.0,
    0.18734636902809143,
    0.24071744084358215,
    0.30178308486938477,
    0.3662954270839691,
    0.43386751413345337,
    0.500691294670105,
    0.5663429498672485,
    0.6324627995491028,
    0.6989177465438843,
    0.7656100392341614,
    0.8326116800308228,
    0.8992809653282166,
    0.9589295983314514
  ],
  "bin_counts": [
    0.0,
    0.0,
    54.0,
    393.0,
    798.0,
    953.0,
    1076.0,
    1033.0,
    976.0,
    998.0,
    923.0,
    847.0,
    837.0,
    698.0,
    414.0
  ],
  "per_class_acc": [
    0.7839999794960022,
    0.7680000066757202,
    0.6430000066757202,
    0.5960000157356262,
    0.7170000076293945,
    0.6570000052452087,
    0.7639999985694885,
    0.7979999780654907,
    0.7369999885559082,
    0.824999988079071
  ]
}