{
  "epoch": 6,
  "train_loss": 1.8992507991278569,
  "train_acc": 0.40766,
  "test_loss": 1.259156302213669,
  "test_acc": 0.6492,
  "test_ece": 0.23648281395435333,
  "test_entropy": 1.8256539106369019,
  "bin_accuracies": [
    0.0,
    0.0,
    0.2578616352201258,
    0.3794940079893475,
    0.49492671927846676,
    0.6162642947903431,
    0.7244979919678715,
    0.8155533399800599,
    0.8844056706652127,
    0.925974025974026,
    0.9458874458874459,
    0.9759615384615384,
    1.0,
    1.0,
    0.0
  ],
  "bin_confidences": [
    0.0,
    0.125594824552536,
    0.18048273026943207,
    0.23524445295333862,
    0.3006891906261444,
    0.36535272002220154,
    0.43135789036750793,
    0.49922797083854675,
    0.5664240717887878,
    0.6314021348953247,
    0.6971027255058289,
    0.761199951171875,
    0.82274329662323,
    0.8867173194885254,
    0.0
  ],
  "bin_counts": [
    0.0,
    1.0,
    477.0,
    1502.0,
    1774.0,
    1574.0,
    1245.0,
    1003.0,
    917.0,
    770.0,
    462.0,
    208.0,
    59.0,
    8.0,
    0.0
  ],
  "per_class_acc": [
    0.6110000014305115,
    0.7289999723434448,
    0.35600000619888306,
    0.46399998664855957,
    0.6399999856948853,
    0.6480000019073486,
    0.7950000166893005,
    0.5920000076293945,
    0.7990000247955322,
    0.8579999804496765
  ]
}