{
  "epoch": 34,
  "train_loss": 1.5686261419140164,
  "train_acc": 0.5447,
  "test_loss": 0.9551944565773011,
  "test_acc": 0.7762,
  "test_ece": 0.23759819567203522,
  "test_entropy": 1.5372846126556396,
  "bin_accuracies": [
    0.0,
    0.0,
    0.3595505617977528,
    0.3759124087591241,
    0.49490373725934317,
    0.5762376237623762,
    0.6985915492957746,
    0.8217741935483871,
    0.8852701702442635,
    0.9101294744859101,
    0.9405351833498513,
    0.9278642149929278,
    0.9336384439359268,
    0.9705882352941176,
    0.9736842105263158
  ],
  "bin_confidences": [
    0.0,
    0.0,
    0.18209202587604523,
    0.23738490045070648,
    0.30159324407577515,
    0.3664616644382477,
    0.4345516860485077,
    0.5012457370758057,
    0.566730797290802,
    0.6328539848327637,
    0.6973903775215149,
    0.7646205425262451,
    0.827694833278656,
    0.8968647718429565,
    0.9533765912055969
  ],
  "bin_counts": [
    0.0,
    0.0,
    89.0,
    548.0,
    883.0,
    1010.0,
    1065.0,
    1240.0,
    1351.0,
    1313.0,
    1009.0,
    707.0,
    437.0,
    272.0,
    76.0
  ],
  "per_class_acc": [
    0.8009999990463257,
    0.859000027179718,
    0.5669999718666077,
    0.6930000185966492,
    0.8840000033378601,
    0.7319999933242798,
    0.7509999871253967,
    0.7329999804496765,
    0.8349999785423279,
    0.9070000052452087
  ]
}