{
  "epoch": 12,
  "train_loss": 1.78959827471877,
  "train_acc": 0.4656,
  "test_loss": 1.0713046157360078,
  "test_acc": 0.7268,
  "test_ece": 0.25343531370162964,
  "test_entropy": 1.7102628946304321,
  "bin_accuracies": [
    0.0,
    0.0,
    0.2830188679245283,
    0.3871576959395656,
    0.48252788104089217,
    0.5893141945773525,
    0.7290076335877863,
    0.8266542404473439,
    0.8998272884283247,
    0.9517470881863561,
    0.9709418837675351,
    0.9878934624697336,
    0.987012987012987,
    0.9666666666666667,
    0.0
  ],
  "bin_confidences": [
    0.0,
    0.13172617554664612,
    0.18184134364128113,
    0.23773230612277985,
    0.2992716133594513,
    0.36619383096694946,
    0.43290162086486816,
    0.5004730820655823,
    0.5671787261962891,
    0.6334052085876465,
    0.6966280937194824,
    0.7608537673950195,
    0.8263460397720337,
    0.8848146796226501,
    0.0
  ],
  "bin_counts": [
    0.0,
    1.0,
    265.0,
    1059.0,
    1345.0,
    1254.0,
    1048.0,
    1073.0,
    1158.0,
    1202.0,
    998.0,
    413.0,
    154.0,
    30.0,
    0.0
  ],
  "per_class_acc": [
    0.7580000162124634,
    0.8679999709129333,
    0.777999997138977,
    0.39100000262260437,
    0.5419999957084656,
    0.718999981880188,
    0.7099999785423279,
    0.7910000085830688,
    0.8209999799728394,
    0.8899999856948853
  ]
}