{
  "epoch": 32,
  "train_loss": 1.5900358873255112,
  "train_acc": 0.53986,
  "test_loss": 1.0186693912744522,
  "test_acc": 0.7576,
  "test_ece": 0.2443368136882782,
  "test_entropy": 1.6170392036437988,
  "bin_accuracies": [
    0.0,
    0.0,
    0.20118343195266272,
    0.3513870541611625,
    0.47413793103448276,
    0.6137614678899083,
    0.7246520874751491,
    0.82,
    0.8825910931174089,
    0.9118975903614458,
    0.9569288389513109,
    0.9613848202396804,
    0.9908814589665653,
    0.9571428571428572,
    1.0
  ],
  "bin_confidences": [
    0.0,
    0.13311035931110382,
    0.18189716339111328,
    0.23619352281093597,
    0.2992893159389496,
    0.3663012683391571,
    0.4343467056751251,
    0.5015140175819397,
    0.5672846436500549,
    0.633094310760498,
    0.6999289989471436,
    0.7622939944267273,
    0.8286727666854858,
    0.884920060634613,
    0.9374706745147705
  ],
  "bin_counts": [
    0.0,
    1.0,
    169.0,
    757.0,
    1044.0,
    1090.0,
    1006.0,
    1150.0,
    1235.0,
    1328.0,
    1068.0,
    751.0,
    329.0,
    70.0,
    2.0
  ],
  "per_class_acc": [
    0.8790000081062317,
    0.8119999766349792,
    0.47099998593330383,
    0.4189999997615814,
    0.7409999966621399,
    0.7170000076293945,
    0.8730000257492065,
    0.8999999761581421,
    0.9139999747276306,
    0.8500000238418579
  ]
}