{
  "epoch": 46,
  "train_loss": 1.150574950306007,
  "train_acc": 0.64514,
  "test_loss": 1.0890172052383422,
  "test_acc": 0.7041,
  "test_ece": 0.08750611543655396,
  "test_entropy": 1.1975194215774536,
  "bin_accuracies": [
    0.0,
    0.0,
    0.03333333333333333,
    0.29411764705882354,
    0.3664,
    0.48252536640360766,
    0.5570175438596491,
    0.6335078534031413,
    0.6888185654008439,
    0.7794457274826789,
    0.797427652733119,
    0.8296529968454258,
    0.8856837606837606,
    0.8954741379310345,
    0.9263456090651558
  ],
  "bin_confidences": [
    0.0,
    0.0,
    0.1843215823173523,
    0.24144907295703888,
    0.30208835005760193,
    0.3675030767917633,
    0.4334268271923065,
    0.49929800629615784,
    0.5673773288726807,
    0.6336836218833923,
    0.7008057832717896,
    0.7669613361358643,
    0.833355188369751,
    0.9012758731842041,
    0.9616532325744629
  ],
  "bin_counts": [
    0.0,
    0.0,
    30.0,
    323.0,
    625.0,
    887.0,
    912.0,
    955.0,
    948.0,
    866.0,
    933.0,
    951.0,
    936.0,
    928.0,
    706.0
  ],
  "per_class_acc": [
    0.7630000114440918,
    0.7559999823570251,
    0.4959999918937683,
    0.6230000257492065,
    0.6850000023841858,
    0.6809999942779541,
    0.6359999775886536,
    0.7609999775886536,
    0.8040000200271606,
    0.8360000252723694
  ]
}