{
  "epoch": 29,
  "train_loss": 1.6151406777179456,
  "train_acc": 0.5318,
  "test_loss": 0.9405140334367752,
  "test_acc": 0.7802,
  "test_ece": 0.24890698492527008,
  "test_entropy": 1.5782479047775269,
  "bin_accuracies": [
    0.0,
    0.0,
    0.32231404958677684,
    0.35665529010238906,
    0.4671201814058957,
    0.5770392749244713,
    0.7058823529411765,
    0.8260511129431163,
    0.8986995208761123,
    0.9307065217391305,
    0.9409751924721984,
    0.9608391608391609,
    0.9556213017751479,
    0.9907407407407407,
    1.0
  ],
  "bin_confidences": [
    0.0,
    0.0,
    0.18378014862537384,
    0.23641762137413025,
    0.3015947639942169,
    0.36719775199890137,
    0.4337485432624817,
    0.5020427107810974,
    0.5680297017097473,
    0.6327708959579468,
    0.699015200138092,
    0.7626316547393799,
    0.8298282027244568,
    0.8902645111083984,
    0.9419914484024048
  ],
  "bin_counts": [
    0.0,
    0.0,
    121.0,
    586.0,
    882.0,
    993.0,
    935.0,
    1213.0,
    1461.0,
    1472.0,
    1169.0,
    715.0,
    338.0,
    108.0,
    7.0
  ],
  "per_class_acc": [
    0.843999981880188,
    0.8849999904632568,
    0.6880000233650208,
    0.4399999976158142,
    0.6539999842643738,
    0.8389999866485596,
    0.8100000023841858,
    0.8809999823570251,
    0.8429999947547913,
    0.9179999828338623
  ]
}