{
  "epoch": 37,
  "train_loss": 1.4394660630189549,
  "train_acc": 0.57648,
  "test_loss": 0.9190431886911392,
  "test_acc": 0.7738,
  "test_ece": 0.20068207383155823,
  "test_entropy": 1.4220497608184814,
  "bin_accuracies": [
    0.0,
    0.0,
    0.17857142857142858,
    0.3733031674208145,
    0.47388535031847134,
    0.5670859538784067,
    0.6597826086956522,
    0.759682224428997,
    0.8324022346368715,
    0.8938500421229991,
    0.9174800354924578,
    0.9379432624113475,
    0.9493201483312732,
    0.948849104859335,
    0.9456521739130435
  ],
  "bin_confidences": [
    0.0,
    0.0,
    0.1851557046175003,
    0.23771613836288452,
    0.30240005254745483,
    0.3673993945121765,
    0.4342295527458191,
    0.4998779296875,
    0.5674960613250732,
    0.6331133842468262,
    0.6991723775863647,
    0.7657369375228882,
    0.8306308388710022,
    0.8947452902793884,
    0.9524890184402466
  ],
  "bin_counts": [
    0.0,
    0.0,
    84.0,
    442.0,
    785.0,
    954.0,
    920.0,
    1007.0,
    1074.0,
    1187.0,
    1127.0,
    1128.0,
    809.0,
    391.0,
    92.0
  ],
  "per_class_acc": [
    0.9190000295639038,
    0.8180000185966492,
    0.6779999732971191,
    0.5889999866485596,
    0.7730000019073486,
    0.7239999771118164,
    0.7870000004768372,
    0.7839999794960022,
    0.781000018119812,
    0.8849999904632568
  ]
}