{
  "epoch": 30,
  "train_loss": 1.6093072369885262,
  "train_acc": 0.53338,
  "test_loss": 0.9717180347442627,
  "test_acc": 0.7583,
  "test_ece": 0.22485767304897308,
  "test_entropy": 1.5553977489471436,
  "bin_accuracies": [
    0.0,
    0.0,
    0.26804123711340205,
    0.3112094395280236,
    0.45991983967935873,
    0.5863723608445297,
    0.680327868852459,
    0.7627281460134486,
    0.8729582577132486,
    0.9193675889328063,
    0.9532117367168914,
    0.9649890590809628,
    0.9695740365111561,
    0.984,
    1.0
  ],
  "bin_confidences": [
    0.0,
    0.0,
    0.1800692081451416,
    0.2374061942100525,
    0.3004833459854126,
    0.36733806133270264,
    0.43272751569747925,
    0.5002703666687012,
    0.5664442181587219,
    0.6340506076812744,
    0.6976913213729858,
    0.7634314298629761,
    0.8271064758300781,
    0.8883398175239563,
    0.9444969892501831
  ],
  "bin_counts": [
    0.0,
    0.0,
    97.0,
    678.0,
    998.0,
    1042.0,
    976.0,
    1041.0,
    1102.0,
    1265.0,
    1261.0,
    914.0,
    493.0,
    125.0,
    8.0
  ],
  "per_class_acc": [
    0.6679999828338623,
    0.8790000081062317,
    0.7210000157356262,
    0.460999995470047,
    0.8069999814033508,
    0.527999997138977,
    0.8109999895095825,
    0.8970000147819519,
    0.9309999942779541,
    0.8799999952316284
  ]
}