{
  "epoch": 4,
  "train_loss": 1.9522542432141121,
  "train_acc": 0.37796,
  "test_loss": 1.3414741158485413,
  "test_acc": 0.5993,
  "test_ece": 0.2017538845539093,
  "test_entropy": 1.8168476819992065,
  "bin_accuracies": [
    0.0,
    0.0,
    0.19791666666666666,
    0.3748621830209482,
    0.48120698782424565,
    0.5777385159010601,
    0.6610312764158918,
    0.7925133689839572,
    0.8535620052770448,
    0.8941398865784499,
    0.9429429429429429,
    0.967741935483871,
    0.9734513274336283,
    1.0,
    1.0
  ],
  "bin_confidences": [
    0.0,
    0.0,
    0.18291287124156952,
    0.2357865422964096,
    0.2991306483745575,
    0.3649721145629883,
    0.432241290807724,
    0.4974369704723358,
    0.5642741322517395,
    0.6304274797439575,
    0.6962378621101379,
    0.765296220779419,
    0.8304749131202698,
    0.8921048641204834,
    0.9417031407356262
  ],
  "bin_counts": [
    0.0,
    0.0,
    480.0,
    1814.0,
    1889.0,
    1698.0,
    1183.0,
    935.0,
    758.0,
    529.0,
    333.0,
    217.0,
    113.0,
    46.0,
    5.0
  ],
  "per_class_acc": [
    0.597000002861023,
    0.6320000290870667,
    0.4970000088214874,
    0.5820000171661377,
    0.4440000057220459,
    0.47999998927116394,
    0.6869999766349792,
    0.7459999918937683,
    0.6039999723434448,
    0.7239999771118164
  ]
}