{
  "epoch": 49,
  "train_loss": 0.9801742218034651,
  "train_acc": 0.69368,
  "test_loss": 1.1813798594474791,
  "test_acc": 0.6738,
  "test_ece": 0.06762906908988953,
  "test_entropy": 1.196108102798462,
  "bin_accuracies": [
    0.0,
    0.0,
    0.3333333333333333,
    0.2542372881355932,
    0.3893229166666667,
    0.42857142857142855,
    0.5156576200417536,
    0.6109324758842444,
    0.6822633297062024,
    0.71875,
    0.7759036144578313,
    0.8306818181818182,
    0.8554778554778555,
    0.8964365256124721,
    0.9132589838909542
  ],
  "bin_confidences": [
    0.0,
    0.0,
    0.18467162549495697,
    0.24040484428405762,
    0.3026285171508789,
    0.3652862012386322,
    0.43316036462783813,
    0.5003835558891296,
    0.5664856433868408,
    0.6335878968238831,
    0.6994805335998535,
    0.7666295170783997,
    0.8354160189628601,
    0.9003161787986755,
    0.963589608669281
  ],
  "bin_counts": [
    0.0,
    0.0,
    39.0,
    354.0,
    768.0,
    924.0,
    958.0,
    933.0,
    919.0,
    832.0,
    830.0,
    880.0,
    858.0,
    898.0,
    807.0
  ],
  "per_class_acc": [
    0.7540000081062317,
    0.8109999895095825,
    0.5400000214576721,
    0.5870000123977661,
    0.6639999747276306,
    0.5619999766349792,
    0.7269999980926514,
    0.6710000038146973,
    0.7829999923706055,
    0.6389999985694885
  ]
}