{
  "epoch": 3,
  "train_loss": 1.9879012251144175,
  "train_acc": 0.35364,
  "test_loss": 1.429794510602951,
  "test_acc": 0.5684,
  "test_ece": 0.19795532524585724,
  "test_entropy": 1.8756030797958374,
  "bin_accuracies": [
    0.0,
    0.0,
    0.251434034416826,
    0.3736685129953132,
    0.4889768230638779,
    0.6082848837209303,
    0.7018633540372671,
    0.7767123287671233,
    0.8677248677248677,
    0.8901601830663616,
    0.9293478260869565,
    0.9451476793248945,
    0.9818181818181818,
    0.9767441860465116,
    0.0
  ],
  "bin_confidences": [
    0.0,
    0.12897762656211853,
    0.17961741983890533,
    0.2325834184885025,
    0.29775765538215637,
    0.36468127369880676,
    0.43113407492637634,
    0.4983102083206177,
    0.5649471282958984,
    0.629558265209198,
    0.6974114775657654,
    0.7623539566993713,
    0.8302190899848938,
    0.8916742205619812,
    0.0
  ],
  "bin_counts": [
    0.0,
    4.0,
    1046.0,
    2347.0,
    1769.0,
    1376.0,
    966.0,
    730.0,
    567.0,
    437.0,
    368.0,
    237.0,
    110.0,
    43.0,
    0.0
  ],
  "per_class_acc": [
    0.5550000071525574,
    0.7990000247955322,
    0.4880000054836273,
    0.1770000010728836,
    0.38600000739097595,
    0.6320000290870667,
    0.7749999761581421,
    0.4300000071525574,
    0.8920000195503235,
    0.550000011920929
  ]
}