{
  "epoch": 31,
  "train_loss": 1.5987643296151515,
  "train_acc": 0.53648,
  "test_loss": 1.0473519837856293,
  "test_acc": 0.7516,
  "test_ece": 0.25602057576179504,
  "test_entropy": 1.6553218364715576,
  "bin_accuracies": [
    0.0,
    0.0,
    0.24161073825503357,
    0.3921832884097035,
    0.5047454702329595,
    0.6072026800670016,
    0.745253164556962,
    0.8231511254019293,
    0.8713029576338929,
    0.9134453781512605,
    0.9541751527494908,
    0.9619377162629758,
    0.9795918367346939,
    1.0,
    1.0
  ],
  "bin_confidences": [
    0.0,
    0.0,
    0.18400095403194427,
    0.2368793934583664,
    0.3009261190891266,
    0.3651784658432007,
    0.43352600932121277,
    0.49978068470954895,
    0.5669919848442078,
    0.6334450244903564,
    0.6984747648239136,
    0.7634130716323853,
    0.8270539045333862,
    0.8919041156768799,
    0.9570963382720947
  ],
  "bin_counts": [
    0.0,
    0.0,
    149.0,
    742.0,
    1159.0,
    1194.0,
    1264.0,
    1244.0,
    1251.0,
    1190.0,
    982.0,
    578.0,
    196.0,
    47.0,
    4.0
  ],
  "per_class_acc": [
    0.7680000066757202,
    0.8999999761581421,
    0.7599999904632568,
    0.48100000619888306,
    0.6940000057220459,
    0.6620000004768372,
    0.9409999847412109,
    0.5519999861717224,
    0.8600000143051147,
    0.8980000019073486
  ]
}