{
  "epoch": 20,
  "train_loss": 1.69864070628915,
  "train_acc": 0.50408,
  "test_loss": 0.9634125357866288,
  "test_acc": 0.7793,
  "test_ece": 0.27430111169815063,
  "test_entropy": 1.6388767957687378,
  "bin_accuracies": [
    0.0,
    0.0,
    0.3006993006993007,
    0.37715803452855245,
    0.5026086956521739,
    0.6373429084380611,
    0.7619493908153702,
    0.8368554522400676,
    0.9153481012658228,
    0.9547934528448948,
    0.975609756097561,
    0.9714714714714715,
    0.9818181818181818,
    1.0,
    1.0
  ],
  "bin_confidences": [
    0.0,
    0.0,
    0.1824253797531128,
    0.23612090945243835,
    0.3007415235042572,
    0.3660029172897339,
    0.43323537707328796,
    0.5021065473556519,
    0.5672102570533752,
    0.6328997611999512,
    0.6986736059188843,
    0.7619750499725342,
    0.826359212398529,
    0.8899556994438171,
    0.9401730895042419
  ],
  "bin_counts": [
    0.0,
    0.0,
    143.0,
    753.0,
    1150.0,
    1114.0,
    1067.0,
    1183.0,
    1264.0,
    1283.0,
    1107.0,
    666.0,
    220.0,
    48.0,
    2.0
  ],
  "per_class_acc": [
    0.7590000033378601,
    0.871999979019165,
    0.6159999966621399,
    0.5820000171661377,
    0.800000011920929,
    0.7889999747276306,
    0.7549999952316284,
    0.8659999966621399,
    0.9279999732971191,
    0.8259999752044678
  ]
}