{
  "epoch": 43,
  "train_loss": 1.238480065789674,
  "train_acc": 0.62284,
  "test_loss": 0.9858385401964188,
  "test_acc": 0.7461,
  "test_ece": 0.1436253786087036,
  "test_entropy": 1.2977924346923828,
  "bin_accuracies": [
    0.0,
    0.0,
    0.28,
    0.31675392670157065,
    0.3943472409152086,
    0.48936170212765956,
    0.6342975206611571,
    0.6828193832599119,
    0.7954091816367266,
    0.8417408506429278,
    0.8877654196157735,
    0.8904899135446686,
    0.9219620958751393,
    0.9409395973154362,
    0.9665071770334929
  ],
  "bin_confidences": [
    0.0,
    0.0,
    0.18479743599891663,
    0.23987598717212677,
    0.303210586309433,
    0.36734631657600403,
    0.43400952219963074,
    0.4997084438800812,
    0.5668313503265381,
    0.6330678462982178,
    0.7001330256462097,
    0.7657991051673889,
    0.8330640196800232,
    0.8975151777267456,
    0.9579535126686096
  ],
  "bin_counts": [
    0.0,
    0.0,
    50.0,
    382.0,
    743.0,
    846.0,
    968.0,
    908.0,
    1002.0,
    1011.0,
    989.0,
    1041.0,
    897.0,
    745.0,
    418.0
  ],
  "per_class_acc": [
    0.7239999771118164,
    0.8899999856948853,
    0.6690000295639038,
    0.5789999961853027,
    0.7310000061988831,
    0.6209999918937683,
    0.8240000009536743,
    0.722000002861023,
    0.8600000143051147,
    0.8410000205039978
  ]
}