{
  "epoch": 35,
  "train_loss": 1.480499074587127,
  "train_acc": 0.5694,
  "test_loss": 0.9618777620792389,
  "test_acc": 0.7763,
  "test_ece": 0.24528217315673828,
  "test_entropy": 1.5451048612594604,
  "bin_accuracies": [
    0.0,
    1.0,
    0.23728813559322035,
    0.3620178041543027,
    0.502020202020202,
    0.6135721017907634,
    0.7389210019267822,
    0.8257510729613734,
    0.8663239074550129,
    0.9267431597528685,
    0.9454722492697176,
    0.9653179190751445,
    0.9832089552238806,
    0.970873786407767,
    1.0
  ],
  "bin_confidences": [
    0.0,
    0.1258821338415146,
    0.1832471787929535,
    0.23750966787338257,
    0.3010486960411072,
    0.3669523298740387,
    0.43391844630241394,
    0.5002149343490601,
    0.566555917263031,
    0.6339979767799377,
    0.700208842754364,
    0.7638352513313293,
    0.8324066996574402,
    0.8951030373573303,
    0.9438071846961975
  ],
  "bin_counts": [
    0.0,
    1.0,
    118.0,
    674.0,
    990.0,
    1061.0,
    1038.0,
    1165.0,
    1167.0,
    1133.0,
    1027.0,
    865.0,
    536.0,
    206.0,
    19.0
  ],
  "per_class_acc": [
    0.8100000023841858,
    0.8119999766349792,
    0.7300000190734863,
    0.5360000133514404,
    0.7170000076293945,
    0.7009999752044678,
    0.8690000176429749,
    0.8870000243186951,
    0.8389999866485596,
    0.8619999885559082
  ]
}