{
  "epoch": 28,
  "train_loss": 1.6274045751527753,
  "train_acc": 0.52896,
  "test_loss": 0.9399646449089051,
  "test_acc": 0.7872,
  "test_ece": 0.26208779215812683,
  "test_entropy": 1.591969609260559,
  "bin_accuracies": [
    0.0,
    0.0,
    0.23958333333333334,
    0.37924865831842575,
    0.507103825136612,
    0.6110599078341014,
    0.7352430555555556,
    0.8387869114126097,
    0.9057437407952872,
    0.9264599855803893,
    0.9462264150943396,
    0.956386292834891,
    0.975,
    0.9657534246575342,
    1.0
  ],
  "bin_confidences": [
    0.0,
    0.0,
    0.1848316341638565,
    0.23868893086910248,
    0.30053824186325073,
    0.3666573762893677,
    0.43458399176597595,
    0.5004937648773193,
    0.567359209060669,
    0.6331485509872437,
    0.6971957087516785,
    0.763545572757721,
    0.8290586471557617,
    0.8938210010528564,
    0.9520154595375061
  ],
  "bin_counts": [
    0.0,
    0.0,
    96.0,
    559.0,
    915.0,
    1085.0,
    1152.0,
    1253.0,
    1358.0,
    1387.0,
    1060.0,
    642.0,
    320.0,
    146.0,
    27.0
  ],
  "per_class_acc": [
    0.7889999747276306,
    0.8360000252723694,
    0.7409999966621399,
    0.703000009059906,
    0.8339999914169312,
    0.6480000019073486,
    0.8019999861717224,
    0.7599999904632568,
    0.8339999914169312,
    0.925000011920929
  ]
}