{
  "epoch": 24,
  "train_loss": 1.6642799240244015,
  "train_acc": 0.51802,
  "test_loss": 0.9490890997648239,
  "test_acc": 0.7905,
  "test_ece": 0.2881160080432892,
  "test_entropy": 1.651418924331665,
  "bin_accuracies": [
    0.0,
    0.0,
    0.288,
    0.3652694610778443,
    0.5182072829131653,
    0.639344262295082,
    0.7684684684684685,
    0.8616944243301955,
    0.9362261669953977,
    0.9530516431924883,
    0.9699666295884316,
    0.9750479846449136,
    0.9903381642512077,
    0.98,
    1.0
  ],
  "bin_confidences": [
    0.0,
    0.0,
    0.18397189676761627,
    0.23782120645046234,
    0.30083897709846497,
    0.36695384979248047,
    0.43345895409584045,
    0.5013481974601746,
    0.5674898624420166,
    0.6313017010688782,
    0.6975244879722595,
    0.764100193977356,
    0.8294499516487122,
    0.8942388892173767,
    0.9444883465766907
  ],
  "bin_counts": [
    0.0,
    0.0,
    125.0,
    668.0,
    1071.0,
    1159.0,
    1110.0,
    1381.0,
    1521.0,
    1278.0,
    899.0,
    521.0,
    207.0,
    50.0,
    10.0
  ],
  "per_class_acc": [
    0.8999999761581421,
    0.8659999966621399,
    0.7549999952316284,
    0.640999972820282,
    0.7409999966621399,
    0.7580000162124634,
    0.8149999976158142,
    0.7680000066757202,
    0.8460000157356262,
    0.8149999976158142
  ]
}