{
  "epoch": 5,
  "train_loss": 1.9245663997157456,
  "train_acc": 0.39282,
  "test_loss": 1.3062851011753083,
  "test_acc": 0.6264,
  "test_ece": 0.22085098922252655,
  "test_entropy": 1.8209925889968872,
  "bin_accuracies": [
    0.0,
    0.25,
    0.25726744186046513,
    0.37521815008726006,
    0.5045197740112994,
    0.6178474114441417,
    0.7107508532423208,
    0.8148959474260679,
    0.8641975308641975,
    0.893542757417103,
    0.9415887850467289,
    0.96,
    0.9743589743589743,
    1.0,
    0.0
  ],
  "bin_confidences": [
    0.0,
    0.1279153823852539,
    0.17842330038547516,
    0.23458652198314667,
    0.2999893128871918,
    0.3650633990764618,
    0.4324619770050049,
    0.4991445243358612,
    0.5646114945411682,
    0.6325307488441467,
    0.6980423927307129,
    0.7634471654891968,
    0.8272569179534912,
    0.886764645576477,
    0.0
  ],
  "bin_counts": [
    0.0,
    4.0,
    688.0,
    1719.0,
    1770.0,
    1468.0,
    1172.0,
    913.0,
    729.0,
    573.0,
    428.0,
    300.0,
    195.0,
    41.0,
    0.0
  ],
  "per_class_acc": [
    0.7839999794960022,
    0.7070000171661377,
    0.5759999752044678,
    0.3109999895095825,
    0.5699999928474426,
    0.5600000023841858,
    0.6050000190734863,
    0.6309999823570251,
    0.6389999985694885,
    0.8809999823570251
  ]
}