{
  "epoch": 15,
  "train_loss": 1.7493334145802062,
  "train_acc": 0.48462,
  "test_loss": 1.0075364500284194,
  "test_acc": 0.7559,
  "test_ece": 0.26200735569000244,
  "test_entropy": 1.6610952615737915,
  "bin_accuracies": [
    0.0,
    0.0,
    0.27167630057803466,
    0.38633818589025753,
    0.513355592654424,
    0.6018518518518519,
    0.7358665430954587,
    0.8225377107364685,
    0.9032527105921602,
    0.9530148786217698,
    0.972972972972973,
    0.9727427597955707,
    0.967741935483871,
    1.0,
    1.0
  ],
  "bin_confidences": [
    0.0,
    0.0,
    0.18274728953838348,
    0.23732712864875793,
    0.301163911819458,
    0.3668193817138672,
    0.4329290986061096,
    0.49903297424316406,
    0.5672607421875,
    0.6335700750350952,
    0.6977476477622986,
    0.7608665227890015,
    0.8286290168762207,
    0.8955265879631042,
    0.9413037896156311
  ],
  "bin_counts": [
    0.0,
    0.0,
    173.0,
    893.0,
    1198.0,
    1188.0,
    1079.0,
    1127.0,
    1199.0,
    1277.0,
    999.0,
    587.0,
    217.0,
    60.0,
    3.0
  ],
  "per_class_acc": [
    0.8529999852180481,
    0.8199999928474426,
    0.5519999861717224,
    0.5799999833106995,
    0.8140000104904175,
    0.7350000143051147,
    0.7149999737739563,
    0.8519999980926514,
    0.7929999828338623,
    0.8450000286102295
  ]
}