{
  "epoch": 13,
  "train_loss": 1.7760733506258797,
  "train_acc": 0.47278,
  "test_loss": 1.0397151279449464,
  "test_acc": 0.7471,
  "test_ece": 0.2703970670700073,
  "test_entropy": 1.6987426280975342,
  "bin_accuracies": [
    0.0,
    0.0,
    0.2948717948717949,
    0.38742393509127787,
    0.5240963855421686,
    0.6355591311343524,
    0.7564766839378239,
    0.8394849785407725,
    0.9064171122994652,
    0.9397930385700847,
    0.973,
    0.9868421052631579,
    0.9795918367346939,
    1.0,
    1.0
  ],
  "bin_confidences": [
    0.0,
    0.0,
    0.18340647220611572,
    0.236491397023201,
    0.3005315363407135,
    0.36701175570487976,
    0.43253669142723083,
    0.4998764097690582,
    0.5661090016365051,
    0.6325098872184753,
    0.6984497308731079,
    0.7617111802101135,
    0.8272375464439392,
    0.8878849744796753,
    0.9356626868247986
  ],
  "bin_counts": [
    0.0,
    0.0,
    234.0,
    986.0,
    1328.0,
    1243.0,
    1158.0,
    1165.0,
    1122.0,
    1063.0,
    1000.0,
    532.0,
    147.0,
    21.0,
    1.0
  ],
  "per_class_acc": [
    0.7260000109672546,
    0.8370000123977661,
    0.6039999723434448,
    0.6230000257492065,
    0.7009999752044678,
    0.6100000143051147,
    0.8790000081062317,
    0.7739999890327454,
    0.8849999904632568,
    0.8320000171661377
  ]
}