{
  "epoch": 39,
  "train_loss": 1.4096289473726316,
  "train_acc": 0.5829,
  "test_loss": 1.004971958398819,
  "test_acc": 0.7427,
  "test_ece": 0.17817099392414093,
  "test_entropy": 1.429779052734375,
  "bin_accuracies": [
    0.0,
    0.0,
    0.13043478260869565,
    0.3678861788617886,
    0.4498861047835991,
    0.5537848605577689,
    0.6559356136820925,
    0.7572314049586777,
    0.7915057915057915,
    0.8361531611754229,
    0.8935779816513761,
    0.9116781157998037,
    0.9333333333333333,
    0.9649122807017544,
    0.96875
  ],
  "bin_confidences": [
    0.0,
    0.0,
    0.18195733428001404,
    0.23840467631816864,
    0.3023231625556946,
    0.3672034740447998,
    0.43331795930862427,
    0.500529408454895,
    0.5669530034065247,
    0.6340501308441162,
    0.6996135115623474,
    0.7651171684265137,
    0.8322726488113403,
    0.8963060975074768,
    0.9516019821166992
  ],
  "bin_counts": [
    0.0,
    0.0,
    92.0,
    492.0,
    878.0,
    1004.0,
    994.0,
    968.0,
    1036.0,
    1123.0,
    1090.0,
    1019.0,
    720.0,
    456.0,
    128.0
  ],
  "per_class_acc": [
    0.800000011920929,
    0.843999981880188,
    0.7749999761581421,
    0.38199999928474426,
    0.7289999723434448,
    0.8159999847412109,
    0.7149999737739563,
    0.7260000109672546,
    0.7590000033378601,
    0.8809999823570251
  ]
}