{
  "epoch": 47,
  "train_loss": 1.1319191807981037,
  "train_acc": 0.64794,
  "test_loss": 1.1585222828388213,
  "test_acc": 0.6869,
  "test_ece": 0.0879392921924591,
  "test_entropy": 1.202834963798523,
  "bin_accuracies": [
    0.0,
    0.0,
    0.2702702702702703,
    0.3264094955489614,
    0.41025641025641024,
    0.48737650933040616,
    0.5616580310880829,
    0.6114519427402862,
    0.6955530216647663,
    0.7316538882803943,
    0.78177727784027,
    0.8215859030837004,
    0.8432748538011696,
    0.863169897377423,
    0.8810126582278481
  ],
  "bin_confidences": [
    0.0,
    0.0,
    0.18847103416919708,
    0.23918300867080688,
    0.30269816517829895,
    0.3670337498188019,
    0.43321099877357483,
    0.4984150230884552,
    0.5658107399940491,
    0.6337841749191284,
    0.699991762638092,
    0.7675370573997498,
    0.8329214453697205,
    0.8998126983642578,
    0.9640710949897766
  ],
  "bin_counts": [
    0.0,
    0.0,
    37.0,
    337.0,
    663.0,
    911.0,
    965.0,
    978.0,
    877.0,
    913.0,
    889.0,
    908.0,
    855.0,
    877.0,
    790.0
  ],
  "per_class_acc": [
    0.7099999785423279,
    0.800000011920929,
    0.6110000014305115,
    0.7940000295639038,
    0.597000002861023,
    0.5120000243186951,
    0.6690000295639038,
    0.6919999718666077,
    0.7419999837875366,
    0.7419999837875366
  ]
}