{
  "epoch": 41,
  "train_loss": 1.377313354436089,
  "train_acc": 0.58784,
  "test_loss": 1.0121134036779404,
  "test_acc": 0.7452,
  "test_ece": 0.18455184996128082,
  "test_entropy": 1.4273062944412231,
  "bin_accuracies": [
    0.0,
    0.0,
    0.2926829268292683,
    0.35766423357664234,
    0.4503311258278146,
    0.5668604651162791,
    0.6454372623574145,
    0.7551020408163265,
    0.8285714285714286,
    0.8757819481680071,
    0.9051896207584831,
    0.8934240362811792,
    0.927038626609442,
    0.9663366336633663,
    0.9491525423728814
  ],
  "bin_confidences": [
    0.0,
    0.13287951052188873,
    0.18456566333770752,
    0.23926660418510437,
    0.30171096324920654,
    0.36670294404029846,
    0.4334558844566345,
    0.5004088878631592,
    0.566612184047699,
    0.6339426040649414,
    0.699248731136322,
    0.7657826542854309,
    0.8320322036743164,
    0.8969992399215698,
    0.954567015171051
  ],
  "bin_counts": [
    0.0,
    1.0,
    82.0,
    548.0,
    906.0,
    1032.0,
    1052.0,
    980.0,
    1015.0,
    1119.0,
    1002.0,
    882.0,
    699.0,
    505.0,
    177.0
  ],
  "per_class_acc": [
    0.7960000038146973,
    0.906000018119812,
    0.6800000071525574,
    0.5889999866485596,
    0.7310000061988831,
    0.6639999747276306,
    0.8029999732971191,
    0.7260000109672546,
    0.890999972820282,
    0.6660000085830688
  ]
}