{
  "epoch": 23,
  "train_loss": 1.6740789901265098,
  "train_acc": 0.51504,
  "test_loss": 1.0396521073579787,
  "test_acc": 0.7627,
  "test_ece": 0.28121885657310486,
  "test_entropy": 1.7023733854293823,
  "bin_accuracies": [
    0.0,
    0.0,
    0.3422459893048128,
    0.3848797250859107,
    0.5381619937694704,
    0.6564019448946515,
    0.779705117085863,
    0.8501529051987767,
    0.8974158183241974,
    0.940536013400335,
    0.9655612244897959,
    0.9707724425887265,
    0.984375,
    1.0,
    1.0
  ],
  "bin_confidences": [
    0.0,
    0.0,
    0.1812342405319214,
    0.23673665523529053,
    0.30012446641921997,
    0.3658616840839386,
    0.4344395697116852,
    0.5010768175125122,
    0.5671058893203735,
    0.6322223544120789,
    0.6977083086967468,
    0.7629098892211914,
    0.8253453373908997,
    0.8878226280212402,
    0.9417677521705627
  ],
  "bin_counts": [
    0.0,
    0.0,
    187.0,
    873.0,
    1284.0,
    1234.0,
    1153.0,
    1308.0,
    1277.0,
    1194.0,
    784.0,
    479.0,
    192.0,
    34.0,
    1.0
  ],
  "per_class_acc": [
    0.6499999761581421,
    0.843999981880188,
    0.6169999837875366,
    0.6930000185966492,
    0.7929999828338623,
    0.7179999947547913,
    0.8220000267028809,
    0.6919999718666077,
    0.9610000252723694,
    0.8370000123977661
  ]
}