{
  "epoch": 26,
  "train_loss": 1.6419337722651488,
  "train_acc": 0.52522,
  "test_loss": 0.9895706534385681,
  "test_acc": 0.7752,
  "test_ece": 0.2760544717311859,
  "test_entropy": 1.6509486436843872,
  "bin_accuracies": [
    0.0,
    0.0,
    0.26256983240223464,
    0.4172661870503597,
    0.5538079470198676,
    0.6623711340206185,
    0.7446428571428572,
    0.8215878679750223,
    0.90625,
    0.9532871972318339,
    0.9666666666666667,
    0.9784172661870504,
    0.9966666666666667,
    0.9873417721518988,
    1.0
  ],
  "bin_confidences": [
    0.0,
    0.0,
    0.18132276833057404,
    0.23738384246826172,
    0.30178332328796387,
    0.3662208914756775,
    0.4321746826171875,
    0.5007122755050659,
    0.5665130615234375,
    0.6331300735473633,
    0.6978438496589661,
    0.7622333765029907,
    0.8254451751708984,
    0.8886228203773499,
    0.9379235506057739
  ],
  "bin_counts": [
    0.0,
    0.0,
    179.0,
    834.0,
    1208.0,
    1164.0,
    1120.0,
    1121.0,
    1152.0,
    1156.0,
    990.0,
    695.0,
    300.0,
    79.0,
    2.0
  ],
  "per_class_acc": [
    0.6190000176429749,
    0.8230000138282776,
    0.722000002861023,
    0.6679999828338623,
    0.7900000214576721,
    0.7850000262260437,
    0.7440000176429749,
    0.8019999861717224,
    0.9359999895095825,
    0.8629999756813049
  ]
}