{
  "epoch": 0,
  "train_loss": 2.195361516969588,
  "train_acc": 0.22096,
  "test_loss": 1.7040639972686769,
  "test_acc": 0.4281,
  "test_ece": 0.13496370613574982,
  "test_entropy": 2.017866373062134,
  "bin_accuracies": [
    0.0,
    0.0,
    0.2565645514223195,
    0.3331228291758762,
    0.42235754675946063,
    0.5523964256701869,
    0.669710806697108,
    0.7867036011080333,
    0.8135593220338984,
    0.85,
    0.8987341772151899,
    0.9375,
    1.0,
    0.0,
    0.0
  ],
  "bin_confidences": [
    0.0,
    0.12889206409454346,
    0.17863421142101288,
    0.23185835778713226,
    0.2976413071155548,
    0.3631077706813812,
    0.4310012459754944,
    0.4963119328022003,
    0.5620211362838745,
    0.6306338906288147,
    0.7002208828926086,
    0.7590062618255615,
    0.8334044218063354,
    0.0,
    0.0
  ],
  "bin_counts": [
    0.0,
    4.0,
    1828.0,
    3167.0,
    2299.0,
    1231.0,
    657.0,
    361.0,
    236.0,
    120.0,
    79.0,
    16.0,
    2.0,
    0.0,
    0.0
  ],
  "per_class_acc": [
    0.6489999890327454,
    0.8270000219345093,
    0.4480000138282776,
    0.5860000252723694,
    0.09799999743700027,
    0.12200000137090683,
    0.3490000069141388,
    0.5770000219345093,
    0.4180000126361847,
    0.2070000022649765
  ]
}