{
  "epoch": 25,
  "train_loss": 1.6532117887531095,
  "train_acc": 0.52216,
  "test_loss": 0.9629186129570008,
  "test_acc": 0.7918,
  "test_ece": 0.28841811418533325,
  "test_entropy": 1.6496503353118896,
  "bin_accuracies": [
    0.0,
    0.0,
    0.35555555555555557,
    0.45129469790382243,
    0.5477099236641222,
    0.6527415143603134,
    0.7570621468926554,
    0.8734177215189873,
    0.9158453373768006,
    0.9433032046014791,
    0.9696969696969697,
    0.9815668202764977,
    0.9525547445255474,
    0.9534883720930233,
    1.0
  ],
  "bin_confidences": [
    0.0,
    0.13033923506736755,
    0.18131442368030548,
    0.23706351220607758,
    0.29928240180015564,
    0.3661097288131714,
    0.43389683961868286,
    0.500839352607727,
    0.5674440860748291,
    0.6334474086761475,
    0.6976574063301086,
    0.761739194393158,
    0.8271901607513428,
    0.8847826719284058,
    0.9439517259597778
  ],
  "bin_counts": [
    0.0,
    1.0,
    180.0,
    811.0,
    1048.0,
    1149.0,
    1062.0,
    1185.0,
    1319.0,
    1217.0,
    1056.0,
    651.0,
    274.0,
    43.0,
    4.0
  ],
  "per_class_acc": [
    0.9039999842643738,
    0.8899999856948853,
    0.7429999709129333,
    0.609000027179718,
    0.7289999723434448,
    0.7009999752044678,
    0.8539999723434448,
    0.8149999976158142,
    0.8700000047683716,
    0.8029999732971191
  ]
}