{
  "epoch": 1,
  "train_loss": 2.100027449905415,
  "train_acc": 0.28408,
  "test_loss": 1.5680045580863953,
  "test_acc": 0.4881,
  "test_ece": 0.1407153308391571,
  "test_entropy": 1.9066556692123413,
  "bin_accuracies": [
    0.0,
    0.0,
    0.24600638977635783,
    0.33430717863105175,
    0.42717497556207235,
    0.5406312961719275,
    0.6493362831858407,
    0.7126984126984127,
    0.7546296296296297,
    0.8358662613981763,
    0.871244635193133,
    0.8930817610062893,
    0.9069767441860465,
    0.9428571428571428,
    0.0
  ],
  "bin_confidences": [
    0.0,
    0.12743446230888367,
    0.17754822969436646,
    0.2330794334411621,
    0.2977130711078644,
    0.36407533288002014,
    0.43076595664024353,
    0.4983168840408325,
    0.5662844181060791,
    0.6340146660804749,
    0.6972834467887878,
    0.7630608677864075,
    0.8315749168395996,
    0.8894066214561462,
    0.0
  ],
  "bin_counts": [
    0.0,
    9.0,
    1252.0,
    2396.0,
    2046.0,
    1489.0,
    904.0,
    630.0,
    432.0,
    329.0,
    233.0,
    159.0,
    86.0,
    35.0,
    0.0
  ],
  "per_class_acc": [
    0.625,
    0.8119999766349792,
    0.27900001406669617,
    0.47999998927116394,
    0.23800000548362732,
    0.3580000102519989,
    0.6980000138282776,
    0.44699999690055847,
    0.5680000185966492,
    0.37599998712539673
  ]
}