{
  "train_loss": [
    1.6486407533630996,
    1.2619276310476806,
    1.086426443760962,
    0.9634804250029347,
    0.8824992278957611,
    0.8187328586188118,
    0.7689252843332413,
    0.7321867121150122,
    0.6951713325727321,
    0.6690058318702766,
    0.6380593459624464,
    0.6145253196701674,
    0.5958698294351777,
    0.5744942737662274,
    0.558706581211456,
    0.5460659231981049,
    0.5327863732872107,
    0.5167989600497438,
    0.5034987029364651,
    0.489713645347244,
    0.47908408817885173,
    0.46885771611157584,
    0.4592455112568253,
    0.4486065291230331,
    0.44298943092146187,
    0.4332627461237066,
    0.4232803175364004,
    0.41882252685554194,
    0.4102586274180571,
    0.40040474272597476,
    0.3981868293889038,
    0.3893606628832,
    0.3839571026280103,
    0.3784118045855056,
    0.37431678454132034,
    0.30678684136751666,
    0.2864630449839565,
    0.2766206423797266,
    0.27212707458249746,
    0.2613720945689989,
    0.2569052041186701,
    0.25093987206821244,
    0.2075395476254051,
    0.1894361841328004,
    0.18156839810940614,
    0.1743340354860591,
    0.1693351281725842,
    0.1622376417755471,
    0.13567316426378687,
    0.12438070285312659
  ],
  "train_acc": [
    0.38678,
    0.54152,
    0.61034,
    0.65666,
    0.68752,
    0.71228,
    0.73068,
    0.74458,
    0.75982,
    0.7679,
    0.78002,
    0.7885,
    0.79408,
    0.8019,
    0.80698,
    0.81166,
    0.81652,
    0.82324,
    0.8263,
    0.83204,
    0.83536,
    0.83822,
    0.84178,
    0.84318,
    0.84544,
    0.84952,
    0.85216,
    0.8545,
    0.85774,
    0.85996,
    0.86134,
    0.86466,
    0.86574,
    0.86648,
    0.86882,
    0.89254,
    0.89948,
    0.90152,
    0.90204,
    0.90614,
    0.90764,
    0.90846,
    0.92562,
    0.93194,
    0.93418,
    0.93694,
    0.9388,
    0.9412,
    0.95226,
    0.95672
  ],
  "test_loss": [
    1.2598518079519272,
    1.072074561715126,
    1.0248671025037766,
    0.9524127560853958,
    0.7806557273864746,
    0.7309005647897721,
    0.7379778081178665,
    0.6413629621267318,
    0.6684740608930588,
    0.644518418610096,
    0.5940605559945107,
    0.5703139409422875,
    0.5149914327263833,
    0.5655875825881957,
    0.540554911494255,
    0.5137910261750221,
    0.4929458871483803,
    0.5464752677083016,
    0.476285924911499,
    0.47752281367778776,
    0.5312171646952629,
    0.5293176805973053,
    0.46575691014528275,
    0.47396970599889754,
    0.5152888038754463,
    0.5347674161195755,
    0.4460999588668346,
    0.48230651408433917,
    0.4436600661277771,
    0.47839097008109094,
    0.4826381404697895,
    0.4614694023132324,
    0.4916959166526794,
    0.4531375542283058,
    0.45787357330322265,
    0.3760641570389271,
    0.4091784463822842,
    0.4225573419034481,
    0.4407136218249798,
    0.47626748234033583,
    0.4347131934762001,
    0.484663350880146,
    0.4357495492696762,
    0.4311863845586777,
    0.4516545936465263,
    0.4838864958286285,
    0.4534423378109932,
    0.45541706040501595,
    0.45609787464141843,
    0.4785400605201721
  ],
  "test_acc": [
    0.5505,
    0.6135,
    0.6615,
    0.6867,
    0.7281,
    0.7316,
    0.7588,
    0.7772,
    0.7897,
    0.7915,
    0.797,
    0.8154,
    0.8439,
    0.8227,
    0.8401,
    0.8496,
    0.8513,
    0.8285,
    0.8502,
    0.8584,
    0.8419,
    0.8489,
    0.8654,
    0.8672,
    0.8318,
    0.8439,
    0.8704,
    0.8566,
    0.8726,
    0.8603,
    0.8601,
    0.8643,
    0.8587,
    0.8739,
    0.8676,
    0.8977,
    0.8865,
    0.8806,
    0.8762,
    0.8579,
    0.8754,
    0.8542,
    0.8756,
    0.874,
    0.868,
    0.8557,
    0.8712,
    0.8724,
    0.8694,
    0.862
  ],
  "test_ece": [
    0.016004517674446106,
    0.018077265471220016,
    0.036101084202528,
    0.02162208780646324,
    0.010427462868392467,
    0.029675694182515144,
    0.010280026122927666,
    0.0253943782299757,
    0.026857271790504456,
    0.01951722800731659,
    0.022412315011024475,
    0.03354502469301224,
    0.04679064452648163,
    0.016718026250600815,
    0.04288293048739433,
    0.04905688390135765,
    0.030433345586061478,
    0.022180886939167976,
    0.033010032027959824,
    0.036398787051439285,
    0.01944267936050892,
    0.028487063944339752,
    0.05194420367479324,
    0.04618985950946808,
    0.013800889253616333,
    0.020256176590919495,
    0.03819481283426285,
    0.034079089760780334,
    0.02533029019832611,
    0.02752125822007656,
    0.03010987676680088,
    0.023248154670000076,
    0.022977886721491814,
    0.031649600714445114,
    0.024043908342719078,
    0.031652625650167465,
    0.01943798176944256,
    0.017199859023094177,
    0.013258853927254677,
    0.015174096450209618,
    0.011215399950742722,
    0.018400361761450768,
    0.01642439514398575,
    0.02913225255906582,
    0.020031731575727463,
    0.040292322635650635,
    0.03167026489973068,
    0.03380075469613075,
    0.041903890669345856,
    0.04199189320206642
  ],
  "test_entropy": [
    1.187835931777954,
    1.0142735242843628,
    0.915976345539093,
    0.8295915126800537,
    0.7382754683494568,
    0.6531477570533752,
    0.6398378610610962,
    0.6349365711212158,
    0.6069086790084839,
    0.5888888835906982,
    0.5725670456886292,
    0.5813236832618713,
    0.5642907023429871,
    0.5228859186172485,
    0.555357038974762,
    0.5367149710655212,
    0.48365750908851624,
    0.4991394579410553,
    0.48376700282096863,
    0.4689905643463135,
    0.4593343734741211,
    0.48902109265327454,
    0.4850214421749115,
    0.46707871556282043,
    0.45762398838996887,
    0.45270800590515137,
    0.4400222599506378,
    0.45516708493232727,
    0.4017389118671417,
    0.42361727356910706,
    0.4202782213687897,
    0.4231272339820862,
    0.4203025996685028,
    0.4155530631542206,
    0.4117136299610138,
    0.36716151237487793,
    0.3497193455696106,
    0.35924291610717773,
    0.3442347049713135,
    0.35435399413108826,
    0.31382885575294495,
    0.34500518441200256,
    0.29741695523262024,
    0.2638712525367737,
    0.2946624457836151,
    0.276018351316452,
    0.2611631453037262,
    0.2516755759716034,
    0.23788948357105255,
    0.2525560259819031
  ],
  "epoch_time": [
    42.64333629608154,
    26.61576747894287,
    40.60748887062073,
    47.26150727272034,
    48.062737226486206,
    26.625597715377808,
    40.31127858161926,
    48.28595447540283,
    47.68182563781738,
    26.598707914352417,
    39.84074926376343,
    48.56233811378479,
    26.63082981109619,
    39.89569401741028,
    47.75523567199707,
    48.85392475128174,
    26.61576533317566,
    40.06228756904602,
    48.59770059585571,
    48.506502628326416,
    26.676641702651978,
    40.61517906188965,
    49.234479904174805,
    26.657471418380737,
    39.92919611930847,
    48.171905279159546,
    48.448766469955444,
    26.66201090812683,
    40.645488023757935,
    47.82792663574219,
    48.69467759132385,
    26.660237550735474,
    41.41477417945862,
    49.08101224899292,
    26.728076696395874,
    40.800376176834106,
    46.95902466773987,
    26.911083698272705,
    26.71596097946167,
    26.733442544937134,
    26.75096321105957,
    26.738254070281982,
    26.71376132965088,
    26.935232639312744,
    26.72412872314453,
    26.719879865646362,
    26.879568815231323,
    26.739962816238403,
    26.704442262649536,
    27.072176694869995
  ]
}