{
  "epoch": 48,
  "train_loss": 0.13567316426378687,
  "train_acc": 0.95226,
  "test_loss": 0.45609787464141843,
  "test_acc": 0.8694,
  "test_ece": 0.041903890669345856,
  "test_entropy": 0.23788948357105255,
  "bin_accuracies": [
    0.0,
    0.0,
    0.0,
    0.5,
    0.23076923076923078,
    0.3076923076923077,
    0.2878787878787879,
    0.4292682926829268,
    0.4928571428571429,
    0.5689655172413793,
    0.6666666666666666,
    0.6919540229885057,
    0.75787728026534,
    0.8522954091816367,
    0.954962962962963
  ],
  "bin_confidences": [
    0.0,
    0.0,
    0.0,
    0.25281164050102234,
    0.3189221918582916,
    0.36881181597709656,
    0.4351380169391632,
    0.5055411458015442,
    0.5674852728843689,
    0.6327711343765259,
    0.6997147798538208,
    0.7681118845939636,
    0.8336363434791565,
    0.9034547209739685,
    0.986038863658905
  ],
  "bin_counts": [
    0.0,
    0.0,
    0.0,
    2.0,
    13.0,
    39.0,
    66.0,
    205.0,
    280.0,
    290.0,
    315.0,
    435.0,
    603.0,
    1002.0,
    6750.0
  ],
  "per_class_acc": [
    0.8790000081062317,
    0.9229999780654907,
    0.8399999737739563,
    0.7950000166893005,
    0.8980000019073486,
    0.7580000162124634,
    0.9240000247955322,
    0.8679999709129333,
    0.9200000166893005,
    0.8889999985694885
  ]
}