{
  "epoch": 33,
  "train_loss": 0.3784118045855056,
  "train_acc": 0.86648,
  "test_loss": 0.4531375542283058,
  "test_acc": 0.8739,
  "test_ece": 0.031649600714445114,
  "test_entropy": 0.4155530631542206,
  "bin_accuracies": [
    0.0,
    0.0,
    0.0,
    0.42857142857142855,
    0.27586206896551724,
    0.391304347826087,
    0.389937106918239,
    0.4864864864864865,
    0.5643835616438356,
    0.6008771929824561,
    0.751937984496124,
    0.8270481144343304,
    0.891996891996892,
    0.9557522123893806,
    0.9736029205279416
  ],
  "bin_confidences": [
    0.0,
    0.0,
    0.0,
    0.24923387169837952,
    0.3046167194843292,
    0.36858901381492615,
    0.4377748370170593,
    0.5046672224998474,
    0.566927433013916,
    0.634294331073761,
    0.7006189227104187,
    0.768129289150238,
    0.8368406295776367,
    0.9032914638519287,
    0.9706552624702454
  ],
  "bin_counts": [
    0.0,
    0.0,
    0.0,
    7.0,
    29.0,
    69.0,
    159.0,
    296.0,
    365.0,
    456.0,
    516.0,
    769.0,
    1287.0,
    2486.0,
    3561.0
  ],
  "per_class_acc": [
    0.925000011920929,
    0.8960000276565552,
    0.8489999771118164,
    0.722000002861023,
    0.8080000281333923,
    0.7979999780654907,
    0.968999981880188,
    0.8920000195503235,
    0.9380000233650208,
    0.9419999718666077
  ]
}