{
  "epoch": 17,
  "train_loss": 0.5167989600497438,
  "train_acc": 0.82324,
  "test_loss": 0.5464752677083016,
  "test_acc": 0.8285,
  "test_ece": 0.022180886939167976,
  "test_entropy": 0.4991394579410553,
  "bin_accuracies": [
    0.0,
    0.0,
    0.0,
    0.22727272727272727,
    0.3108108108108108,
    0.3717277486910995,
    0.4331983805668016,
    0.44642857142857145,
    0.5617977528089888,
    0.6118067978533095,
    0.6972789115646258,
    0.8151898734177215,
    0.8862229102167183,
    0.9367455335586673,
    0.9736015084852294
  ],
  "bin_confidences": [
    0.0,
    0.0,
    0.19107288122177124,
    0.24854563176631927,
    0.30345970392227173,
    0.3720812499523163,
    0.43509918451309204,
    0.5021271109580994,
    0.5667896270751953,
    0.6339263319969177,
    0.7015734314918518,
    0.7682960033416748,
    0.8369032144546509,
    0.9020609259605408,
    0.9721009731292725
  ],
  "bin_counts": [
    0.0,
    0.0,
    2.0,
    22.0,
    74.0,
    191.0,
    247.0,
    448.0,
    534.0,
    559.0,
    588.0,
    790.0,
    1292.0,
    2071.0,
    3182.0
  ],
  "per_class_acc": [
    0.890999972820282,
    0.8980000019073486,
    0.6320000290870667,
    0.5320000052452087,
    0.7099999785423279,
    0.8370000123977661,
    0.9309999942779541,
    0.9739999771118164,
    0.9409999847412109,
    0.9390000104904175
  ]
}