{
  "epoch": 15,
  "train_loss": 0.5460659231981049,
  "train_acc": 0.81166,
  "test_loss": 0.5137910261750221,
  "test_acc": 0.8496,
  "test_ece": 0.04905688390135765,
  "test_entropy": 0.5367149710655212,
  "bin_accuracies": [
    0.0,
    0.0,
    0.0,
    0.23076923076923078,
    0.28169014084507044,
    0.3626943005181347,
    0.3771043771043771,
    0.5702479338842975,
    0.6165137614678899,
    0.7077205882352942,
    0.7593659942363112,
    0.8748615725359912,
    0.917276720351391,
    0.9517205957883924,
    0.978839590443686
  ],
  "bin_confidences": [
    0.0,
    0.0,
    0.0,
    0.2417403757572174,
    0.30724984407424927,
    0.36919525265693665,
    0.4356696605682373,
    0.5026375651359558,
    0.5671789646148682,
    0.6343701481819153,
    0.7003340125083923,
    0.7689234614372253,
    0.8356915712356567,
    0.9021738767623901,
    0.9700464606285095
  ],
  "bin_counts": [
    0.0,
    0.0,
    0.0,
    26.0,
    71.0,
    193.0,
    297.0,
    484.0,
    545.0,
    544.0,
    694.0,
    903.0,
    1366.0,
    1947.0,
    2930.0
  ],
  "per_class_acc": [
    0.871999979019165,
    0.9700000286102295,
    0.859000027179718,
    0.6340000033378601,
    0.7889999747276306,
    0.8069999814033508,
    0.9449999928474426,
    0.8669999837875366,
    0.8379999995231628,
    0.9150000214576721
  ]
}