{
  "epoch": 19,
  "train_loss": 0.489713645347244,
  "train_acc": 0.83204,
  "test_loss": 0.47752281367778776,
  "test_acc": 0.8584,
  "test_ece": 0.036398787051439285,
  "test_entropy": 0.4689905643463135,
  "bin_accuracies": [
    0.0,
    0.0,
    0.0,
    0.0,
    0.4523809523809524,
    0.3381294964028777,
    0.4182692307692308,
    0.4691358024691358,
    0.562363238512035,
    0.6673427991886409,
    0.7758369723435226,
    0.8398058252427184,
    0.8979947689625108,
    0.9451327433628318,
    0.9798859201441009
  ],
  "bin_confidences": [
    0.0,
    0.0,
    0.0,
    0.2450713962316513,
    0.30797189474105835,
    0.3702019453048706,
    0.4369228184223175,
    0.5036607384681702,
    0.5676214694976807,
    0.6342173218727112,
    0.7006836533546448,
    0.7686639428138733,
    0.8350539803504944,
    0.9048401713371277,
    0.9673827886581421
  ],
  "bin_counts": [
    0.0,
    0.0,
    0.0,
    7.0,
    42.0,
    139.0,
    208.0,
    405.0,
    457.0,
    493.0,
    687.0,
    824.0,
    1147.0,
    2260.0,
    3331.0
  ],
  "per_class_acc": [
    0.9380000233650208,
    0.9190000295639038,
    0.8069999814033508,
    0.8500000238418579,
    0.8730000257492065,
    0.628000020980835,
    0.8930000066757202,
    0.8270000219345093,
    0.9440000057220459,
    0.9049999713897705
  ]
}