{
  "epoch": 46,
  "train_loss": 0.1693351281725842,
  "train_acc": 0.9388,
  "test_loss": 0.4534423378109932,
  "test_acc": 0.8712,
  "test_ece": 0.03167026489973068,
  "test_entropy": 0.2611631453037262,
  "bin_accuracies": [
    0.0,
    0.0,
    0.0,
    0.0,
    0.3,
    0.2857142857142857,
    0.3142857142857143,
    0.4597156398104265,
    0.5241157556270096,
    0.5591054313099042,
    0.6638655462184874,
    0.7442827442827443,
    0.7934131736526946,
    0.8723776223776224,
    0.9575634199812089
  ],
  "bin_confidences": [
    0.0,
    0.0,
    0.0,
    0.0,
    0.30489465594291687,
    0.3773353099822998,
    0.4353564381599426,
    0.5081549286842346,
    0.5675486326217651,
    0.6330986022949219,
    0.7019200921058655,
    0.7672033309936523,
    0.8361730575561523,
    0.9039502739906311,
    0.9837921857833862
  ],
  "bin_counts": [
    0.0,
    0.0,
    0.0,
    0.0,
    10.0,
    49.0,
    70.0,
    211.0,
    311.0,
    313.0,
    357.0,
    481.0,
    668.0,
    1144.0,
    6386.0
  ],
  "per_class_acc": [
    0.8669999837875366,
    0.921999990940094,
    0.8220000267028809,
    0.7689999938011169,
    0.9240000247955322,
    0.7429999709129333,
    0.9430000185966492,
    0.8809999823570251,
    0.9160000085830688,
    0.925000011920929
  ]
}