{
  "epoch": 2,
  "train_loss": 1.086426443760962,
  "train_acc": 0.61034,
  "test_loss": 1.0248671025037766,
  "test_acc": 0.6615,
  "test_ece": 0.036101084202528,
  "test_entropy": 0.915976345539093,
  "bin_accuracies": [
    0.0,
    0.0,
    0.4,
    0.24770642201834864,
    0.2544642857142857,
    0.347949080622348,
    0.4027093596059113,
    0.447926267281106,
    0.5449160908193484,
    0.6299694189602446,
    0.725050916496945,
    0.8049568965517241,
    0.9011566771819137,
    0.9582963620230701,
    0.994131455399061
  ],
  "bin_confidences": [
    0.0,
    0.0,
    0.18688495457172394,
    0.24116818606853485,
    0.30441951751708984,
    0.36868807673454285,
    0.4339386820793152,
    0.5014601349830627,
    0.5662351846694946,
    0.6321544647216797,
    0.699437141418457,
    0.7677205204963684,
    0.8342502117156982,
    0.900347888469696,
    0.9631854295730591
  ],
  "bin_counts": [
    0.0,
    0.0,
    5.0,
    109.0,
    448.0,
    707.0,
    812.0,
    1085.0,
    1013.0,
    981.0,
    982.0,
    928.0,
    951.0,
    1127.0,
    852.0
  ],
  "per_class_acc": [
    0.4350000023841858,
    0.8370000123977661,
    0.4749999940395355,
    0.6779999732971191,
    0.7129999995231628,
    0.5109999775886536,
    0.671999990940094,
    0.8090000152587891,
    0.8019999861717224,
    0.6830000281333923
  ]
}