{
  "epoch": 30,
  "train_loss": 0.3981868293889038,
  "train_acc": 0.86134,
  "test_loss": 0.4826381404697895,
  "test_acc": 0.8601,
  "test_ece": 0.03010987676680088,
  "test_entropy": 0.4202782213687897,
  "bin_accuracies": [
    0.0,
    0.0,
    0.0,
    0.0,
    0.18181818181818182,
    0.367816091954023,
    0.42038216560509556,
    0.4161849710982659,
    0.5874125874125874,
    0.5874730021598272,
    0.6805807622504537,
    0.8124098124098124,
    0.8847077662129704,
    0.9476595744680851,
    0.9772103239978034
  ],
  "bin_confidences": [
    0.0,
    0.0,
    0.0,
    0.0,
    0.3082515299320221,
    0.37115150690078735,
    0.4361150562763214,
    0.5053984522819519,
    0.5665321946144104,
    0.6325289607048035,
    0.7019023895263672,
    0.768963098526001,
    0.8367907404899597,
    0.9041715860366821,
    0.9690898656845093
  ],
  "bin_counts": [
    0.0,
    0.0,
    0.0,
    0.0,
    33.0,
    87.0,
    157.0,
    346.0,
    429.0,
    463.0,
    551.0,
    693.0,
    1249.0,
    2350.0,
    3642.0
  ],
  "per_class_acc": [
    0.9229999780654907,
    0.9490000009536743,
    0.7990000247955322,
    0.7179999947547913,
    0.8709999918937683,
    0.8809999823570251,
    0.9259999990463257,
    0.7210000157356262,
    0.9380000233650208,
    0.875
  ]
}