{
  "epoch": 47,
  "train_loss": 0.1622376417755471,
  "train_acc": 0.9412,
  "test_loss": 0.45541706040501595,
  "test_acc": 0.8724,
  "test_ece": 0.03380075469613075,
  "test_entropy": 0.2516755759716034,
  "bin_accuracies": [
    0.0,
    0.0,
    0.0,
    1.0,
    0.3333333333333333,
    0.3783783783783784,
    0.31343283582089554,
    0.41706161137440756,
    0.5331125827814569,
    0.59375,
    0.638728323699422,
    0.7567567567567568,
    0.7960199004975125,
    0.867579908675799,
    0.9551507729986224
  ],
  "bin_confidences": [
    0.0,
    0.0,
    0.0,
    0.25943702459335327,
    0.3098752200603485,
    0.37335890531539917,
    0.43409714102745056,
    0.5073462724685669,
    0.5680028796195984,
    0.6349890232086182,
    0.7011617422103882,
    0.7680080533027649,
    0.8358699679374695,
    0.9048898816108704,
    0.9847216606140137
  ],
  "bin_counts": [
    0.0,
    0.0,
    0.0,
    1.0,
    9.0,
    37.0,
    67.0,
    211.0,
    302.0,
    352.0,
    346.0,
    444.0,
    603.0,
    1095.0,
    6533.0
  ],
  "per_class_acc": [
    0.9020000100135803,
    0.9150000214576721,
    0.8230000138282776,
    0.7689999938011169,
    0.8960000276565552,
    0.7799999713897705,
    0.9359999895095825,
    0.8759999871253967,
    0.9240000247955322,
    0.902999997138977
  ]
}