{
  "epoch": 35,
  "train_loss": 0.30678684136751666,
  "train_acc": 0.89254,
  "test_loss": 0.3760641570389271,
  "test_acc": 0.8977,
  "test_ece": 0.031652625650167465,
  "test_entropy": 0.36716151237487793,
  "bin_accuracies": [
    0.0,
    0.0,
    0.0,
    0.3333333333333333,
    0.5357142857142857,
    0.4393939393939394,
    0.40540540540540543,
    0.5258620689655172,
    0.5481049562682215,
    0.6798866855524079,
    0.6997578692493946,
    0.8358895705521472,
    0.9014354066985646,
    0.9517094017094017,
    0.9820983457965103
  ],
  "bin_confidences": [
    0.0,
    0.0,
    0.19223125278949738,
    0.24338191747665405,
    0.30902940034866333,
    0.3741879463195801,
    0.4388951063156128,
    0.5057020783424377,
    0.5668481588363647,
    0.6317672729492188,
    0.7016773819923401,
    0.7701404690742493,
    0.8364047408103943,
    0.9048036336898804,
    0.9702630043029785
  ],
  "bin_counts": [
    0.0,
    0.0,
    1.0,
    3.0,
    28.0,
    66.0,
    111.0,
    232.0,
    343.0,
    353.0,
    413.0,
    652.0,
    1045.0,
    2340.0,
    4413.0
  ],
  "per_class_acc": [
    0.9120000004768372,
    0.9290000200271606,
    0.871999979019165,
    0.796999990940094,
    0.8949999809265137,
    0.8190000057220459,
    0.9300000071525574,
    0.9340000152587891,
    0.9480000138282776,
    0.9409999847412109
  ]
}