{
  "epoch": 0,
  "train_loss": 1.6486407533630996,
  "train_acc": 0.38678,
  "test_loss": 1.2598518079519272,
  "test_acc": 0.5505,
  "test_ece": 0.016004517674446106,
  "test_entropy": 1.187835931777954,
  "bin_accuracies": [
    0.0,
    0.0,
    0.20754716981132076,
    0.233502538071066,
    0.27880184331797236,
    0.34578627280625546,
    0.42083333333333334,
    0.4779464931308749,
    0.5484171322160148,
    0.6177829099307159,
    0.7184986595174263,
    0.7555228276877761,
    0.8390804597701149,
    0.8968692449355433,
    0.9792626728110599
  ],
  "bin_confidences": [
    0.0,
    0.0,
    0.18825894594192505,
    0.24038897454738617,
    0.3016843795776367,
    0.3673185408115387,
    0.4339030981063843,
    0.49984148144721985,
    0.5659441351890564,
    0.6325644254684448,
    0.7004222869873047,
    0.7665913105010986,
    0.8324949741363525,
    0.9007163643836975,
    0.9631917476654053
  ],
  "bin_counts": [
    0.0,
    0.0,
    53.0,
    394.0,
    868.0,
    1151.0,
    1200.0,
    1383.0,
    1074.0,
    866.0,
    746.0,
    679.0,
    609.0,
    543.0,
    434.0
  ],
  "per_class_acc": [
    0.5090000033378601,
    0.6809999942779541,
    0.41200000047683716,
    0.28700000047683716,
    0.26600000262260437,
    0.6890000104904175,
    0.7559999823570251,
    0.609000027179718,
    0.640999972820282,
    0.6549999713897705
  ]
}