{
  "epoch": 11,
  "train_loss": 0.6145253196701674,
  "train_acc": 0.7885,
  "test_loss": 0.5703139409422875,
  "test_acc": 0.8154,
  "test_ece": 0.03354502469301224,
  "test_entropy": 0.5813236832618713,
  "bin_accuracies": [
    0.0,
    0.0,
    0.0,
    0.23255813953488372,
    0.3359375,
    0.391304347826087,
    0.4124629080118694,
    0.5149384885764499,
    0.6072555205047319,
    0.6522366522366523,
    0.7419804741980475,
    0.831981460023175,
    0.8972431077694235,
    0.9417721518987342,
    0.9837900424546507
  ],
  "bin_confidences": [
    0.0,
    0.0,
    0.0,
    0.24058951437473297,
    0.3022467792034149,
    0.3688129484653473,
    0.43392735719680786,
    0.5035423040390015,
    0.5665833950042725,
    0.6332903504371643,
    0.7025333642959595,
    0.7677217721939087,
    0.8354821801185608,
    0.9030308127403259,
    0.9690110087394714
  ],
  "bin_counts": [
    0.0,
    0.0,
    0.0,
    43.0,
    128.0,
    253.0,
    337.0,
    569.0,
    634.0,
    693.0,
    717.0,
    863.0,
    1197.0,
    1975.0,
    2591.0
  ],
  "per_class_acc": [
    0.9039999842643738,
    0.7129999995231628,
    0.703000009059906,
    0.503000020980835,
    0.875,
    0.8320000171661377,
    0.8569999933242798,
    0.902999997138977,
    0.9070000052452087,
    0.9570000171661377
  ]
}