{
  "epoch": 31,
  "train_loss": 0.3893606628832,
  "train_acc": 0.86466,
  "test_loss": 0.4614694023132324,
  "test_acc": 0.8643,
  "test_ece": 0.023248154670000076,
  "test_entropy": 0.4231272339820862,
  "bin_accuracies": [
    0.0,
    0.0,
    0.0,
    0.16666666666666666,
    0.35294117647058826,
    0.2696629213483146,
    0.47019867549668876,
    0.4735202492211838,
    0.5904761904761905,
    0.6412776412776413,
    0.708904109589041,
    0.790633608815427,
    0.8701612903225806,
    0.9447878038730944,
    0.9774687065368567
  ],
  "bin_confidences": [
    0.0,
    0.0,
    0.0,
    0.25392621755599976,
    0.30609560012817383,
    0.3723520040512085,
    0.4341113269329071,
    0.5057047605514526,
    0.5671563744544983,
    0.6327322721481323,
    0.7021810412406921,
    0.7692020535469055,
    0.8361430764198303,
    0.9037240743637085,
    0.9688904285430908
  ],
  "bin_counts": [
    0.0,
    0.0,
    0.0,
    6.0,
    34.0,
    89.0,
    151.0,
    321.0,
    420.0,
    407.0,
    584.0,
    726.0,
    1240.0,
    2427.0,
    3595.0
  ],
  "per_class_acc": [
    0.9240000247955322,
    0.9419999718666077,
    0.8650000095367432,
    0.8299999833106995,
    0.8949999809265137,
    0.6949999928474426,
    0.9010000228881836,
    0.7639999985694885,
    0.9470000267028809,
    0.8799999952316284
  ]
}