{
  "epoch": 3,
  "train_loss": 0.9634804250029347,
  "train_acc": 0.65666,
  "test_loss": 0.9524127560853958,
  "test_acc": 0.6867,
  "test_ece": 0.02162208780646324,
  "test_entropy": 0.8295915126800537,
  "bin_accuracies": [
    0.0,
    0.0,
    0.5,
    0.3181818181818182,
    0.2784090909090909,
    0.3345132743362832,
    0.41418439716312055,
    0.46697038724373574,
    0.554176072234763,
    0.5949367088607594,
    0.6631330977620731,
    0.7733644859813084,
    0.8457350272232305,
    0.9228142076502732,
    0.973568281938326
  ],
  "bin_confidences": [
    0.0,
    0.0,
    0.17755354940891266,
    0.2424272894859314,
    0.30281439423561096,
    0.36816298961639404,
    0.43496084213256836,
    0.5015231966972351,
    0.5666773915290833,
    0.6325472593307495,
    0.6996497511863708,
    0.7681488990783691,
    0.8352206945419312,
    0.9005757570266724,
    0.9652836322784424
  ],
  "bin_counts": [
    0.0,
    0.0,
    2.0,
    110.0,
    352.0,
    565.0,
    705.0,
    878.0,
    886.0,
    869.0,
    849.0,
    856.0,
    1102.0,
    1464.0,
    1362.0
  ],
  "per_class_acc": [
    0.8560000061988831,
    0.9750000238418579,
    0.6060000061988831,
    0.4449999928474426,
    0.7200000286102295,
    0.5590000152587891,
    0.49900001287460327,
    0.7089999914169312,
    0.843999981880188,
    0.6539999842643738
  ]
}