{
  "epoch": 40,
  "train_loss": 0.2569052041186701,
  "train_acc": 0.90764,
  "test_loss": 0.4347131934762001,
  "test_acc": 0.8754,
  "test_ece": 0.011215399950742722,
  "test_entropy": 0.31382885575294495,
  "bin_accuracies": [
    0.0,
    0.0,
    0.0,
    0.25,
    0.45454545454545453,
    0.23728813559322035,
    0.32978723404255317,
    0.4618320610687023,
    0.5411764705882353,
    0.6070381231671554,
    0.6919431279620853,
    0.7747572815533981,
    0.8439897698209718,
    0.90263319044703,
    0.9692919075144508
  ],
  "bin_confidences": [
    0.0,
    0.0,
    0.19809579849243164,
    0.24800798296928406,
    0.30187085270881653,
    0.37512633204460144,
    0.4374901354312897,
    0.5071164965629578,
    0.5678074359893799,
    0.6338892579078674,
    0.7010834813117981,
    0.7683096528053284,
    0.835872232913971,
    0.9048094749450684,
    0.9773947596549988
  ],
  "bin_counts": [
    0.0,
    0.0,
    1.0,
    4.0,
    11.0,
    59.0,
    94.0,
    262.0,
    340.0,
    341.0,
    422.0,
    515.0,
    782.0,
    1633.0,
    5536.0
  ],
  "per_class_acc": [
    0.8759999871253967,
    0.9639999866485596,
    0.8330000042915344,
    0.7360000014305115,
    0.8349999785423279,
    0.8259999752044678,
    0.9179999828338623,
    0.9490000009536743,
    0.9490000009536743,
    0.8679999709129333
  ]
}