{
  "epoch": 7,
  "train_loss": 0.7321867121150122,
  "train_acc": 0.74458,
  "test_loss": 0.6413629621267318,
  "test_acc": 0.7772,
  "test_ece": 0.0253943782299757,
  "test_entropy": 0.6349365711212158,
  "bin_accuracies": [
    0.0,
    0.0,
    0.2,
    0.2564102564102564,
    0.3583815028901734,
    0.3188405797101449,
    0.4013452914798206,
    0.4517133956386293,
    0.5588652482269504,
    0.6285310734463276,
    0.6988950276243094,
    0.7930204572803851,
    0.8833652007648184,
    0.9371697005284791,
    0.9859475883023168
  ],
  "bin_confidences": [
    0.0,
    0.0,
    0.19071462750434875,
    0.24070551991462708,
    0.30614185333251953,
    0.3692408800125122,
    0.4369158446788788,
    0.5015722513198853,
    0.5664247274398804,
    0.6326987147331238,
    0.6999039649963379,
    0.76827472448349,
    0.835335910320282,
    0.9022990465164185,
    0.97083580493927
  ],
  "bin_counts": [
    0.0,
    0.0,
    5.0,
    39.0,
    173.0,
    345.0,
    446.0,
    642.0,
    705.0,
    708.0,
    724.0,
    831.0,
    1046.0,
    1703.0,
    2633.0
  ],
  "per_class_acc": [
    0.8320000171661377,
    0.9430000185966492,
    0.7160000205039978,
    0.515999972820282,
    0.460999995470047,
    0.8420000076293945,
    0.828000009059906,
    0.925000011920929,
    0.8859999775886536,
    0.8230000138282776
  ]
}