{
  "epoch": 36,
  "train_loss": 0.2864630449839565,
  "train_acc": 0.89948,
  "test_loss": 0.4091784463822842,
  "test_acc": 0.8865,
  "test_ece": 0.01943798176944256,
  "test_entropy": 0.3497193455696106,
  "bin_accuracies": [
    0.0,
    0.0,
    0.0,
    0.2,
    0.34782608695652173,
    0.36666666666666664,
    0.3076923076923077,
    0.4778761061946903,
    0.5877192982456141,
    0.6574585635359116,
    0.7110091743119266,
    0.7848297213622291,
    0.8882294757665677,
    0.9442473390775469,
    0.9719451371571073
  ],
  "bin_confidences": [
    0.0,
    0.0,
    0.0,
    0.24892480671405792,
    0.3112048804759979,
    0.37070170044898987,
    0.43896356225013733,
    0.5067355632781982,
    0.5676291584968567,
    0.6324185729026794,
    0.7023074626922607,
    0.7688583731651306,
    0.8359957933425903,
    0.9045098423957825,
    0.9743578433990479
  ],
  "bin_counts": [
    0.0,
    0.0,
    0.0,
    5.0,
    23.0,
    60.0,
    104.0,
    226.0,
    342.0,
    362.0,
    436.0,
    646.0,
    1011.0,
    1973.0,
    4812.0
  ],
  "per_class_acc": [
    0.8920000195503235,
    0.953000009059906,
    0.8100000023841858,
    0.7360000014305115,
    0.9470000267028809,
    0.8420000076293945,
    0.9539999961853027,
    0.8679999709129333,
    0.9380000233650208,
    0.925000011920929
  ]
}