{
  "epoch": 18,
  "train_loss": 0.5034987029364651,
  "train_acc": 0.8263,
  "test_loss": 0.476285924911499,
  "test_acc": 0.8502,
  "test_ece": 0.033010032027959824,
  "test_entropy": 0.48376700282096863,
  "bin_accuracies": [
    0.0,
    0.0,
    1.0,
    0.3333333333333333,
    0.3068181818181818,
    0.38562091503267976,
    0.38636363636363635,
    0.5409429280397022,
    0.5435244161358811,
    0.6331360946745562,
    0.6786355475763016,
    0.8257668711656442,
    0.8946078431372549,
    0.9501372369624885,
    0.9848078641644326
  ],
  "bin_confidences": [
    0.0,
    0.0,
    0.16895988583564758,
    0.24172398447990417,
    0.3088950216770172,
    0.3696489930152893,
    0.43681782484054565,
    0.5030940771102905,
    0.5680966973304749,
    0.632365882396698,
    0.7004092335700989,
    0.7689417004585266,
    0.8367071151733398,
    0.9037589430809021,
    0.968131959438324
  ],
  "bin_counts": [
    0.0,
    0.0,
    1.0,
    18.0,
    88.0,
    153.0,
    220.0,
    403.0,
    471.0,
    507.0,
    557.0,
    815.0,
    1224.0,
    2186.0,
    3357.0
  ],
  "per_class_acc": [
    0.9200000166893005,
    0.8690000176429749,
    0.7450000047683716,
    0.527999997138977,
    0.8730000257492065,
    0.9089999794960022,
    0.9139999747276306,
    0.8999999761581421,
    0.9049999713897705,
    0.9390000104904175
  ]
}