{
  "epoch": 8,
  "train_loss": 0.6951713325727321,
  "train_acc": 0.75982,
  "test_loss": 0.6684740608930588,
  "test_acc": 0.7897,
  "test_ece": 0.026857271790504456,
  "test_entropy": 0.6069086790084839,
  "bin_accuracies": [
    0.0,
    0.0,
    0.5,
    0.42857142857142855,
    0.2786885245901639,
    0.3203125,
    0.4369747899159664,
    0.4781906300484653,
    0.5589459084604715,
    0.6827956989247311,
    0.7306763285024155,
    0.8403669724770643,
    0.8829953198127926,
    0.9111405835543767,
    0.9718367346938775
  ],
  "bin_confidences": [
    0.0,
    0.0,
    0.19322405755519867,
    0.24041707813739777,
    0.30496466159820557,
    0.3720390796661377,
    0.4346432387828827,
    0.5027212500572205,
    0.5673246383666992,
    0.6335934400558472,
    0.7002392411231995,
    0.7684129476547241,
    0.8346492648124695,
    0.9002272486686707,
    0.9746225476264954
  ],
  "bin_counts": [
    0.0,
    0.0,
    2.0,
    21.0,
    122.0,
    256.0,
    357.0,
    619.0,
    721.0,
    744.0,
    828.0,
    1090.0,
    1282.0,
    1508.0,
    2450.0
  ],
  "per_class_acc": [
    0.847000002861023,
    0.6980000138282776,
    0.8659999966621399,
    0.6669999957084656,
    0.7400000095367432,
    0.6110000014305115,
    0.8740000128746033,
    0.8379999995231628,
    0.8560000061988831,
    0.8999999761581421
  ]
}