{
  "epoch": 24,
  "train_loss": 0.44298943092146187,
  "train_acc": 0.84544,
  "test_loss": 0.5152888038754463,
  "test_acc": 0.8318,
  "test_ece": 0.013800889253616333,
  "test_entropy": 0.45762398838996887,
  "bin_accuracies": [
    0.0,
    0.0,
    0.0,
    0.07692307692307693,
    0.30158730158730157,
    0.3111111111111111,
    0.33755274261603374,
    0.46618357487922707,
    0.5548387096774193,
    0.6290018832391714,
    0.6931818181818182,
    0.7668393782383419,
    0.8494404883011191,
    0.9137168141592921,
    0.9803179409538229
  ],
  "bin_confidences": [
    0.0,
    0.0,
    0.0,
    0.2410179078578949,
    0.3074200749397278,
    0.370151549577713,
    0.4353380799293518,
    0.5052196383476257,
    0.5674017071723938,
    0.633884608745575,
    0.7017781734466553,
    0.7685074210166931,
    0.8360943794250488,
    0.9047175049781799,
    0.9692659974098206
  ],
  "bin_counts": [
    0.0,
    0.0,
    0.0,
    13.0,
    63.0,
    135.0,
    237.0,
    414.0,
    465.0,
    531.0,
    616.0,
    772.0,
    983.0,
    1808.0,
    3963.0
  ],
  "per_class_acc": [
    0.8579999804496765,
    0.9860000014305115,
    0.8529999852180481,
    0.7739999890327454,
    0.7239999771118164,
    0.8180000185966492,
    0.8429999947547913,
    0.9079999923706055,
    0.9300000071525574,
    0.6240000128746033
  ]
}