{
  "epoch": 10,
  "train_loss": 0.6380593459624464,
  "train_acc": 0.78002,
  "test_loss": 0.5940605559945107,
  "test_acc": 0.797,
  "test_ece": 0.022412315011024475,
  "test_entropy": 0.5725670456886292,
  "bin_accuracies": [
    0.0,
    0.0,
    0.0,
    0.14814814814814814,
    0.3739130434782609,
    0.4104803493449782,
    0.40186915887850466,
    0.47818791946308725,
    0.5795297372060858,
    0.6119828815977175,
    0.7335858585858586,
    0.808187134502924,
    0.8742138364779874,
    0.9268011527377522,
    0.9720630372492837
  ],
  "bin_confidences": [
    0.0,
    0.0,
    0.19270522892475128,
    0.2434760183095932,
    0.3073601722717285,
    0.36832988262176514,
    0.4358483552932739,
    0.5043641328811646,
    0.5658056735992432,
    0.6343344449996948,
    0.6995888948440552,
    0.7676796913146973,
    0.8344740271568298,
    0.9023069739341736,
    0.9733731150627136
  ],
  "bin_counts": [
    0.0,
    0.0,
    1.0,
    27.0,
    115.0,
    229.0,
    321.0,
    596.0,
    723.0,
    701.0,
    792.0,
    855.0,
    1113.0,
    1735.0,
    2792.0
  ],
  "per_class_acc": [
    0.8309999704360962,
    0.7239999771118164,
    0.722000002861023,
    0.7829999923706055,
    0.8849999904632568,
    0.5690000057220459,
    0.9240000247955322,
    0.7049999833106995,
    0.8539999723434448,
    0.9729999899864197
  ]
}