{
  "epoch": 49,
  "train_loss": 0.12438070285312659,
  "train_acc": 0.95672,
  "test_loss": 0.4785400605201721,
  "test_acc": 0.862,
  "test_ece": 0.04199189320206642,
  "test_entropy": 0.2525560259819031,
  "bin_accuracies": [
    0.0,
    0.0,
    0.0,
    0.0,
    0.18181818181818182,
    0.26666666666666666,
    0.21666666666666667,
    0.5,
    0.48013245033112584,
    0.5652173913043478,
    0.6492537313432836,
    0.7006507592190889,
    0.7908082408874801,
    0.846820809248555,
    0.953682260305697
  ],
  "bin_confidences": [
    0.0,
    0.0,
    0.0,
    0.0,
    0.3082309067249298,
    0.37326741218566895,
    0.4353114366531372,
    0.509692907333374,
    0.565980851650238,
    0.6326262950897217,
    0.7016567587852478,
    0.7667074799537659,
    0.8355701565742493,
    0.9030093550682068,
    0.9862759709358215
  ],
  "bin_counts": [
    0.0,
    0.0,
    0.0,
    0.0,
    11.0,
    45.0,
    60.0,
    228.0,
    302.0,
    345.0,
    402.0,
    461.0,
    631.0,
    1038.0,
    6477.0
  ],
  "per_class_acc": [
    0.8759999871253967,
    0.9190000295639038,
    0.8180000185966492,
    0.6959999799728394,
    0.8920000195503235,
    0.8320000171661377,
    0.9440000057220459,
    0.8500000238418579,
    0.9309999942779541,
    0.8619999885559082
  ]
}