{
  "epoch": 13,
  "train_loss": 0.5744942737662274,
  "train_acc": 0.8019,
  "test_loss": 0.5655875825881957,
  "test_acc": 0.8227,
  "test_ece": 0.016718026250600815,
  "test_entropy": 0.5228859186172485,
  "bin_accuracies": [
    0.0,
    0.0,
    0.0,
    0.17647058823529413,
    0.31958762886597936,
    0.38028169014084506,
    0.41605839416058393,
    0.5304518664047151,
    0.5746753246753247,
    0.6606851549755302,
    0.7335203366058906,
    0.8171912832929782,
    0.851129363449692,
    0.9176954732510288,
    0.9769585253456221
  ],
  "bin_confidences": [
    0.0,
    0.0,
    0.1730387806892395,
    0.2430424988269806,
    0.3074560761451721,
    0.37023037672042847,
    0.43609553575515747,
    0.5030179619789124,
    0.5669636130332947,
    0.6333631277084351,
    0.7014988660812378,
    0.7673656344413757,
    0.8351966738700867,
    0.9034301042556763,
    0.9711847305297852
  ],
  "bin_counts": [
    0.0,
    0.0,
    1.0,
    17.0,
    97.0,
    213.0,
    274.0,
    509.0,
    616.0,
    613.0,
    713.0,
    826.0,
    974.0,
    1458.0,
    3689.0
  ],
  "per_class_acc": [
    0.9269999861717224,
    0.9769999980926514,
    0.828000009059906,
    0.7149999737739563,
    0.8889999985694885,
    0.6660000085830688,
    0.7960000038146973,
    0.8700000047683716,
    0.777999997138977,
    0.781000018119812
  ]
}