{
  "epoch": 6,
  "train_loss": 0.7689252843332413,
  "train_acc": 0.73068,
  "test_loss": 0.7379778081178665,
  "test_acc": 0.7588,
  "test_ece": 0.010280026122927666,
  "test_entropy": 0.6398378610610962,
  "bin_accuracies": [
    0.0,
    0.0,
    0.3333333333333333,
    0.29545454545454547,
    0.3172043010752688,
    0.3656957928802589,
    0.44025157232704404,
    0.49221183800623053,
    0.5716216216216217,
    0.5966514459665144,
    0.6868686868686869,
    0.7554112554112554,
    0.8200202224469161,
    0.9111709286675639,
    0.9647400945110869
  ],
  "bin_confidences": [
    0.0,
    0.0,
    0.1883103847503662,
    0.24437585473060608,
    0.3048076033592224,
    0.3697361350059509,
    0.4350813031196594,
    0.5030795931816101,
    0.5676854848861694,
    0.6344884634017944,
    0.6996704936027527,
    0.7676441669464111,
    0.8357842564582825,
    0.9029128551483154,
    0.9683912992477417
  ],
  "bin_counts": [
    0.0,
    0.0,
    3.0,
    44.0,
    186.0,
    309.0,
    477.0,
    642.0,
    740.0,
    657.0,
    792.0,
    924.0,
    989.0,
    1486.0,
    2751.0
  ],
  "per_class_acc": [
    0.7710000276565552,
    0.9120000004768372,
    0.6620000004768372,
    0.42500001192092896,
    0.9459999799728394,
    0.7179999947547913,
    0.7129999995231628,
    0.6639999747276306,
    0.9179999828338623,
    0.859000027179718
  ]
}