{
  "epoch": 42,
  "train_loss": 0.2075395476254051,
  "train_acc": 0.92562,
  "test_loss": 0.4357495492696762,
  "test_acc": 0.8756,
  "test_ece": 0.01642439514398575,
  "test_entropy": 0.29741695523262024,
  "bin_accuracies": [
    0.0,
    0.0,
    0.0,
    0.3333333333333333,
    0.25,
    0.3,
    0.4186046511627907,
    0.4900398406374502,
    0.567398119122257,
    0.6138888888888889,
    0.6682242990654206,
    0.7908256880733945,
    0.8373879641485276,
    0.8852701702442635,
    0.9640893470790378
  ],
  "bin_confidences": [
    0.0,
    0.0,
    0.0,
    0.25945910811424255,
    0.29779765009880066,
    0.3706602156162262,
    0.43698546290397644,
    0.5069606304168701,
    0.5674412846565247,
    0.6347620487213135,
    0.702400803565979,
    0.7673649191856384,
    0.8356310129165649,
    0.9039406180381775,
    0.9800803065299988
  ],
  "bin_counts": [
    0.0,
    0.0,
    0.0,
    3.0,
    16.0,
    40.0,
    86.0,
    251.0,
    319.0,
    360.0,
    428.0,
    545.0,
    781.0,
    1351.0,
    5820.0
  ],
  "per_class_acc": [
    0.8489999771118164,
    0.890999972820282,
    0.8429999947547913,
    0.796999990940094,
    0.8009999990463257,
    0.8080000281333923,
    0.9449999928474426,
    0.9369999766349792,
    0.9319999814033508,
    0.953000009059906
  ]
}