{
  "epoch": 39,
  "train_loss": 0.2613720945689989,
  "train_acc": 0.90614,
  "test_loss": 0.47626748234033583,
  "test_acc": 0.8579,
  "test_ece": 0.015174096450209618,
  "test_entropy": 0.35435399413108826,
  "bin_accuracies": [
    0.0,
    0.0,
    0.0,
    0.0,
    0.3125,
    0.3387096774193548,
    0.3220338983050847,
    0.4709897610921502,
    0.5213903743315508,
    0.6099290780141844,
    0.7053045186640472,
    0.7993630573248408,
    0.8462291870714985,
    0.9040871934604905,
    0.9624761500953997
  ],
  "bin_confidences": [
    0.0,
    0.0,
    0.0,
    0.24424904584884644,
    0.30812519788742065,
    0.3735678791999817,
    0.4364034831523895,
    0.5072117447853088,
    0.5671297907829285,
    0.6331987380981445,
    0.7008826732635498,
    0.7692041993141174,
    0.8356852531433105,
    0.9036101698875427,
    0.9761776328086853
  ],
  "bin_counts": [
    0.0,
    0.0,
    0.0,
    4.0,
    16.0,
    62.0,
    118.0,
    293.0,
    374.0,
    423.0,
    509.0,
    628.0,
    1021.0,
    1835.0,
    4717.0
  ],
  "per_class_acc": [
    0.8289999961853027,
    0.9120000004768372,
    0.8629999756813049,
    0.5410000085830688,
    0.8989999890327454,
    0.8980000019073486,
    0.8960000276565552,
    0.9100000262260437,
    0.9160000085830688,
    0.9150000214576721
  ]
}