{
  "epoch": 28,
  "train_loss": 0.4102586274180571,
  "train_acc": 0.85774,
  "test_loss": 0.4436600661277771,
  "test_acc": 0.8726,
  "test_ece": 0.02533029019832611,
  "test_entropy": 0.4017389118671417,
  "bin_accuracies": [
    0.0,
    0.0,
    0.0,
    0.14285714285714285,
    0.11428571428571428,
    0.32989690721649484,
    0.37579617834394907,
    0.43425076452599387,
    0.5702479338842975,
    0.6596306068601583,
    0.7204301075268817,
    0.8290076335877863,
    0.8790476190476191,
    0.940734188412207,
    0.9759752616555661
  ],
  "bin_confidences": [
    0.0,
    0.0,
    0.0,
    0.24009308218955994,
    0.3050197660923004,
    0.3681025207042694,
    0.4385138750076294,
    0.5040683150291443,
    0.5674595832824707,
    0.6331858038902283,
    0.7012397646903992,
    0.7686866521835327,
    0.8370682001113892,
    0.904634952545166,
    0.9701710343360901
  ],
  "bin_counts": [
    0.0,
    0.0,
    0.0,
    7.0,
    35.0,
    97.0,
    157.0,
    327.0,
    363.0,
    379.0,
    465.0,
    655.0,
    1050.0,
    2261.0,
    4204.0
  ],
  "per_class_acc": [
    0.9279999732971191,
    0.9340000152587891,
    0.7929999828338623,
    0.7450000047683716,
    0.8859999775886536,
    0.8029999732971191,
    0.949999988079071,
    0.8450000286102295,
    0.9020000100135803,
    0.9399999976158142
  ]
}