{
  "epoch": 29,
  "train_loss": 0.40040474272597476,
  "train_acc": 0.85996,
  "test_loss": 0.47839097008109094,
  "test_acc": 0.8603,
  "test_ece": 0.02752125822007656,
  "test_entropy": 0.42361727356910706,
  "bin_accuracies": [
    0.0,
    0.0,
    0.0,
    0.25,
    0.25,
    0.2765957446808511,
    0.3898305084745763,
    0.4573002754820937,
    0.5307125307125307,
    0.6247422680412371,
    0.7245841035120147,
    0.8006042296072508,
    0.8856907894736842,
    0.9514207149404217,
    0.9759728388613215
  ],
  "bin_confidences": [
    0.0,
    0.0,
    0.0,
    0.24517352879047394,
    0.3071855902671814,
    0.37046802043914795,
    0.43508169054985046,
    0.5049706697463989,
    0.5668860077857971,
    0.6329346895217896,
    0.7005736231803894,
    0.7692557573318481,
    0.8363451957702637,
    0.9031832814216614,
    0.9704698324203491
  ],
  "bin_counts": [
    0.0,
    0.0,
    0.0,
    4.0,
    40.0,
    94.0,
    177.0,
    363.0,
    407.0,
    485.0,
    541.0,
    662.0,
    1216.0,
    2182.0,
    3829.0
  ],
  "per_class_acc": [
    0.8949999809265137,
    0.9129999876022339,
    0.8399999737739563,
    0.8309999704360962,
    0.8980000019073486,
    0.6990000009536743,
    0.8320000171661377,
    0.8690000176429749,
    0.9359999895095825,
    0.8899999856948853
  ]
}