{
  "epoch": 44,
  "train_loss": 0.18156839810940614,
  "train_acc": 0.93418,
  "test_loss": 0.4516545936465263,
  "test_acc": 0.868,
  "test_ece": 0.020031731575727463,
  "test_entropy": 0.2946624457836151,
  "bin_accuracies": [
    0.0,
    0.0,
    0.0,
    0.0,
    0.3,
    0.23214285714285715,
    0.3723404255319149,
    0.44680851063829785,
    0.5416666666666666,
    0.6134020618556701,
    0.6993166287015945,
    0.7378277153558053,
    0.8265582655826558,
    0.8941267387944358,
    0.9610323021705691
  ],
  "bin_confidences": [
    0.0,
    0.0,
    0.0,
    0.2633747458457947,
    0.3006642460823059,
    0.37339070439338684,
    0.43725496530532837,
    0.5088016390800476,
    0.5662496089935303,
    0.6321588754653931,
    0.7014256119728088,
    0.7686541080474854,
    0.8360228538513184,
    0.9034295678138733,
    0.9813584089279175
  ],
  "bin_counts": [
    0.0,
    0.0,
    0.0,
    1.0,
    10.0,
    56.0,
    94.0,
    235.0,
    360.0,
    388.0,
    439.0,
    534.0,
    738.0,
    1294.0,
    5851.0
  ],
  "per_class_acc": [
    0.8759999871253967,
    0.9039999842643738,
    0.7910000085830688,
    0.7509999871253967,
    0.8629999756813049,
    0.8230000138282776,
    0.9430000185966492,
    0.9049999713897705,
    0.9259999990463257,
    0.8980000019073486
  ]
}