{
  "epoch": 9,
  "train_loss": 0.6690058318702766,
  "train_acc": 0.7679,
  "test_loss": 0.644518418610096,
  "test_acc": 0.7915,
  "test_ece": 0.01951722800731659,
  "test_entropy": 0.5888888835906982,
  "bin_accuracies": [
    0.0,
    0.0,
    0.0,
    0.3076923076923077,
    0.23015873015873015,
    0.311787072243346,
    0.3865546218487395,
    0.5054945054945055,
    0.5803981623277182,
    0.6430722891566265,
    0.6872370266479664,
    0.8011049723756906,
    0.869701726844584,
    0.9256286784376672,
    0.9725868725868726
  ],
  "bin_confidences": [
    0.0,
    0.0,
    0.1746552437543869,
    0.24682796001434326,
    0.30479949712753296,
    0.36776620149612427,
    0.4347083568572998,
    0.5023742914199829,
    0.5670837759971619,
    0.6329308152198792,
    0.7005977630615234,
    0.7676308751106262,
    0.835158109664917,
    0.9011106491088867,
    0.9708417057991028
  ],
  "bin_counts": [
    0.0,
    0.0,
    1.0,
    39.0,
    126.0,
    263.0,
    357.0,
    546.0,
    653.0,
    664.0,
    713.0,
    905.0,
    1274.0,
    1869.0,
    2590.0
  ],
  "per_class_acc": [
    0.8510000109672546,
    0.8659999966621399,
    0.7879999876022339,
    0.5989999771118164,
    0.9100000262260437,
    0.7730000019073486,
    0.8560000061988831,
    0.5889999866485596,
    0.9309999942779541,
    0.7519999742507935
  ]
}