{
  "epoch": 25,
  "train_loss": 0.4332627461237066,
  "train_acc": 0.84952,
  "test_loss": 0.5347674161195755,
  "test_acc": 0.8439,
  "test_ece": 0.020256176590919495,
  "test_entropy": 0.45270800590515137,
  "bin_accuracies": [
    0.0,
    0.0,
    0.0,
    0.375,
    0.32653061224489793,
    0.36607142857142855,
    0.42857142857142855,
    0.46153846153846156,
    0.5701943844492441,
    0.6429840142095915,
    0.7676609105180534,
    0.8249427917620137,
    0.8703125,
    0.9195640892579139,
    0.9688749286122216
  ],
  "bin_confidences": [
    0.0,
    0.0,
    0.0,
    0.2564326524734497,
    0.3064367175102234,
    0.3720557689666748,
    0.43626829981803894,
    0.5070140361785889,
    0.5665869116783142,
    0.6349111795425415,
    0.7008786797523499,
    0.7697040438652039,
    0.8364658355712891,
    0.9026089310646057,
    0.9709294438362122
  ],
  "bin_counts": [
    0.0,
    0.0,
    0.0,
    8.0,
    49.0,
    112.0,
    182.0,
    403.0,
    463.0,
    563.0,
    637.0,
    874.0,
    1280.0,
    1927.0,
    3502.0
  ],
  "per_class_acc": [
    0.8790000081062317,
    0.7139999866485596,
    0.8230000138282776,
    0.6830000281333923,
    0.9350000023841858,
    0.7070000171661377,
    0.8930000066757202,
    0.8820000290870667,
    0.9580000042915344,
    0.9649999737739563
  ]
}