{
  "epoch": 23,
  "train_loss": 0.4486065291230331,
  "train_acc": 0.84318,
  "test_loss": 0.47396970599889754,
  "test_acc": 0.8672,
  "test_ece": 0.04618985950946808,
  "test_entropy": 0.46707871556282043,
  "bin_accuracies": [
    0.0,
    0.0,
    0.0,
    0.3333333333333333,
    0.3469387755102041,
    0.3879310344827586,
    0.37089201877934275,
    0.53125,
    0.5905349794238683,
    0.7459546925566343,
    0.7966101694915254,
    0.8383594692400482,
    0.9106992417860151,
    0.9496915045087803,
    0.9823868812632858
  ],
  "bin_confidences": [
    0.0,
    0.0,
    0.17304855585098267,
    0.24701230227947235,
    0.3100641667842865,
    0.3711239695549011,
    0.4343056380748749,
    0.5045719146728516,
    0.566660463809967,
    0.6332221627235413,
    0.7006708979606628,
    0.7679490447044373,
    0.8355789184570312,
    0.9037691950798035,
    0.9702561497688293
  ],
  "bin_counts": [
    0.0,
    0.0,
    1.0,
    9.0,
    49.0,
    116.0,
    213.0,
    384.0,
    486.0,
    618.0,
    708.0,
    829.0,
    1187.0,
    2107.0,
    3293.0
  ],
  "per_class_acc": [
    0.9079999923706055,
    0.9679999947547913,
    0.7630000114440918,
    0.7369999885559082,
    0.9049999713897705,
    0.8299999833106995,
    0.9359999895095825,
    0.8740000128746033,
    0.8629999756813049,
    0.8880000114440918
  ]
}