{
  "epoch": 26,
  "train_loss": 0.4232803175364004,
  "train_acc": 0.85216,
  "test_loss": 0.4460999588668346,
  "test_acc": 0.8704,
  "test_ece": 0.03819481283426285,
  "test_entropy": 0.4400222599506378,
  "bin_accuracies": [
    0.0,
    0.0,
    0.0,
    0.0,
    0.23684210526315788,
    0.3786407766990291,
    0.38095238095238093,
    0.47619047619047616,
    0.5427872860635696,
    0.6834862385321101,
    0.7708333333333334,
    0.8458646616541353,
    0.918201915991157,
    0.9464984775989561,
    0.9730746960046323
  ],
  "bin_confidences": [
    0.0,
    0.0,
    0.0,
    0.2437916249036789,
    0.30288252234458923,
    0.36938002705574036,
    0.4382481276988983,
    0.5046955943107605,
    0.5673432946205139,
    0.6330379247665405,
    0.7019516229629517,
    0.7694448828697205,
    0.8356751799583435,
    0.9023736715316772,
    0.9697920083999634
  ],
  "bin_counts": [
    0.0,
    0.0,
    0.0,
    5.0,
    38.0,
    103.0,
    168.0,
    357.0,
    409.0,
    436.0,
    576.0,
    798.0,
    1357.0,
    2299.0,
    3454.0
  ],
  "per_class_acc": [
    0.9070000052452087,
    0.9160000085830688,
    0.8209999799728394,
    0.6179999709129333,
    0.9020000100135803,
    0.8960000276565552,
    0.9409999847412109,
    0.8500000238418579,
    0.9300000071525574,
    0.9229999780654907
  ]
}