{
  "epoch": 16,
  "train_loss": 0.5327863732872107,
  "train_acc": 0.81652,
  "test_loss": 0.4929458871483803,
  "test_acc": 0.8513,
  "test_ece": 0.030433345586061478,
  "test_entropy": 0.48365750908851624,
  "bin_accuracies": [
    0.0,
    0.0,
    1.0,
    0.21739130434782608,
    0.36619718309859156,
    0.31097560975609756,
    0.4351851851851852,
    0.5113350125944585,
    0.5834970530451866,
    0.6458333333333334,
    0.73,
    0.8181818181818182,
    0.8975265017667845,
    0.9460869565217391,
    0.9824773413897281
  ],
  "bin_confidences": [
    0.0,
    0.0,
    0.1870948225259781,
    0.23981210589408875,
    0.30861562490463257,
    0.3717730939388275,
    0.4367333650588989,
    0.5060998797416687,
    0.5671547055244446,
    0.6330347061157227,
    0.7013686895370483,
    0.7677457928657532,
    0.8368320465087891,
    0.9050524234771729,
    0.9665682911872864
  ],
  "bin_counts": [
    0.0,
    0.0,
    2.0,
    23.0,
    71.0,
    164.0,
    216.0,
    397.0,
    509.0,
    528.0,
    600.0,
    748.0,
    1132.0,
    2300.0,
    3310.0
  ],
  "per_class_acc": [
    0.8849999904632568,
    0.9800000190734863,
    0.8059999942779541,
    0.550000011920929,
    0.8790000081062317,
    0.8899999856948853,
    0.8960000276565552,
    0.8849999904632568,
    0.9049999713897705,
    0.8370000123977661
  ]
}