{
  "epoch": 41,
  "train_loss": 0.25093987206821244,
  "train_acc": 0.90846,
  "test_loss": 0.484663350880146,
  "test_acc": 0.8542,
  "test_ece": 0.018400361761450768,
  "test_entropy": 0.34500518441200256,
  "bin_accuracies": [
    0.0,
    0.0,
    0.0,
    0.0,
    0.2857142857142857,
    0.2537313432835821,
    0.3490566037735849,
    0.445578231292517,
    0.5452322738386308,
    0.5862068965517241,
    0.7063197026022305,
    0.8077956989247311,
    0.8361702127659575,
    0.8915254237288136,
    0.9663967611336033
  ],
  "bin_confidences": [
    0.0,
    0.0,
    0.0,
    0.23671576380729675,
    0.30746808648109436,
    0.37256920337677,
    0.43745580315589905,
    0.508060097694397,
    0.5674525499343872,
    0.6338664293289185,
    0.7003154754638672,
    0.7688848972320557,
    0.8352299332618713,
    0.9035698175430298,
    0.9796222448348999
  ],
  "bin_counts": [
    0.0,
    0.0,
    0.0,
    2.0,
    21.0,
    67.0,
    106.0,
    294.0,
    409.0,
    464.0,
    538.0,
    744.0,
    940.0,
    1475.0,
    4940.0
  ],
  "per_class_acc": [
    0.875,
    0.8130000233650208,
    0.7900000214576721,
    0.7139999866485596,
    0.8930000066757202,
    0.8479999899864197,
    0.9240000247955322,
    0.8809999823570251,
    0.8569999933242798,
    0.9470000267028809
  ]
}