{
  "epoch": 43,
  "train_loss": 0.1894361841328004,
  "train_acc": 0.93194,
  "test_loss": 0.4311863845586777,
  "test_acc": 0.874,
  "test_ece": 0.02913225255906582,
  "test_entropy": 0.2638712525367737,
  "bin_accuracies": [
    0.0,
    0.0,
    0.0,
    0.0,
    0.375,
    0.24489795918367346,
    0.3333333333333333,
    0.47572815533980584,
    0.4662379421221865,
    0.5304878048780488,
    0.6839237057220708,
    0.7279236276849642,
    0.7854889589905363,
    0.877831715210356,
    0.9634910686305234
  ],
  "bin_confidences": [
    0.0,
    0.0,
    0.0,
    0.0,
    0.31723958253860474,
    0.3704345226287842,
    0.443370521068573,
    0.5073989033699036,
    0.568828821182251,
    0.634398877620697,
    0.7005874514579773,
    0.7688987851142883,
    0.8358750343322754,
    0.9035390019416809,
    0.9820733070373535
  ],
  "bin_counts": [
    0.0,
    0.0,
    0.0,
    0.0,
    8.0,
    49.0,
    60.0,
    206.0,
    311.0,
    328.0,
    367.0,
    419.0,
    634.0,
    1236.0,
    6382.0
  ],
  "per_class_acc": [
    0.8560000061988831,
    0.9229999780654907,
    0.8420000076293945,
    0.8059999942779541,
    0.8960000276565552,
    0.7210000157356262,
    0.9309999942779541,
    0.9100000262260437,
    0.9340000152587891,
    0.9210000038146973
  ]
}