{
  "epoch": 32,
  "train_loss": 0.3839571026280103,
  "train_acc": 0.86574,
  "test_loss": 0.4916959166526794,
  "test_acc": 0.8587,
  "test_ece": 0.022977886721491814,
  "test_entropy": 0.4203025996685028,
  "bin_accuracies": [
    0.0,
    0.0,
    0.0,
    0.2222222222222222,
    0.2702702702702703,
    0.35,
    0.3862433862433862,
    0.421875,
    0.5594936708860759,
    0.6088888888888889,
    0.6968085106382979,
    0.7970588235294118,
    0.866783523225241,
    0.9423832387603667,
    0.97840790842872
  ],
  "bin_confidences": [
    0.0,
    0.0,
    0.0,
    0.24948936700820923,
    0.30409011244773865,
    0.3704011142253876,
    0.43373849987983704,
    0.5020073652267456,
    0.5654230117797852,
    0.6348928213119507,
    0.7002595663070679,
    0.768510103225708,
    0.8361037373542786,
    0.9048346281051636,
    0.969146192073822
  ],
  "bin_counts": [
    0.0,
    0.0,
    0.0,
    9.0,
    37.0,
    80.0,
    189.0,
    320.0,
    395.0,
    450.0,
    564.0,
    680.0,
    1141.0,
    2291.0,
    3844.0
  ],
  "per_class_acc": [
    0.8690000176429749,
    0.8669999837875366,
    0.8009999990463257,
    0.8169999718666077,
    0.8370000123977661,
    0.8119999766349792,
    0.9139999747276306,
    0.8429999947547913,
    0.9120000004768372,
    0.9150000214576721
  ]
}