{
  "epoch": 4,
  "train_loss": 0.8824992278957611,
  "train_acc": 0.68752,
  "test_loss": 0.7806557273864746,
  "test_acc": 0.7281,
  "test_ece": 0.010427462868392467,
  "test_entropy": 0.7382754683494568,
  "bin_accuracies": [
    0.0,
    0.0,
    1.0,
    0.23076923076923078,
    0.29957805907172996,
    0.3746958637469586,
    0.4233576642335766,
    0.503030303030303,
    0.5712742980561555,
    0.6346820809248555,
    0.7060133630289532,
    0.7861111111111111,
    0.8579931972789115,
    0.917726887192536,
    0.9678135405105438
  ],
  "bin_confidences": [
    0.0,
    0.0,
    0.17952975630760193,
    0.24464565515518188,
    0.3055267035961151,
    0.36778926849365234,
    0.4353228807449341,
    0.5016587376594543,
    0.5671700239181519,
    0.6335967183113098,
    0.7000247240066528,
    0.7671095132827759,
    0.8339285254478455,
    0.9003379344940186,
    0.9741155505180359
  ],
  "bin_counts": [
    0.0,
    0.0,
    1.0,
    52.0,
    237.0,
    411.0,
    548.0,
    825.0,
    926.0,
    865.0,
    898.0,
    1080.0,
    1176.0,
    1179.0,
    1802.0
  ],
  "per_class_acc": [
    0.7070000171661377,
    0.6200000047683716,
    0.7670000195503235,
    0.5370000004768372,
    0.5870000123977661,
    0.847000002861023,
    0.7649999856948853,
    0.6940000057220459,
    0.8100000023841858,
    0.9470000267028809
  ]
}