{
  "epoch": 12,
  "train_loss": 0.5958698294351777,
  "train_acc": 0.79408,
  "test_loss": 0.5149914327263833,
  "test_acc": 0.8439,
  "test_ece": 0.04679064452648163,
  "test_entropy": 0.5642907023429871,
  "bin_accuracies": [
    0.0,
    0.0,
    0.0,
    0.40625,
    0.2653061224489796,
    0.4027777777777778,
    0.4896755162241888,
    0.5383104125736738,
    0.5996503496503497,
    0.6856127886323268,
    0.7651757188498403,
    0.8472400513478819,
    0.9108910891089109,
    0.9625282167042889,
    0.9851262538913871
  ],
  "bin_confidences": [
    0.0,
    0.0,
    0.0,
    0.24034550786018372,
    0.3068743348121643,
    0.37143781781196594,
    0.43616852164268494,
    0.5037363171577454,
    0.5670632123947144,
    0.6334771513938904,
    0.7013450264930725,
    0.7687695026397705,
    0.8365362882614136,
    0.9045385718345642,
    0.9664990901947021
  ],
  "bin_counts": [
    0.0,
    0.0,
    0.0,
    32.0,
    147.0,
    216.0,
    339.0,
    509.0,
    572.0,
    563.0,
    626.0,
    779.0,
    1111.0,
    2215.0,
    2891.0
  ],
  "per_class_acc": [
    0.8059999942779541,
    0.9599999785423279,
    0.8309999704360962,
    0.6060000061988831,
    0.8650000095367432,
    0.7519999742507935,
    0.9200000166893005,
    0.843999981880188,
    0.9409999847412109,
    0.9139999747276306
  ]
}