{
  "epoch": 37,
  "train_loss": 0.2766206423797266,
  "train_acc": 0.90152,
  "test_loss": 0.4225573419034481,
  "test_acc": 0.8806,
  "test_ece": 0.017199859023094177,
  "test_entropy": 0.35924291610717773,
  "bin_accuracies": [
    0.0,
    0.0,
    0.0,
    0.5,
    0.4,
    0.35135135135135137,
    0.3949579831932773,
    0.4794007490636704,
    0.5666666666666667,
    0.6108108108108108,
    0.7027649769585254,
    0.786046511627907,
    0.891170431211499,
    0.9432446007031643,
    0.9719350073855244
  ],
  "bin_confidences": [
    0.0,
    0.0,
    0.0,
    0.24215781688690186,
    0.30889013409614563,
    0.3690662980079651,
    0.43729090690612793,
    0.505551815032959,
    0.5665042400360107,
    0.6353555917739868,
    0.7010913491249084,
    0.7694304585456848,
    0.837143063545227,
    0.9041528701782227,
    0.9729537963867188
  ],
  "bin_counts": [
    0.0,
    0.0,
    0.0,
    2.0,
    25.0,
    74.0,
    119.0,
    267.0,
    360.0,
    370.0,
    434.0,
    645.0,
    974.0,
    1991.0,
    4739.0
  ],
  "per_class_acc": [
    0.9129999876022339,
    0.9449999928474426,
    0.8259999752044678,
    0.6520000100135803,
    0.8790000081062317,
    0.8989999890327454,
    0.9390000104904175,
    0.9340000152587891,
    0.8970000147819519,
    0.921999990940094
  ]
}