{
  "epoch": 38,
  "train_loss": 0.27212707458249746,
  "train_acc": 0.90204,
  "test_loss": 0.4407136218249798,
  "test_acc": 0.8762,
  "test_ece": 0.013258853927254677,
  "test_entropy": 0.3442347049713135,
  "bin_accuracies": [
    0.0,
    0.0,
    0.0,
    0.25,
    0.32,
    0.35714285714285715,
    0.30357142857142855,
    0.48905109489051096,
    0.5581395348837209,
    0.6682926829268293,
    0.7422222222222222,
    0.8117088607594937,
    0.8510869565217392,
    0.9136939010356732,
    0.9712345185777067
  ],
  "bin_confidences": [
    0.0,
    0.0,
    0.0,
    0.24484702944755554,
    0.31166037917137146,
    0.3704665005207062,
    0.4358281195163727,
    0.5060771107673645,
    0.5662392377853394,
    0.6332053542137146,
    0.7027320861816406,
    0.76842200756073,
    0.8369510769844055,
    0.9043042063713074,
    0.9752978086471558
  ],
  "bin_counts": [
    0.0,
    0.0,
    0.0,
    4.0,
    25.0,
    42.0,
    112.0,
    274.0,
    387.0,
    410.0,
    450.0,
    632.0,
    920.0,
    1738.0,
    5006.0
  ],
  "per_class_acc": [
    0.8889999985694885,
    0.9490000009536743,
    0.7549999952316284,
    0.7110000252723694,
    0.8980000019073486,
    0.8809999823570251,
    0.9440000057220459,
    0.8980000019073486,
    0.9440000057220459,
    0.8930000066757202
  ]
}