{
  "epoch": 45,
  "train_loss": 0.1743340354860591,
  "train_acc": 0.93694,
  "test_loss": 0.4838864958286285,
  "test_acc": 0.8557,
  "test_ece": 0.040292322635650635,
  "test_entropy": 0.276018351316452,
  "bin_accuracies": [
    0.0,
    0.0,
    0.0,
    0.0,
    0.36363636363636365,
    0.40425531914893614,
    0.34146341463414637,
    0.4186991869918699,
    0.4970588235294118,
    0.5661375661375662,
    0.6173469387755102,
    0.720164609053498,
    0.7648725212464589,
    0.8583180987202925,
    0.9568923918288563
  ],
  "bin_confidences": [
    0.0,
    0.0,
    0.0,
    0.2602100670337677,
    0.30518120527267456,
    0.3697482645511627,
    0.43833500146865845,
    0.506106436252594,
    0.5657972693443298,
    0.6329371333122253,
    0.7033048272132874,
    0.7683591246604919,
    0.834822416305542,
    0.9043864011764526,
    0.9835012555122375
  ],
  "bin_counts": [
    0.0,
    0.0,
    0.0,
    1.0,
    11.0,
    47.0,
    82.0,
    246.0,
    340.0,
    378.0,
    392.0,
    486.0,
    706.0,
    1094.0,
    6217.0
  ],
  "per_class_acc": [
    0.8690000176429749,
    0.9739999771118164,
    0.8330000042915344,
    0.6919999718666077,
    0.8640000224113464,
    0.8080000281333923,
    0.9419999718666077,
    0.9100000262260437,
    0.8769999742507935,
    0.7879999876022339
  ]
}