{
  "epoch": 1,
  "train_loss": 1.2619276310476806,
  "train_acc": 0.54152,
  "test_loss": 1.072074561715126,
  "test_acc": 0.6135,
  "test_ece": 0.018077265471220016,
  "test_entropy": 1.0142735242843628,
  "bin_accuracies": [
    0.0,
    0.0,
    0.24,
    0.263681592039801,
    0.27424749163879597,
    0.3422007255139057,
    0.3883587786259542,
    0.485947416137806,
    0.5505293551491819,
    0.6064864864864865,
    0.7087053571428571,
    0.7692307692307693,
    0.8452535760728218,
    0.9091981132075472,
    0.9611973392461197
  ],
  "bin_confidences": [
    0.0,
    0.0,
    0.18173645436763763,
    0.24295958876609802,
    0.3027465343475342,
    0.3682482838630676,
    0.434237539768219,
    0.5010256171226501,
    0.5664386749267578,
    0.6328203678131104,
    0.6995111703872681,
    0.7669900059700012,
    0.8334777355194092,
    0.9009597897529602,
    0.9665756225585938
  ],
  "bin_counts": [
    0.0,
    0.0,
    25.0,
    201.0,
    598.0,
    827.0,
    1048.0,
    1103.0,
    1039.0,
    925.0,
    896.0,
    819.0,
    769.0,
    848.0,
    902.0
  ],
  "per_class_acc": [
    0.5600000023841858,
    0.8389999866485596,
    0.671999990940094,
    0.3310000002384186,
    0.5189999938011169,
    0.5709999799728394,
    0.8410000205039978,
    0.46299999952316284,
    0.7110000252723694,
    0.628000020980835
  ]
}