{
  "epoch": 22,
  "train_loss": 0.4592455112568253,
  "train_acc": 0.84178,
  "test_loss": 0.46575691014528275,
  "test_acc": 0.8654,
  "test_ece": 0.05194420367479324,
  "test_entropy": 0.4850214421749115,
  "bin_accuracies": [
    0.0,
    0.0,
    0.0,
    0.3333333333333333,
    0.3103448275862069,
    0.3089430894308943,
    0.4488888888888889,
    0.46633416458852867,
    0.5493827160493827,
    0.6980392156862745,
    0.7837423312883436,
    0.8335358444714459,
    0.9263456090651558,
    0.9709324273310683,
    0.9830316742081447
  ],
  "bin_confidences": [
    0.0,
    0.0,
    0.0,
    0.24116022884845734,
    0.30760297179222107,
    0.3689980208873749,
    0.43760377168655396,
    0.503981351852417,
    0.5663830041885376,
    0.6358964443206787,
    0.7022590041160583,
    0.7688429355621338,
    0.8372095823287964,
    0.9027019739151001,
    0.9677592515945435
  ],
  "bin_counts": [
    0.0,
    0.0,
    0.0,
    9.0,
    58.0,
    123.0,
    225.0,
    401.0,
    486.0,
    510.0,
    652.0,
    823.0,
    1412.0,
    2649.0,
    2652.0
  ],
  "per_class_acc": [
    0.8569999933242798,
    0.8939999938011169,
    0.8240000009536743,
    0.7160000205039978,
    0.8370000123977661,
    0.8500000238418579,
    0.8930000066757202,
    0.9039999842643738,
    0.9210000038146973,
    0.9580000042915344
  ]
}