{
  "epoch": 14,
  "train_loss": 0.558706581211456,
  "train_acc": 0.80698,
  "test_loss": 0.540554911494255,
  "test_acc": 0.8401,
  "test_ece": 0.04288293048739433,
  "test_entropy": 0.555357038974762,
  "bin_accuracies": [
    0.0,
    0.0,
    0.0,
    0.2727272727272727,
    0.25862068965517243,
    0.38009049773755654,
    0.43450479233226835,
    0.5334728033472803,
    0.5654545454545454,
    0.7163461538461539,
    0.7566718995290423,
    0.8397515527950311,
    0.9101654846335697,
    0.9607594936708861,
    0.9799537393986122
  ],
  "bin_confidences": [
    0.0,
    0.0,
    0.19263920187950134,
    0.2519613802433014,
    0.307190865278244,
    0.3721484839916229,
    0.43582606315612793,
    0.5018417239189148,
    0.5667828917503357,
    0.634791374206543,
    0.7015767693519592,
    0.7684948444366455,
    0.8368711471557617,
    0.9028673768043518,
    0.9680162668228149
  ],
  "bin_counts": [
    0.0,
    0.0,
    1.0,
    22.0,
    116.0,
    221.0,
    313.0,
    478.0,
    550.0,
    624.0,
    637.0,
    805.0,
    1269.0,
    2370.0,
    2594.0
  ],
  "per_class_acc": [
    0.9010000228881836,
    0.9589999914169312,
    0.8130000233650208,
    0.6480000019073486,
    0.8999999761581421,
    0.6809999942779541,
    0.9129999876022339,
    0.9160000085830688,
    0.8220000267028809,
    0.8479999899864197
  ]
}