{
  "epoch": 5,
  "train_loss": 0.8187328586188118,
  "train_acc": 0.71228,
  "test_loss": 0.7309005647897721,
  "test_acc": 0.7316,
  "test_ece": 0.029675694182515144,
  "test_entropy": 0.6531477570533752,
  "bin_accuracies": [
    0.0,
    0.0,
    0.0,
    0.19298245614035087,
    0.32926829268292684,
    0.3981191222570533,
    0.4436781609195402,
    0.4937062937062937,
    0.5491329479768786,
    0.5829493087557603,
    0.6345919610231425,
    0.7221542227662179,
    0.7534722222222222,
    0.8666666666666667,
    0.9724233023095484
  ],
  "bin_confidences": [
    0.0,
    0.0,
    0.18935996294021606,
    0.24367733299732208,
    0.3091111183166504,
    0.36865872144699097,
    0.4351690113544464,
    0.5042238831520081,
    0.5672339797019958,
    0.6329669952392578,
    0.700403094291687,
    0.7681167721748352,
    0.8338130712509155,
    0.9031370878219604,
    0.9702007174491882
  ],
  "bin_counts": [
    0.0,
    0.0,
    4.0,
    57.0,
    164.0,
    319.0,
    435.0,
    715.0,
    865.0,
    868.0,
    821.0,
    817.0,
    864.0,
    1170.0,
    2901.0
  ],
  "per_class_acc": [
    0.5299999713897705,
    0.5440000295639038,
    0.7379999756813049,
    0.375,
    0.75,
    0.8489999771118164,
    0.8659999966621399,
    0.7820000052452087,
    0.9210000038146973,
    0.9610000252723694
  ]
}