{
  "epoch": 27,
  "train_loss": 0.41882252685554194,
  "train_acc": 0.8545,
  "test_loss": 0.48230651408433917,
  "test_acc": 0.8566,
  "test_ece": 0.034079089760780334,
  "test_entropy": 0.45516708493232727,
  "bin_accuracies": [
    0.0,
    0.0,
    0.0,
    0.1111111111111111,
    0.1590909090909091,
    0.3492063492063492,
    0.36666666666666664,
    0.5438144329896907,
    0.5777777777777777,
    0.6592465753424658,
    0.7615262321144675,
    0.8552774755168662,
    0.8973584905660378,
    0.9390243902439024,
    0.9774092078924793
  ],
  "bin_confidences": [
    0.0,
    0.0,
    0.0,
    0.24629439413547516,
    0.30624884366989136,
    0.36940059065818787,
    0.436168372631073,
    0.5058951377868652,
    0.5665712356567383,
    0.6346663236618042,
    0.7005431652069092,
    0.7681885957717896,
    0.8359600901603699,
    0.9028905630111694,
    0.9721189737319946
  ],
  "bin_counts": [
    0.0,
    0.0,
    0.0,
    9.0,
    44.0,
    126.0,
    180.0,
    388.0,
    495.0,
    584.0,
    629.0,
    919.0,
    1325.0,
    1804.0,
    3497.0
  ],
  "per_class_acc": [
    0.9110000133514404,
    0.9610000252723694,
    0.75,
    0.8579999804496765,
    0.7490000128746033,
    0.7160000205039978,
    0.9160000085830688,
    0.925000011920929,
    0.9169999957084656,
    0.8629999756813049
  ]
}