{
  "epoch": 21,
  "train_loss": 0.46885771611157584,
  "train_acc": 0.83822,
  "test_loss": 0.5293176805973053,
  "test_acc": 0.8489,
  "test_ece": 0.028487063944339752,
  "test_entropy": 0.48902109265327454,
  "bin_accuracies": [
    0.0,
    0.0,
    0.0,
    1.0,
    0.36363636363636365,
    0.362962962962963,
    0.45893719806763283,
    0.5013192612137203,
    0.5645833333333333,
    0.6685499058380414,
    0.7492063492063492,
    0.8114942528735632,
    0.8931686046511628,
    0.9417693169092946,
    0.9677540307461567
  ],
  "bin_confidences": [
    0.0,
    0.0,
    0.0,
    0.25377535820007324,
    0.3067001700401306,
    0.3683626055717468,
    0.43530479073524475,
    0.5040096044540405,
    0.566358208656311,
    0.6339738965034485,
    0.7014554738998413,
    0.7677842974662781,
    0.8359026312828064,
    0.9034985899925232,
    0.9656571745872498
  ],
  "bin_counts": [
    0.0,
    0.0,
    0.0,
    2.0,
    44.0,
    135.0,
    207.0,
    379.0,
    480.0,
    531.0,
    630.0,
    870.0,
    1376.0,
    2679.0,
    2667.0
  ],
  "per_class_acc": [
    0.8029999732971191,
    0.9430000185966492,
    0.9359999895095825,
    0.7260000109672546,
    0.8840000033378601,
    0.6930000185966492,
    0.8029999732971191,
    0.878000020980835,
    0.9049999713897705,
    0.9179999828338623
  ]
}