{
  "epoch": 20,
  "train_loss": 0.47908408817885173,
  "train_acc": 0.83536,
  "test_loss": 0.5312171646952629,
  "test_acc": 0.8419,
  "test_ece": 0.01944267936050892,
  "test_entropy": 0.4593343734741211,
  "bin_accuracies": [
    0.0,
    0.0,
    0.0,
    0.36363636363636365,
    0.2857142857142857,
    0.3217391304347826,
    0.42410714285714285,
    0.453804347826087,
    0.5483234714003945,
    0.6353790613718412,
    0.7625201938610663,
    0.8012345679012346,
    0.8622862286228623,
    0.9201244813278008,
    0.9757477768795473
  ],
  "bin_confidences": [
    0.0,
    0.0,
    0.0,
    0.25309517979621887,
    0.30697759985923767,
    0.36820513010025024,
    0.4362305998802185,
    0.5053368210792542,
    0.5682337880134583,
    0.6349480748176575,
    0.7017738223075867,
    0.7679855823516846,
    0.8347881436347961,
    0.9040387868881226,
    0.9679689407348633
  ],
  "bin_counts": [
    0.0,
    0.0,
    0.0,
    11.0,
    42.0,
    115.0,
    224.0,
    368.0,
    507.0,
    554.0,
    619.0,
    810.0,
    1111.0,
    1928.0,
    3711.0
  ],
  "per_class_acc": [
    0.9539999961853027,
    0.8339999914169312,
    0.8859999775886536,
    0.8009999990463257,
    0.8669999837875366,
    0.5979999899864197,
    0.8240000009536743,
    0.8849999904632568,
    0.8700000047683716,
    0.8999999761581421
  ]
}