{
  "epoch": 34,
  "train_loss": 0.37431678454132034,
  "train_acc": 0.86882,
  "test_loss": 0.45787357330322265,
  "test_acc": 0.8676,
  "test_ece": 0.024043908342719078,
  "test_entropy": 0.4117136299610138,
  "bin_accuracies": [
    0.0,
    0.0,
    0.0,
    0.4,
    0.25925925925925924,
    0.32038834951456313,
    0.4375,
    0.5,
    0.5307125307125307,
    0.6590389016018307,
    0.7309833024118738,
    0.8190224570673712,
    0.8917306052855924,
    0.9313959028108623,
    0.9788146279949559
  ],
  "bin_confidences": [
    0.0,
    0.0,
    0.0,
    0.2510349452495575,
    0.30826589465141296,
    0.3688927888870239,
    0.4364716112613678,
    0.5062283873558044,
    0.5663961172103882,
    0.6357156038284302,
    0.7019256949424744,
    0.768861711025238,
    0.8353697061538696,
    0.9032838940620422,
    0.9718273282051086
  ],
  "bin_counts": [
    0.0,
    0.0,
    0.0,
    5.0,
    27.0,
    103.0,
    160.0,
    328.0,
    407.0,
    437.0,
    539.0,
    757.0,
    1173.0,
    2099.0,
    3965.0
  ],
  "per_class_acc": [
    0.8420000076293945,
    0.8489999771118164,
    0.824999988079071,
    0.8130000233650208,
    0.859000027179718,
    0.75,
    0.9240000247955322,
    0.9070000052452087,
    0.9649999737739563,
    0.9419999718666077
  ]
}