{
  "train_loss": [
    1.7113320391501308,
    1.3325452396022084,
    1.1778346990685329,
    1.0756912725355925,
    0.9983893792952419,
    0.9386096284212664,
    0.9025401709329747,
    0.8689760155689991,
    0.8340598994203846,
    0.8032453104358195,
    0.7801761957995422,
    0.7577754425270783,
    0.7418084121726053,
    0.7252628836790314,
    0.7064387865383607,
    0.6935392320918305,
    0.6837920930684375,
    0.6629437413971747,
    0.6542185471795708,
    0.6441388090553186,
    0.6344689509600324,
    0.6237798965038241,
    0.6130374083128731,
    0.6018581838559007,
    0.5956710887991864,
    0.5906921125891264,
    0.5828661353844206,
    0.571934050916101,
    0.567628343163244,
    0.5618844754860529,
    0.5546400417452273,
    0.5478769966098659,
    0.5399191282746737,
    0.5312777817096856,
    0.47196245963311256,
    0.44816324846518923,
    0.43877300429527105,
    0.42973037967291633,
    0.4273345769976106,
    0.41985015582550517,
    0.41326246503978736,
    0.3672796951992737,
    0.3496793622479719,
    0.33920729087899104,
    0.3300359195760449,
    0.3227474804958114,
    0.313781874487772,
    0.2790776155412654,
    0.2653875523211096,
    0.25639820720076256
  ],
  "train_acc": [
    0.36052,
    0.48978,
    0.54604,
    0.58474,
    0.61378,
    0.63982,
    0.6492,
    0.66074,
    0.67522,
    0.6864,
    0.69392,
    0.7022,
    0.70592,
    0.7137,
    0.71998,
    0.7236,
    0.7291,
    0.73594,
    0.73852,
    0.73966,
    0.74432,
    0.74824,
    0.75254,
    0.75716,
    0.75886,
    0.76174,
    0.76348,
    0.76898,
    0.76788,
    0.76942,
    0.7729,
    0.77668,
    0.779,
    0.78132,
    0.80324,
    0.81282,
    0.816,
    0.81848,
    0.81986,
    0.82472,
    0.82654,
    0.84804,
    0.85558,
    0.85966,
    0.86336,
    0.8673,
    0.86988,
    0.8864,
    0.8933,
    0.8975
  ],
  "test_loss": [
    1.3131914019584656,
    1.1856588542461395,
    0.9556897157430648,
    0.9165070229768753,
    0.8046142148971558,
    0.8620307922363282,
    0.748339538872242,
    0.7189689323306083,
    0.8836980986595154,
    0.6555530491471291,
    0.6893437966704369,
    0.6753132191300392,
    0.7158893996477127,
    0.5973624500632286,
    0.5919748571515083,
    0.5882551303505897,
    0.6505641278624534,
    0.636362552344799,
    0.613013386130333,
    0.6089958855509758,
    0.5689768704771996,
    0.5542302611470222,
    0.6179330679774284,
    0.5554949942231179,
    0.5594568499922752,
    0.6004260283708572,
    0.5620955029129981,
    0.5535698935389519,
    0.5765296205878258,
    0.5724641227722168,
    0.5580602365732193,
    0.5673680356144906,
    0.5700689759850502,
    0.553664177954197,
    0.49222973495721817,
    0.5070148044824601,
    0.5018169212341309,
    0.5345703390240669,
    0.5268290269374848,
    0.5153757160902024,
    0.5475844967365265,
    0.5020196089148521,
    0.5198538860678673,
    0.545216611623764,
    0.5195220199227333,
    0.5813842010498047,
    0.6087937995791435,
    0.5878524526953697,
    0.5575569024682046,
    0.6029129460453987
  ],
  "test_acc": [
    0.5128,
    0.5666,
    0.6563,
    0.6782,
    0.7095,
    0.7143,
    0.7654,
    0.769,
    0.714,
    0.8018,
    0.7403,
    0.8041,
    0.7899,
    0.825,
    0.8118,
    0.8242,
    0.8178,
    0.8016,
    0.7981,
    0.8164,
    0.8266,
    0.8438,
    0.836,
    0.8531,
    0.8424,
    0.8395,
    0.8469,
    0.8317,
    0.8311,
    0.8271,
    0.8284,
    0.85,
    0.8394,
    0.8516,
    0.8621,
    0.8398,
    0.8529,
    0.8276,
    0.8331,
    0.8474,
    0.8322,
    0.8491,
    0.8323,
    0.82,
    0.8364,
    0.8065,
    0.7956,
    0.8048,
    0.8188,
    0.802
  ],
  "test_ece": [
    0.01958041824400425,
    0.03541643172502518,
    0.02832541987299919,
    0.0358133390545845,
    0.04277892783284187,
    0.053383003920316696,
    0.08555488288402557,
    0.07066952437162399,
    0.05069428309798241,
    0.09999927133321762,
    0.03785904496908188,
    0.10833068192005157,
    0.09402139484882355,
    0.08311983197927475,
    0.0780315175652504,
    0.08018770068883896,
    0.10465635359287262,
    0.06511380523443222,
    0.0720297247171402,
    0.07454267144203186,
    0.0675448551774025,
    0.08494093269109726,
    0.07679308950901031,
    0.09252741187810898,
    0.09272540360689163,
    0.10427753627300262,
    0.08060897141695023,
    0.07067347317934036,
    0.08630798757076263,
    0.057963598519563675,
    0.07243121415376663,
    0.08111380785703659,
    0.0750628411769867,
    0.09913075715303421,
    0.07824963331222534,
    0.05212121456861496,
    0.07148266583681107,
    0.04905490577220917,
    0.0391123965382576,
    0.05149487406015396,
    0.05461039021611214,
    0.03855747729539871,
    0.03477899357676506,
    0.016017921268939972,
    0.017538517713546753,
    0.02673940733075142,
    0.03200759366154671,
    0.03461195528507233,
    0.03712603077292442,
    0.04586458206176758
  ],
  "test_entropy": [
    1.2501481771469116,
    1.0851675271987915,
    0.8967089056968689,
    0.8708008527755737,
    0.8376925587654114,
    0.8144882321357727,
    0.7861588597297668,
    0.7535660266876221,
    0.8030259013175964,
    0.7362494468688965,
    0.6732910871505737,
    0.7373465895652771,
    0.718728244304657,
    0.6546551585197449,
    0.6472089290618896,
    0.6352286338806152,
    0.6866655945777893,
    0.6462629437446594,
    0.6383041143417358,
    0.6112224459648132,
    0.5932392477989197,
    0.5976743102073669,
    0.5976497530937195,
    0.5728158354759216,
    0.5801934599876404,
    0.6128796935081482,
    0.5751659274101257,
    0.5685696005821228,
    0.5739588737487793,
    0.5504244565963745,
    0.5695886015892029,
    0.5633521676063538,
    0.5475687980651855,
    0.5738817453384399,
    0.5147491097450256,
    0.4969334006309509,
    0.503793478012085,
    0.4978415071964264,
    0.4750330150127411,
    0.47168809175491333,
    0.49556317925453186,
    0.44235703349113464,
    0.4379453659057617,
    0.4258931279182434,
    0.39762598276138306,
    0.4268803298473358,
    0.4077949821949005,
    0.3925011456012726,
    0.3591032028198242,
    0.3717755973339081
  ],
  "epoch_time": [
    26.68528437614441,
    26.720839023590088,
    26.72817635536194,
    26.68589735031128,
    26.724762678146362,
    26.728351354599,
    26.71618628501892,
    26.713140964508057,
    26.70150852203369,
    26.710824251174927,
    26.855184316635132,
    26.71556854248047,
    26.779229402542114,
    26.770747661590576,
    26.775883674621582,
    26.747356176376343,
    26.75760531425476,
    26.726102113723755,
    26.78656816482544,
    26.812206029891968,
    26.70745062828064,
    26.72501277923584,
    26.730538845062256,
    26.723780632019043,
    26.804375171661377,
    26.71232557296753,
    26.735936164855957,
    27.03916573524475,
    26.73031449317932,
    26.72590708732605,
    26.96832823753357,
    26.764202117919922,
    26.740413904190063,
    26.798249006271362,
    26.80713677406311,
    26.768845796585083,
    26.759825468063354,
    26.76220965385437,
    26.749523639678955,
    26.753759145736694,
    26.778228282928467,
    26.75261116027832,
    26.808631896972656,
    26.74687623977661,
    26.725064992904663,
    26.807010412216187,
    26.76248073577881,
    26.749003410339355,
    26.776991844177246,
    26.76512885093689
  ]
}