{
  "epoch": 6,
  "train_loss": 0.9025401709329747,
  "train_acc": 0.6492,
  "test_loss": 0.748339538872242,
  "test_acc": 0.7654,
  "test_ece": 0.08555488288402557,
  "test_entropy": 0.7861588597297668,
  "bin_accuracies": [
    0.0,
    0.0,
    0.0,
    0.38666666666666666,
    0.31399317406143346,
    0.40224719101123596,
    0.4258289703315881,
    0.5221621621621622,
    0.6248888888888889,
    0.7774869109947644,
    0.8544949026876738,
    0.9022185702547247,
    0.9516129032258065,
    0.9742857142857143,
    0.9855643044619422
  ],
  "bin_confidences": [
    0.0,
    0.0,
    0.18621361255645752,
    0.243333637714386,
    0.303168386220932,
    0.3679252564907074,
    0.434650719165802,
    0.5041162967681885,
    0.5668525099754333,
    0.6336422562599182,
    0.7006102204322815,
    0.7667383551597595,
    0.8330737948417664,
    0.8962381482124329,
    0.9779921174049377
  ],
  "bin_counts": [
    0.0,
    0.0,
    8.0,
    75.0,
    293.0,
    445.0,
    573.0,
    925.0,
    1125.0,
    1146.0,
    1079.0,
    1217.0,
    1302.0,
    1050.0,
    762.0
  ],
  "per_class_acc": [
    0.8399999737739563,
    0.9240000247955322,
    0.6840000152587891,
    0.531000018119812,
    0.6359999775886536,
    0.824999988079071,
    0.8349999785423279,
    0.7680000066757202,
    0.7239999771118164,
    0.8870000243186951
  ]
}