{
  "epoch": 17,
  "train_loss": 0.6629437413971747,
  "train_acc": 0.73594,
  "test_loss": 0.636362552344799,
  "test_acc": 0.8016,
  "test_ece": 0.06511380523443222,
  "test_entropy": 0.6462629437446594,
  "bin_accuracies": [
    0.0,
    0.0,
    0.0,
    0.2777777777777778,
    0.38095238095238093,
    0.34509803921568627,
    0.43617021276595747,
    0.5085470085470085,
    0.5979142526071842,
    0.7203742203742204,
    0.8083121289228159,
    0.9037037037037037,
    0.9119278779472955,
    0.9633747547416612,
    0.9786535303776683
  ],
  "bin_confidences": [
    0.0,
    0.0,
    0.19620569050312042,
    0.2491050362586975,
    0.30622604489326477,
    0.37023746967315674,
    0.43571737408638,
    0.5045994520187378,
    0.5659944415092468,
    0.634703516960144,
    0.7007759213447571,
    0.7668089866638184,
    0.8335052132606506,
    0.8995422720909119,
    0.9778437614440918
  ],
  "bin_counts": [
    0.0,
    0.0,
    1.0,
    18.0,
    105.0,
    255.0,
    376.0,
    702.0,
    863.0,
    962.0,
    1179.0,
    1350.0,
    1442.0,
    1529.0,
    1218.0
  ],
  "per_class_acc": [
    0.8339999914169312,
    0.9350000023841858,
    0.6639999747276306,
    0.7689999938011169,
    0.9470000267028809,
    0.6480000019073486,
    0.9290000200271606,
    0.5630000233650208,
    0.9539999961853027,
    0.7730000019073486
  ]
}