{
  "epoch": 24,
  "train_loss": 0.5956710887991864,
  "train_acc": 0.75886,
  "test_loss": 0.5594568499922752,
  "test_acc": 0.8424,
  "test_ece": 0.09272540360689163,
  "test_entropy": 0.5801934599876404,
  "bin_accuracies": [
    0.0,
    0.0,
    0.0,
    0.35714285714285715,
    0.3595505617977528,
    0.34502923976608185,
    0.43873517786561267,
    0.5440677966101695,
    0.657074340527578,
    0.7671092951991828,
    0.8639004149377594,
    0.9110294117647059,
    0.9444093493367025,
    0.9636711281070746,
    0.9682187730968219
  ],
  "bin_confidences": [
    0.0,
    0.0,
    0.0,
    0.2415464073419571,
    0.3077264130115509,
    0.36786964535713196,
    0.4341784715652466,
    0.5067644715309143,
    0.5658215284347534,
    0.6335626840591431,
    0.7003908753395081,
    0.7673068642616272,
    0.8341463208198547,
    0.8980189561843872,
    0.9808279871940613
  ],
  "bin_counts": [
    0.0,
    0.0,
    0.0,
    14.0,
    89.0,
    171.0,
    253.0,
    590.0,
    834.0,
    979.0,
    1205.0,
    1360.0,
    1583.0,
    1569.0,
    1353.0
  ],
  "per_class_acc": [
    0.9190000295639038,
    0.8370000123977661,
    0.6510000228881836,
    0.7239999771118164,
    0.8149999976158142,
    0.7639999985694885,
    0.9520000219345093,
    0.9160000085830688,
    0.9070000052452087,
    0.9390000104904175
  ]
}