{
  "epoch": 0,
  "train_loss": 1.7113320391501308,
  "train_acc": 0.36052,
  "test_loss": 1.3131914019584656,
  "test_acc": 0.5128,
  "test_ece": 0.01958041824400425,
  "test_entropy": 1.2501481771469116,
  "bin_accuracies": [
    0.0,
    0.0,
    0.22413793103448276,
    0.2387218045112782,
    0.2920268972142171,
    0.34395973154362414,
    0.4319868095630668,
    0.45098039215686275,
    0.5402010050251256,
    0.6330935251798561,
    0.660069848661234,
    0.7587253414264037,
    0.8333333333333334,
    0.871900826446281,
    0.9176954732510288
  ],
  "bin_confidences": [
    0.0,
    0.0,
    0.1872054934501648,
    0.24084168672561646,
    0.30267950892448425,
    0.3658398985862732,
    0.43382078409194946,
    0.49979549646377563,
    0.566180944442749,
    0.6329187750816345,
    0.699135422706604,
    0.7639180421829224,
    0.8307144045829773,
    0.8942475318908691,
    0.9736970067024231
  ],
  "bin_counts": [
    0.0,
    0.0,
    58.0,
    532.0,
    1041.0,
    1192.0,
    1213.0,
    1326.0,
    1194.0,
    973.0,
    859.0,
    659.0,
    468.0,
    242.0,
    243.0
  ],
  "per_class_acc": [
    0.7649999856948853,
    0.7459999918937683,
    0.382999986410141,
    0.08799999952316284,
    0.3919999897480011,
    0.781000018119812,
    0.7250000238418579,
    0.3569999933242798,
    0.3720000088214874,
    0.5189999938011169
  ]
}