{
  "epoch": 49,
  "train_loss": 0.25639820720076256,
  "train_acc": 0.8975,
  "test_loss": 0.6029129460453987,
  "test_acc": 0.802,
  "test_ece": 0.04586458206176758,
  "test_entropy": 0.3717755973339081,
  "bin_accuracies": [
    0.0,
    0.0,
    0.0,
    0.6666666666666666,
    0.0,
    0.32653061224489793,
    0.4479166666666667,
    0.4696132596685083,
    0.5390070921985816,
    0.5873261205564142,
    0.661608497723824,
    0.7298701298701299,
    0.7954091816367266,
    0.8401920438957476,
    0.9339277549154092
  ],
  "bin_confidences": [
    0.0,
    0.0,
    0.0,
    0.24948275089263916,
    0.3064887523651123,
    0.3696717619895935,
    0.4358218014240265,
    0.5112913250923157,
    0.5681522488594055,
    0.6330284476280212,
    0.700634241104126,
    0.768791913986206,
    0.8346766233444214,
    0.9025165438652039,
    0.9801582098007202
  ],
  "bin_counts": [
    0.0,
    0.0,
    0.0,
    3.0,
    16.0,
    49.0,
    96.0,
    362.0,
    564.0,
    647.0,
    659.0,
    770.0,
    1002.0,
    1458.0,
    4374.0
  ],
  "per_class_acc": [
    0.7039999961853027,
    0.878000020980835,
    0.8320000171661377,
    0.6299999952316284,
    0.8460000157356262,
    0.7639999985694885,
    0.9430000185966492,
    0.8009999990463257,
    0.8349999785423279,
    0.7870000004768372
  ]
}