{
  "epoch": 2,
  "train_loss": 1.1778346990685329,
  "train_acc": 0.54604,
  "test_loss": 0.9556897157430648,
  "test_acc": 0.6563,
  "test_ece": 0.02832541987299919,
  "test_entropy": 0.8967089056968689,
  "bin_accuracies": [
    0.0,
    0.0,
    0.07692307692307693,
    0.248,
    0.30434782608695654,
    0.34444444444444444,
    0.38722826086956524,
    0.4892933618843683,
    0.5340364333652924,
    0.5870646766169154,
    0.6904083570750238,
    0.7782846715328468,
    0.8971518987341772,
    0.9172346640701071,
    0.9516837481698389
  ],
  "bin_confidences": [
    0.0,
    0.0,
    0.18669933080673218,
    0.24095895886421204,
    0.30429548025131226,
    0.3685169219970703,
    0.43465298414230347,
    0.5003583431243896,
    0.5664656162261963,
    0.6334863901138306,
    0.7007516026496887,
    0.767764687538147,
    0.8335317969322205,
    0.8966456651687622,
    0.975199818611145
  ],
  "bin_counts": [
    0.0,
    0.0,
    13.0,
    125.0,
    391.0,
    630.0,
    736.0,
    934.0,
    1043.0,
    1005.0,
    1053.0,
    1096.0,
    1264.0,
    1027.0,
    683.0
  ],
  "per_class_acc": [
    0.8009999990463257,
    0.8519999980926514,
    0.35499998927116394,
    0.1080000028014183,
    0.5289999842643738,
    0.8840000033378601,
    0.8510000109672546,
    0.6010000109672546,
    0.7760000228881836,
    0.8059999942779541
  ]
}