{
  "epoch": 4,
  "train_loss": 0.9983893792952419,
  "train_acc": 0.61378,
  "test_loss": 0.8046142148971558,
  "test_acc": 0.7095,
  "test_ece": 0.04277892783284187,
  "test_entropy": 0.8376925587654114,
  "bin_accuracies": [
    0.0,
    0.0,
    0.0,
    0.1826086956521739,
    0.2870662460567823,
    0.3950381679389313,
    0.4449612403100775,
    0.5107376283846872,
    0.6090026478375993,
    0.6666666666666666,
    0.76497277676951,
    0.8450844091360477,
    0.9061662198391421,
    0.9563894523326572,
    0.9844961240310077
  ],
  "bin_confidences": [
    0.0,
    0.0,
    0.18198902904987335,
    0.2425457239151001,
    0.3051466643810272,
    0.3680671453475952,
    0.43451082706451416,
    0.5038176774978638,
    0.5661295652389526,
    0.6329706311225891,
    0.7001740336418152,
    0.7676967978477478,
    0.8338741660118103,
    0.8984630107879639,
    0.9699325561523438
  ],
  "bin_counts": [
    0.0,
    0.0,
    10.0,
    115.0,
    317.0,
    524.0,
    645.0,
    1071.0,
    1133.0,
    1068.0,
    1102.0,
    1007.0,
    1119.0,
    986.0,
    903.0
  ],
  "per_class_acc": [
    0.7300000190734863,
    0.40299999713897705,
    0.6859999895095825,
    0.4950000047683716,
    0.8389999866485596,
    0.7409999966621399,
    0.8429999947547913,
    0.5669999718666077,
    0.8889999985694885,
    0.9020000100135803
  ]
}