{
  "epoch": 15,
  "train_loss": 0.6935392320918305,
  "train_acc": 0.7236,
  "test_loss": 0.5882551303505897,
  "test_acc": 0.8242,
  "test_ece": 0.08018770068883896,
  "test_entropy": 0.6352286338806152,
  "bin_accuracies": [
    0.0,
    0.0,
    0.5,
    0.29411764705882354,
    0.36645962732919257,
    0.44015444015444016,
    0.44692737430167595,
    0.49921011058451814,
    0.6072319201995012,
    0.7260765550239234,
    0.8373493975903614,
    0.8950042337002541,
    0.9636135508155583,
    0.9798761609907121,
    0.9730866274179983
  ],
  "bin_confidences": [
    0.0,
    0.0,
    0.18933188915252686,
    0.2461080700159073,
    0.305210143327713,
    0.3696742057800293,
    0.4355611205101013,
    0.5029804110527039,
    0.5669313669204712,
    0.6339492201805115,
    0.7003389596939087,
    0.7679473161697388,
    0.8351119756698608,
    0.8985733985900879,
    0.9781158566474915
  ],
  "bin_counts": [
    0.0,
    0.0,
    2.0,
    51.0,
    161.0,
    259.0,
    358.0,
    633.0,
    802.0,
    836.0,
    996.0,
    1181.0,
    1594.0,
    1938.0,
    1189.0
  ],
  "per_class_acc": [
    0.8980000019073486,
    0.9330000281333923,
    0.8119999766349792,
    0.4650000035762787,
    0.6449999809265137,
    0.8519999980926514,
    0.9269999861717224,
    0.878000020980835,
    0.9430000185966492,
    0.8889999985694885
  ]
}