{
  "epoch": 12,
  "train_loss": 0.7418084121726053,
  "train_acc": 0.70592,
  "test_loss": 0.7158893996477127,
  "test_acc": 0.7899,
  "test_ece": 0.09402139484882355,
  "test_entropy": 0.718728244304657,
  "bin_accuracies": [
    0.0,
    0.0,
    1.0,
    0.25862068965517243,
    0.3567251461988304,
    0.4132231404958678,
    0.4482758620689655,
    0.5477075588599752,
    0.61875,
    0.7713523131672598,
    0.8699646643109541,
    0.9057829759584145,
    0.9362041467304625,
    0.9506726457399103,
    0.9448979591836735
  ],
  "bin_confidences": [
    0.0,
    0.0,
    0.19183233380317688,
    0.24319177865982056,
    0.30337515473365784,
    0.3684454560279846,
    0.43507957458496094,
    0.5053876042366028,
    0.5681478977203369,
    0.635070264339447,
    0.702084481716156,
    0.7660154104232788,
    0.832766592502594,
    0.8959891200065613,
    0.9852381348609924
  ],
  "bin_counts": [
    0.0,
    0.0,
    2.0,
    58.0,
    171.0,
    363.0,
    435.0,
    807.0,
    960.0,
    1124.0,
    1415.0,
    1539.0,
    1254.0,
    892.0,
    980.0
  ],
  "per_class_acc": [
    0.8769999742507935,
    0.9359999895095825,
    0.7710000276565552,
    0.7590000033378601,
    0.7099999785423279,
    0.4339999854564667,
    0.8999999761581421,
    0.7789999842643738,
    0.8629999756813049,
    0.8700000047683716
  ]
}