{
  "epoch": 47,
  "train_loss": 0.2790776155412654,
  "train_acc": 0.8864,
  "test_loss": 0.5878524526953697,
  "test_acc": 0.8048,
  "test_ece": 0.03461195528507233,
  "test_entropy": 0.3925011456012726,
  "bin_accuracies": [
    0.0,
    0.0,
    0.0,
    0.0,
    0.2631578947368421,
    0.32653061224489793,
    0.29292929292929293,
    0.4728682170542636,
    0.4984423676012461,
    0.6183206106870229,
    0.7209612817089452,
    0.7664319248826291,
    0.8113382899628253,
    0.8710106382978723,
    0.9359879032258065
  ],
  "bin_confidences": [
    0.0,
    0.0,
    0.0,
    0.0,
    0.3077622652053833,
    0.3717123866081238,
    0.43901169300079346,
    0.5104313492774963,
    0.5658319592475891,
    0.634983241558075,
    0.6999577879905701,
    0.7678271532058716,
    0.8354043960571289,
    0.902874231338501,
    0.97861248254776
  ],
  "bin_counts": [
    0.0,
    0.0,
    0.0,
    0.0,
    19.0,
    49.0,
    99.0,
    387.0,
    642.0,
    655.0,
    749.0,
    852.0,
    1076.0,
    1504.0,
    3968.0
  ],
  "per_class_acc": [
    0.8259999752044678,
    0.8149999976158142,
    0.7450000047683716,
    0.800000011920929,
    0.8370000123977661,
    0.6169999837875366,
    0.9300000071525574,
    0.7850000262260437,
    0.8550000190734863,
    0.8379999995231628
  ]
}