{
  "epoch": 9,
  "train_loss": 0.8032453104358195,
  "train_acc": 0.6864,
  "test_loss": 0.6555530491471291,
  "test_acc": 0.8018,
  "test_ece": 0.09999927133321762,
  "test_entropy": 0.7362494468688965,
  "bin_accuracies": [
    0.0,
    0.0,
    0.3333333333333333,
    0.234375,
    0.38461538461538464,
    0.3805774278215223,
    0.4856512141280353,
    0.5730337078651685,
    0.6578947368421053,
    0.7703488372093024,
    0.8511354079058032,
    0.9216073781291173,
    0.9555863983344899,
    0.9742533470648815,
    0.9791894852135816
  ],
  "bin_confidences": [
    0.0,
    0.0,
    0.19143091142177582,
    0.24147185683250427,
    0.30570968985557556,
    0.36898690462112427,
    0.4362456798553467,
    0.5023133158683777,
    0.5673345327377319,
    0.6340515613555908,
    0.7008972764015198,
    0.7671346068382263,
    0.8314263224601746,
    0.8988124132156372,
    0.9796189665794373
  ],
  "bin_counts": [
    0.0,
    0.0,
    3.0,
    64.0,
    208.0,
    381.0,
    453.0,
    801.0,
    1026.0,
    1032.0,
    1189.0,
    1518.0,
    1441.0,
    971.0,
    913.0
  ],
  "per_class_acc": [
    0.8299999833106995,
    0.7730000019073486,
    0.6869999766349792,
    0.7720000147819519,
    0.7509999871253967,
    0.5680000185966492,
    0.9049999713897705,
    0.8730000257492065,
    0.9110000133514404,
    0.9480000138282776
  ]
}