{
  "epoch": 46,
  "train_loss": 0.313781874487772,
  "train_acc": 0.86988,
  "test_loss": 0.6087937995791435,
  "test_acc": 0.7956,
  "test_ece": 0.03200759366154671,
  "test_entropy": 0.4077949821949005,
  "bin_accuracies": [
    0.0,
    0.0,
    0.0,
    0.0,
    0.16,
    0.2727272727272727,
    0.42424242424242425,
    0.5072463768115942,
    0.5528571428571428,
    0.6368638239339752,
    0.680628272251309,
    0.7525539160045402,
    0.8044315992292871,
    0.8574324324324324,
    0.933579335793358
  ],
  "bin_confidences": [
    0.0,
    0.0,
    0.0,
    0.24923798441886902,
    0.30432018637657166,
    0.37545138597488403,
    0.436949759721756,
    0.5097745656967163,
    0.5674461126327515,
    0.6342709064483643,
    0.7006978392601013,
    0.7676720023155212,
    0.8354706764221191,
    0.9013441205024719,
    0.9778708219528198
  ],
  "bin_counts": [
    0.0,
    0.0,
    0.0,
    1.0,
    25.0,
    77.0,
    99.0,
    414.0,
    700.0,
    727.0,
    764.0,
    881.0,
    1038.0,
    1480.0,
    3794.0
  ],
  "per_class_acc": [
    0.8769999742507935,
    0.8939999938011169,
    0.6480000019073486,
    0.8019999861717224,
    0.8989999890327454,
    0.6389999985694885,
    0.9070000052452087,
    0.7179999947547913,
    0.7360000014305115,
    0.8360000252723694
  ]
}