{
  "epoch": 31,
  "train_loss": 0.5478769966098659,
  "train_acc": 0.77668,
  "test_loss": 0.5673680356144906,
  "test_acc": 0.85,
  "test_ece": 0.08111380785703659,
  "test_entropy": 0.5633521676063538,
  "bin_accuracies": [
    0.0,
    0.0,
    0.0,
    0.21428571428571427,
    0.38666666666666666,
    0.36477987421383645,
    0.423728813559322,
    0.5195652173913043,
    0.6333830104321908,
    0.7404674046740467,
    0.8154463390170511,
    0.8980150581793293,
    0.9436274509803921,
    0.9649495485926712,
    0.9882451721242653
  ],
  "bin_confidences": [
    0.0,
    0.0,
    0.0,
    0.24253976345062256,
    0.30520910024642944,
    0.36897456645965576,
    0.4355243146419525,
    0.50588458776474,
    0.566695511341095,
    0.6340925693511963,
    0.7020164728164673,
    0.7680965065956116,
    0.8344811797142029,
    0.8975468873977661,
    0.978855311870575
  ],
  "bin_counts": [
    0.0,
    0.0,
    0.0,
    14.0,
    75.0,
    159.0,
    236.0,
    460.0,
    671.0,
    813.0,
    997.0,
    1461.0,
    2040.0,
    1883.0,
    1191.0
  ],
  "per_class_acc": [
    0.9139999747276306,
    0.8709999918937683,
    0.7229999899864197,
    0.6899999976158142,
    0.828000009059906,
    0.777999997138977,
    0.8920000195503235,
    0.9570000171661377,
    0.9010000228881836,
    0.9459999799728394
  ]
}