{
  "epoch": 32,
  "train_loss": 0.5399191282746737,
  "train_acc": 0.779,
  "test_loss": 0.5700689759850502,
  "test_acc": 0.8394,
  "test_ece": 0.0750628411769867,
  "test_entropy": 0.5475687980651855,
  "bin_accuracies": [
    0.0,
    0.0,
    1.0,
    0.25,
    0.26865671641791045,
    0.3472222222222222,
    0.42152466367713004,
    0.47769516728624534,
    0.601078167115903,
    0.740979381443299,
    0.8023952095808383,
    0.9018126888217523,
    0.9403938265034593,
    0.9664650907091809,
    0.9648885887913572
  ],
  "bin_confidences": [
    0.0,
    0.0,
    0.18974828720092773,
    0.24311353266239166,
    0.3086858093738556,
    0.37046539783477783,
    0.43652501702308655,
    0.5070688724517822,
    0.5676772594451904,
    0.6344364881515503,
    0.7018845677375793,
    0.7691185474395752,
    0.8347036838531494,
    0.8992833495140076,
    0.9783650636672974
  ],
  "bin_counts": [
    0.0,
    0.0,
    1.0,
    4.0,
    67.0,
    144.0,
    223.0,
    538.0,
    742.0,
    776.0,
    1002.0,
    1324.0,
    1879.0,
    1819.0,
    1481.0
  ],
  "per_class_acc": [
    0.8790000081062317,
    0.9490000009536743,
    0.871999979019165,
    0.6710000038146973,
    0.6660000085830688,
    0.7179999947547913,
    0.9380000233650208,
    0.9240000247955322,
    0.9359999895095825,
    0.8410000205039978
  ]
}