{
  "epoch": 5,
  "train_loss": 0.9386096284212664,
  "train_acc": 0.63982,
  "test_loss": 0.8620307922363282,
  "test_acc": 0.7143,
  "test_ece": 0.053383003920316696,
  "test_entropy": 0.8144882321357727,
  "bin_accuracies": [
    0.0,
    0.0,
    0.1111111111111111,
    0.25892857142857145,
    0.3181818181818182,
    0.3117408906882591,
    0.4260869565217391,
    0.4955223880597015,
    0.5992939099735216,
    0.7171350861287398,
    0.776536312849162,
    0.853595890410959,
    0.9238013698630136,
    0.9417879417879418,
    0.9515570934256056
  ],
  "bin_confidences": [
    0.0,
    0.0,
    0.18390432000160217,
    0.24380789697170258,
    0.30390259623527527,
    0.36864012479782104,
    0.43286383152008057,
    0.504666805267334,
    0.5664911270141602,
    0.6326294541358948,
    0.6999757289886475,
    0.7671793103218079,
    0.833764374256134,
    0.8972623348236084,
    0.9792853593826294
  ],
  "bin_counts": [
    0.0,
    0.0,
    9.0,
    112.0,
    330.0,
    494.0,
    575.0,
    1005.0,
    1133.0,
    1103.0,
    1074.0,
    1168.0,
    1168.0,
    962.0,
    867.0
  ],
  "per_class_acc": [
    0.6010000109672546,
    0.8809999823570251,
    0.7799999713897705,
    0.23100000619888306,
    0.8429999947547913,
    0.6209999918937683,
    0.875,
    0.5789999961853027,
    0.8960000276565552,
    0.8360000252723694
  ]
}