{
  "epoch": 1,
  "train_loss": 1.3325452396022084,
  "train_acc": 0.48978,
  "test_loss": 1.1856588542461395,
  "test_acc": 0.5666,
  "test_ece": 0.03541643172502518,
  "test_entropy": 1.0851675271987915,
  "bin_accuracies": [
    0.0,
    0.0,
    0.1935483870967742,
    0.2463768115942029,
    0.2624113475177305,
    0.3531317494600432,
    0.38811881188118813,
    0.4659400544959128,
    0.5338645418326693,
    0.6172718351324828,
    0.6829745596868885,
    0.7434077079107505,
    0.7471116816431322,
    0.7855787476280834,
    0.9495114006514658
  ],
  "bin_confidences": [
    0.0,
    0.0,
    0.18386539816856384,
    0.24067389965057373,
    0.3033674657344818,
    0.3684994876384735,
    0.43250828981399536,
    0.5001335740089417,
    0.5652525424957275,
    0.633706271648407,
    0.700243353843689,
    0.7662244439125061,
    0.8313847184181213,
    0.8981879353523254,
    0.9711832404136658
  ],
  "bin_counts": [
    0.0,
    0.0,
    31.0,
    276.0,
    705.0,
    926.0,
    1010.0,
    1101.0,
    1004.0,
    1019.0,
    1022.0,
    986.0,
    779.0,
    527.0,
    614.0
  ],
  "per_class_acc": [
    0.6200000047683716,
    0.8069999814033508,
    0.6919999718666077,
    0.05400000140070915,
    0.4729999899864197,
    0.7390000224113464,
    0.8080000281333923,
    0.6610000133514404,
    0.7440000176429749,
    0.06800000369548798
  ]
}