{
  "epoch": 48,
  "train_loss": 0.2653875523211096,
  "train_acc": 0.8933,
  "test_loss": 0.5575569024682046,
  "test_acc": 0.8188,
  "test_ece": 0.03712603077292442,
  "test_entropy": 0.3591032028198242,
  "bin_accuracies": [
    0.0,
    0.0,
    0.0,
    0.0,
    0.25,
    0.27906976744186046,
    0.36082474226804123,
    0.45,
    0.5248091603053435,
    0.5944540727902946,
    0.6781411359724613,
    0.7322623828647925,
    0.8097207859358841,
    0.8631284916201117,
    0.9416666666666667
  ],
  "bin_confidences": [
    0.0,
    0.0,
    0.0,
    0.0,
    0.30510997772216797,
    0.36867988109588623,
    0.4355240762233734,
    0.5100076794624329,
    0.5656612515449524,
    0.6333475112915039,
    0.7005203366279602,
    0.767236590385437,
    0.8339101076126099,
    0.9043503999710083,
    0.978780210018158
  ],
  "bin_counts": [
    0.0,
    0.0,
    0.0,
    0.0,
    12.0,
    43.0,
    97.0,
    340.0,
    524.0,
    577.0,
    581.0,
    747.0,
    967.0,
    1432.0,
    4680.0
  ],
  "per_class_acc": [
    0.8619999885559082,
    0.9110000133514404,
    0.75,
    0.7160000205039978,
    0.8230000138282776,
    0.7009999752044678,
    0.9470000267028809,
    0.800000011920929,
    0.8980000019073486,
    0.7799999713897705
  ]
}