{
  "epoch": 13,
  "train_loss": 0.7252628836790314,
  "train_acc": 0.7137,
  "test_loss": 0.5973624500632286,
  "test_acc": 0.825,
  "test_ece": 0.08311983197927475,
  "test_entropy": 0.6546551585197449,
  "bin_accuracies": [
    0.0,
    0.0,
    0.5,
    0.24489795918367346,
    0.3313953488372093,
    0.4,
    0.4821852731591449,
    0.5414634146341464,
    0.6589358799454298,
    0.7387173396674585,
    0.8167539267015707,
    0.9093655589123867,
    0.9426048565121413,
    0.9677230046948356,
    0.9803395889186773
  ],
  "bin_confidences": [
    0.0,
    0.0,
    0.1857384294271469,
    0.23874080181121826,
    0.3027211129665375,
    0.36771509051322937,
    0.43387171626091003,
    0.5049837827682495,
    0.5674792528152466,
    0.6334882378578186,
    0.700970470905304,
    0.7674520015716553,
    0.835017204284668,
    0.896974503993988,
    0.9765376448631287
  ],
  "bin_counts": [
    0.0,
    0.0,
    4.0,
    49.0,
    172.0,
    250.0,
    421.0,
    615.0,
    733.0,
    842.0,
    955.0,
    1324.0,
    1812.0,
    1704.0,
    1119.0
  ],
  "per_class_acc": [
    0.8019999861717224,
    0.9070000052452087,
    0.7459999918937683,
    0.39899998903274536,
    0.8989999890327454,
    0.8759999871253967,
    0.8709999918937683,
    0.8700000047683716,
    0.9290000200271606,
    0.9509999752044678
  ]
}