{
  "epoch": 30,
  "train_loss": 0.5546400417452273,
  "train_acc": 0.7729,
  "test_loss": 0.5580602365732193,
  "test_acc": 0.8284,
  "test_ece": 0.07243121415376663,
  "test_entropy": 0.5695886015892029,
  "bin_accuracies": [
    0.0,
    0.0,
    0.0,
    0.125,
    0.2727272727272727,
    0.3835616438356164,
    0.4230769230769231,
    0.5235507246376812,
    0.6014760147601476,
    0.7233400402414487,
    0.8458844133099825,
    0.8779822767552828,
    0.9347442680776014,
    0.9577363896848138,
    0.9714867617107943
  ],
  "bin_confidences": [
    0.0,
    0.0,
    0.0,
    0.24423862993717194,
    0.3067132234573364,
    0.3700907528400421,
    0.43594589829444885,
    0.508276104927063,
    0.5671188235282898,
    0.6341654658317566,
    0.7010903358459473,
    0.7676149010658264,
    0.833126425743103,
    0.899623692035675,
    0.9775546193122864
  ],
  "bin_counts": [
    0.0,
    0.0,
    0.0,
    16.0,
    66.0,
    146.0,
    234.0,
    552.0,
    813.0,
    994.0,
    1142.0,
    1467.0,
    1701.0,
    1396.0,
    1473.0
  ],
  "per_class_acc": [
    0.9190000295639038,
    0.9570000171661377,
    0.5400000214576721,
    0.8059999942779541,
    0.8600000143051147,
    0.7440000176429749,
    0.9340000152587891,
    0.7940000295639038,
    0.9229999780654907,
    0.8069999814033508
  ]
}