{
  "epoch": 26,
  "train_loss": 0.5828661353844206,
  "train_acc": 0.76348,
  "test_loss": 0.5620955029129981,
  "test_acc": 0.8469,
  "test_ece": 0.08060897141695023,
  "test_entropy": 0.5751659274101257,
  "bin_accuracies": [
    0.0,
    0.0,
    0.0,
    0.34782608695652173,
    0.29213483146067415,
    0.3756345177664975,
    0.41767068273092367,
    0.4831932773109244,
    0.6043276661514683,
    0.7337192474674384,
    0.8375527426160337,
    0.8952254641909815,
    0.9517003449975358,
    0.9694783573806881,
    0.9753731343283583
  ],
  "bin_confidences": [
    0.0,
    0.0,
    0.18757732212543488,
    0.24274668097496033,
    0.308417409658432,
    0.3684222102165222,
    0.4337553381919861,
    0.5039360523223877,
    0.5669140815734863,
    0.6352883577346802,
    0.7026599049568176,
    0.7685045599937439,
    0.8339482545852661,
    0.8968740105628967,
    0.9796916246414185
  ],
  "bin_counts": [
    0.0,
    0.0,
    1.0,
    23.0,
    89.0,
    197.0,
    249.0,
    476.0,
    647.0,
    691.0,
    948.0,
    1508.0,
    2029.0,
    1802.0,
    1340.0
  ],
  "per_class_acc": [
    0.8629999756813049,
    0.8880000114440918,
    0.6179999709129333,
    0.5960000157356262,
    0.8870000243186951,
    0.8450000286102295,
    0.9350000023841858,
    0.9390000104904175,
    0.9350000023841858,
    0.9629999995231628
  ]
}