{
  "epoch": 8,
  "train_loss": 0.8340598994203846,
  "train_acc": 0.67522,
  "test_loss": 0.8836980986595154,
  "test_acc": 0.714,
  "test_ece": 0.05069428309798241,
  "test_entropy": 0.8030259013175964,
  "bin_accuracies": [
    0.0,
    0.0,
    0.5,
    0.2916666666666667,
    0.2932692307692308,
    0.38990825688073394,
    0.4178082191780822,
    0.49624060150375937,
    0.5714285714285714,
    0.7290167865707434,
    0.7803921568627451,
    0.8749063670411985,
    0.9,
    0.9176626826029216,
    0.9775862068965517
  ],
  "bin_confidences": [
    0.0,
    0.0,
    0.17282211780548096,
    0.24455589056015015,
    0.3068865239620209,
    0.3706536889076233,
    0.43418705463409424,
    0.5051020979881287,
    0.5664272904396057,
    0.6335804462432861,
    0.7010489702224731,
    0.7674843072891235,
    0.8305609226226807,
    0.898668110370636,
    0.9669439792633057
  ],
  "bin_counts": [
    0.0,
    0.0,
    2.0,
    72.0,
    208.0,
    436.0,
    584.0,
    1064.0,
    1260.0,
    1251.0,
    1275.0,
    1335.0,
    1180.0,
    753.0,
    580.0
  ],
  "per_class_acc": [
    0.6430000066757202,
    0.8519999980926514,
    0.9020000100135803,
    0.6899999976158142,
    0.8019999861717224,
    0.5410000085830688,
    0.625,
    0.5139999985694885,
    0.777999997138977,
    0.7929999828338623
  ]
}