{
  "epoch": 3,
  "train_loss": 1.0756912725355925,
  "train_acc": 0.58474,
  "test_loss": 0.9165070229768753,
  "test_acc": 0.6782,
  "test_ece": 0.0358133390545845,
  "test_entropy": 0.8708008527755737,
  "bin_accuracies": [
    0.0,
    0.0,
    0.2,
    0.1875,
    0.25135135135135134,
    0.35555555555555557,
    0.4049247606019152,
    0.48554913294797686,
    0.5671514114627887,
    0.6443850267379679,
    0.756319514661274,
    0.8426666666666667,
    0.9097872340425532,
    0.939799331103679,
    0.9807976366322009
  ],
  "bin_confidences": [
    0.0,
    0.0,
    0.1858053207397461,
    0.24395529925823212,
    0.3032430410385132,
    0.3672090470790863,
    0.4337122440338135,
    0.5024274587631226,
    0.5662810802459717,
    0.6332029700279236,
    0.6999472379684448,
    0.7677223682403564,
    0.8337214589118958,
    0.8964511752128601,
    0.9731178283691406
  ],
  "bin_counts": [
    0.0,
    0.0,
    10.0,
    112.0,
    370.0,
    585.0,
    731.0,
    1038.0,
    1169.0,
    1122.0,
    989.0,
    1125.0,
    1175.0,
    897.0,
    677.0
  ],
  "per_class_acc": [
    0.6700000166893005,
    0.7490000128746033,
    0.48100000619888306,
    0.34700000286102295,
    0.7300000190734863,
    0.8450000286102295,
    0.8320000171661377,
    0.4429999887943268,
    0.7860000133514404,
    0.8989999890327454
  ]
}