{
  "epoch": 33,
  "train_loss": 0.5312777817096856,
  "train_acc": 0.78132,
  "test_loss": 0.553664177954197,
  "test_acc": 0.8516,
  "test_ece": 0.09913075715303421,
  "test_entropy": 0.5738817453384399,
  "bin_accuracies": [
    0.0,
    0.0,
    0.0,
    0.3333333333333333,
    0.21153846153846154,
    0.38235294117647056,
    0.4549763033175355,
    0.5009107468123861,
    0.643979057591623,
    0.7582304526748971,
    0.8704268292682927,
    0.9209744503862151,
    0.9545700378583017,
    0.9639970609845702,
    0.9809437386569873
  ],
  "bin_confidences": [
    0.0,
    0.0,
    0.0,
    0.24561959505081177,
    0.3031240403652191,
    0.37111592292785645,
    0.43729567527770996,
    0.5070976614952087,
    0.5674619674682617,
    0.6349920630455017,
    0.7016729712486267,
    0.7681138515472412,
    0.833400547504425,
    0.8960790634155273,
    0.9843043088912964
  ],
  "bin_counts": [
    0.0,
    0.0,
    0.0,
    9.0,
    52.0,
    136.0,
    211.0,
    549.0,
    764.0,
    972.0,
    1312.0,
    1683.0,
    1849.0,
    1361.0,
    1102.0
  ],
  "per_class_acc": [
    0.8830000162124634,
    0.9490000009536743,
    0.871999979019165,
    0.6880000233650208,
    0.8199999928474426,
    0.8059999942779541,
    0.9190000295639038,
    0.8679999709129333,
    0.9300000071525574,
    0.781000018119812
  ]
}