{
  "epoch": 20,
  "train_loss": 0.6344689509600324,
  "train_acc": 0.74432,
  "test_loss": 0.5689768704771996,
  "test_acc": 0.8266,
  "test_ece": 0.0675448551774025,
  "test_entropy": 0.5932392477989197,
  "bin_accuracies": [
    0.0,
    0.0,
    0.0,
    0.25806451612903225,
    0.28448275862068967,
    0.4144144144144144,
    0.4268292682926829,
    0.5009009009009009,
    0.5894590846047156,
    0.7591836734693878,
    0.7957110609480813,
    0.875219683655536,
    0.928208027133974,
    0.9724941724941725,
    0.9630450849963045
  ],
  "bin_confidences": [
    0.0,
    0.0,
    0.1875823587179184,
    0.24607864022254944,
    0.30835574865341187,
    0.366912841796875,
    0.4339126944541931,
    0.5047947764396667,
    0.5671810507774353,
    0.6343866586685181,
    0.7006056904792786,
    0.7698275446891785,
    0.8357515335083008,
    0.8978992700576782,
    0.9789655804634094
  ],
  "bin_counts": [
    0.0,
    0.0,
    1.0,
    31.0,
    116.0,
    222.0,
    328.0,
    555.0,
    721.0,
    735.0,
    886.0,
    1138.0,
    1769.0,
    2145.0,
    1353.0
  ],
  "per_class_acc": [
    0.8920000195503235,
    0.9559999704360962,
    0.6240000128746033,
    0.4259999990463257,
    0.8980000019073486,
    0.871999979019165,
    0.9490000009536743,
    0.8339999914169312,
    0.9629999995231628,
    0.8519999980926514
  ]
}