{
  "epoch": 45,
  "train_loss": 0.3227474804958114,
  "train_acc": 0.8673,
  "test_loss": 0.5813842010498047,
  "test_acc": 0.8065,
  "test_ece": 0.02673940733075142,
  "test_entropy": 0.4268803298473358,
  "bin_accuracies": [
    0.0,
    0.0,
    0.0,
    0.0,
    0.0625,
    0.3103448275862069,
    0.3148148148148148,
    0.4343891402714932,
    0.561046511627907,
    0.6284916201117319,
    0.7181705809641533,
    0.7989637305699482,
    0.8488464598249801,
    0.8948670377241806,
    0.9380264741275571
  ],
  "bin_confidences": [
    0.0,
    0.0,
    0.0,
    0.0,
    0.30702877044677734,
    0.37032273411750793,
    0.43407881259918213,
    0.5109898447990417,
    0.5671073794364929,
    0.633753776550293,
    0.700694739818573,
    0.7674804925918579,
    0.8336632251739502,
    0.9016527533531189,
    0.9773597121238708
  ],
  "bin_counts": [
    0.0,
    0.0,
    0.0,
    0.0,
    16.0,
    58.0,
    108.0,
    442.0,
    688.0,
    716.0,
    809.0,
    965.0,
    1257.0,
    1617.0,
    3324.0
  ],
  "per_class_acc": [
    0.7929999828338623,
    0.824999988079071,
    0.7799999713897705,
    0.7860000133514404,
    0.7770000100135803,
    0.6029999852180481,
    0.9430000185966492,
    0.8270000219345093,
    0.871999979019165,
    0.859000027179718
  ]
}