{
  "epoch": 29,
  "train_loss": 0.5618844754860529,
  "train_acc": 0.76942,
  "test_loss": 0.5724641227722168,
  "test_acc": 0.8271,
  "test_ece": 0.057963598519563675,
  "test_entropy": 0.5504244565963745,
  "bin_accuracies": [
    0.0,
    0.0,
    0.0,
    0.3333333333333333,
    0.29411764705882354,
    0.3263888888888889,
    0.42342342342342343,
    0.49714285714285716,
    0.5846153846153846,
    0.7002212389380531,
    0.775894538606403,
    0.8776556776556776,
    0.9260410192666252,
    0.9526198439241917,
    0.986875
  ],
  "bin_confidences": [
    0.0,
    0.0,
    0.0,
    0.25195983052253723,
    0.30536243319511414,
    0.3677716851234436,
    0.43559643626213074,
    0.5071849226951599,
    0.5692906379699707,
    0.6347446441650391,
    0.7014643549919128,
    0.7675148248672485,
    0.8332352042198181,
    0.8999409079551697,
    0.9737295508384705
  ],
  "bin_counts": [
    0.0,
    0.0,
    0.0,
    9.0,
    51.0,
    144.0,
    222.0,
    525.0,
    715.0,
    904.0,
    1062.0,
    1365.0,
    1609.0,
    1794.0,
    1600.0
  ],
  "per_class_acc": [
    0.8730000257492065,
    0.9639999866485596,
    0.8659999966621399,
    0.44999998807907104,
    0.843999981880188,
    0.8539999723434448,
    0.9039999842643738,
    0.9259999990463257,
    0.9449999928474426,
    0.6449999809265137
  ]
}