{
  "epoch": 14,
  "train_loss": 0.7064387865383607,
  "train_acc": 0.71998,
  "test_loss": 0.5919748571515083,
  "test_acc": 0.8118,
  "test_ece": 0.0780315175652504,
  "test_entropy": 0.6472089290618896,
  "bin_accuracies": [
    0.0,
    0.0,
    0.5,
    0.23333333333333334,
    0.37037037037037035,
    0.3346774193548387,
    0.4194373401534527,
    0.5488505747126436,
    0.6144430844553244,
    0.7072649572649573,
    0.8257899231426131,
    0.9106683804627249,
    0.9477401129943502,
    0.9617834394904459,
    0.9802631578947368
  ],
  "bin_confidences": [
    0.0,
    0.0,
    0.1939702033996582,
    0.24340786039829254,
    0.30788901448249817,
    0.3700704276561737,
    0.43517157435417175,
    0.5051130056381226,
    0.567870020866394,
    0.634102463722229,
    0.7023022770881653,
    0.7671496272087097,
    0.8329046368598938,
    0.8992487788200378,
    0.9787306785583496
  ],
  "bin_counts": [
    0.0,
    0.0,
    2.0,
    30.0,
    108.0,
    248.0,
    391.0,
    696.0,
    817.0,
    936.0,
    1171.0,
    1556.0,
    1416.0,
    1413.0,
    1216.0
  ],
  "per_class_acc": [
    0.8379999995231628,
    0.949999988079071,
    0.8040000200271606,
    0.656000018119812,
    0.8999999761581421,
    0.777999997138977,
    0.9300000071525574,
    0.4490000009536743,
    0.9470000267028809,
    0.8659999966621399
  ]
}