{
  "epoch": 28,
  "train_loss": 0.567628343163244,
  "train_acc": 0.76788,
  "test_loss": 0.5765296205878258,
  "test_acc": 0.8311,
  "test_ece": 0.08630798757076263,
  "test_entropy": 0.5739588737487793,
  "bin_accuracies": [
    0.0,
    0.0,
    0.0,
    0.15384615384615385,
    0.3333333333333333,
    0.3509933774834437,
    0.4327731092436975,
    0.463884430176565,
    0.6285377358490566,
    0.7728194726166329,
    0.8530492285084497,
    0.9114414996767938,
    0.9301983835415136,
    0.952837140751658,
    0.972621492128679
  ],
  "bin_confidences": [
    0.0,
    0.0,
    0.0,
    0.24509583413600922,
    0.309663325548172,
    0.37008389830589294,
    0.4336903393268585,
    0.5079540610313416,
    0.568490743637085,
    0.634901762008667,
    0.7009826302528381,
    0.7665776014328003,
    0.8331145644187927,
    0.9003834128379822,
    0.9786256551742554
  ],
  "bin_counts": [
    0.0,
    0.0,
    0.0,
    13.0,
    54.0,
    151.0,
    238.0,
    623.0,
    848.0,
    986.0,
    1361.0,
    1547.0,
    1361.0,
    1357.0,
    1461.0
  ],
  "per_class_acc": [
    0.7850000262260437,
    0.8339999914169312,
    0.8240000009536743,
    0.7620000243186951,
    0.9110000133514404,
    0.7870000004768372,
    0.953000009059906,
    0.6470000147819519,
    0.8849999904632568,
    0.9229999780654907
  ]
}