{
  "epoch": 41,
  "train_loss": 0.3672796951992737,
  "train_acc": 0.84804,
  "test_loss": 0.5020196089148521,
  "test_acc": 0.8491,
  "test_ece": 0.03855747729539871,
  "test_entropy": 0.44235703349113464,
  "bin_accuracies": [
    0.0,
    0.0,
    0.0,
    0.25,
    0.34285714285714286,
    0.2835820895522388,
    0.4818181818181818,
    0.4783783783783784,
    0.5740740740740741,
    0.6975748930099858,
    0.7794994040524433,
    0.8410351201478743,
    0.9094766619519095,
    0.9242985706723134,
    0.9682210708117444
  ],
  "bin_confidences": [
    0.0,
    0.0,
    0.0,
    0.23744693398475647,
    0.3019047975540161,
    0.37237808108329773,
    0.4347584843635559,
    0.5091701745986938,
    0.5654658675193787,
    0.6340036988258362,
    0.701543390750885,
    0.7680238485336304,
    0.8356798887252808,
    0.9013948440551758,
    0.9750858545303345
  ],
  "bin_counts": [
    0.0,
    0.0,
    0.0,
    4.0,
    35.0,
    67.0,
    110.0,
    370.0,
    594.0,
    701.0,
    839.0,
    1082.0,
    1414.0,
    1889.0,
    2895.0
  ],
  "per_class_acc": [
    0.8629999756813049,
    0.9020000100135803,
    0.8659999966621399,
    0.7160000205039978,
    0.8399999737739563,
    0.7620000243186951,
    0.9350000023841858,
    0.8679999709129333,
    0.8669999837875366,
    0.871999979019165
  ]
}