{
  "epoch": 19,
  "train_loss": 0.6441388090553186,
  "train_acc": 0.73966,
  "test_loss": 0.6089958855509758,
  "test_acc": 0.8164,
  "test_ece": 0.07454267144203186,
  "test_entropy": 0.6112224459648132,
  "bin_accuracies": [
    0.0,
    0.0,
    0.0,
    0.17857142857142858,
    0.2962962962962963,
    0.3952380952380952,
    0.3968253968253968,
    0.4786053882725832,
    0.6078886310904872,
    0.7420814479638009,
    0.8117427772600186,
    0.8877937831690674,
    0.9414862492685782,
    0.9646687697160883,
    0.9851097178683386
  ],
  "bin_confidences": [
    0.0,
    0.0,
    0.0,
    0.24205291271209717,
    0.3074858486652374,
    0.36707407236099243,
    0.4360872805118561,
    0.5053404569625854,
    0.5662572979927063,
    0.6340092420578003,
    0.7016438841819763,
    0.7685972452163696,
    0.8341296315193176,
    0.898068368434906,
    0.976114809513092
  ],
  "bin_counts": [
    0.0,
    0.0,
    0.0,
    28.0,
    108.0,
    210.0,
    315.0,
    631.0,
    862.0,
    884.0,
    1073.0,
    1319.0,
    1709.0,
    1585.0,
    1276.0
  ],
  "per_class_acc": [
    0.8799999952316284,
    0.9660000205039978,
    0.5559999942779541,
    0.8159999847412109,
    0.9240000247955322,
    0.6579999923706055,
    0.8939999938011169,
    0.8299999833106995,
    0.9309999942779541,
    0.7089999914169312
  ]
}