{
  "epoch": 16,
  "train_loss": 0.6837920930684375,
  "train_acc": 0.7291,
  "test_loss": 0.6505641278624534,
  "test_acc": 0.8178,
  "test_ece": 0.10465635359287262,
  "test_entropy": 0.6866655945777893,
  "bin_accuracies": [
    0.0,
    0.0,
    0.6666666666666666,
    0.22448979591836735,
    0.2682926829268293,
    0.38023952095808383,
    0.4758269720101781,
    0.5161290322580645,
    0.6541019955654102,
    0.781496062992126,
    0.8660508083140878,
    0.9371327849588719,
    0.9557291666666666,
    0.9763928234183191,
    0.9860627177700348
  ],
  "bin_confidences": [
    0.0,
    0.0,
    0.1871674507856369,
    0.2428903728723526,
    0.30411654710769653,
    0.3697749674320221,
    0.43492597341537476,
    0.5053327083587646,
    0.5668573379516602,
    0.6337001919746399,
    0.7020273208618164,
    0.7668731212615967,
    0.8325035572052002,
    0.8961353302001953,
    0.9797394275665283
  ],
  "bin_counts": [
    0.0,
    0.0,
    3.0,
    49.0,
    164.0,
    334.0,
    393.0,
    682.0,
    902.0,
    1016.0,
    1299.0,
    1702.0,
    1536.0,
    1059.0,
    861.0
  ],
  "per_class_acc": [
    0.8999999761581421,
    0.8740000128746033,
    0.5920000076293945,
    0.5609999895095825,
    0.8759999871253967,
    0.7730000019073486,
    0.8299999833106995,
    0.9079999923706055,
    0.9129999876022339,
    0.9509999752044678
  ]
}