{
  "epoch": 25,
  "train_loss": 0.5906921125891264,
  "train_acc": 0.76174,
  "test_loss": 0.6004260283708572,
  "test_acc": 0.8395,
  "test_ece": 0.10427753627300262,
  "test_entropy": 0.6128796935081482,
  "bin_accuracies": [
    0.0,
    0.0,
    0.0,
    0.2631578947368421,
    0.2967032967032967,
    0.3149171270718232,
    0.424,
    0.5252525252525253,
    0.6742424242424242,
    0.8144876325088339,
    0.8767222625090645,
    0.916723087339201,
    0.9396058486967578,
    0.9591240875912409,
    0.9782178217821782
  ],
  "bin_confidences": [
    0.0,
    0.0,
    0.0,
    0.24284784495830536,
    0.30740875005722046,
    0.3690811097621918,
    0.43439093232154846,
    0.5082247257232666,
    0.567170262336731,
    0.6358436346054077,
    0.7008257508277893,
    0.7667645215988159,
    0.8322190642356873,
    0.8972586989402771,
    0.9782044291496277
  ],
  "bin_counts": [
    0.0,
    0.0,
    0.0,
    19.0,
    91.0,
    181.0,
    250.0,
    594.0,
    924.0,
    1132.0,
    1379.0,
    1477.0,
    1573.0,
    1370.0,
    1010.0
  ],
  "per_class_acc": [
    0.8669999837875366,
    0.8799999952316284,
    0.6890000104904175,
    0.8040000200271606,
    0.9369999766349792,
    0.6909999847412109,
    0.8199999928474426,
    0.8399999737739563,
    0.9369999766349792,
    0.9300000071525574
  ]
}