{
  "epoch": 43,
  "train_loss": 0.33920729087899104,
  "train_acc": 0.85966,
  "test_loss": 0.545216611623764,
  "test_acc": 0.82,
  "test_ece": 0.016017921268939972,
  "test_entropy": 0.4258931279182434,
  "bin_accuracies": [
    0.0,
    0.0,
    0.0,
    0.25,
    0.22727272727272727,
    0.22413793103448276,
    0.40707964601769914,
    0.4794871794871795,
    0.5564263322884012,
    0.6761768901569187,
    0.6926829268292682,
    0.7842931937172775,
    0.8501930501930502,
    0.9030407343660356,
    0.9589083103342533
  ],
  "bin_confidences": [
    0.0,
    0.0,
    0.0,
    0.24938347935676575,
    0.3097652494907379,
    0.36993470788002014,
    0.43895718455314636,
    0.5099449753761292,
    0.5673853158950806,
    0.6329901218414307,
    0.7002663016319275,
    0.7680768966674805,
    0.8349555730819702,
    0.902104914188385,
    0.9754932522773743
  ],
  "bin_counts": [
    0.0,
    0.0,
    0.0,
    4.0,
    22.0,
    58.0,
    113.0,
    390.0,
    638.0,
    701.0,
    820.0,
    955.0,
    1295.0,
    1743.0,
    3261.0
  ],
  "per_class_acc": [
    0.8510000109672546,
    0.8299999833106995,
    0.6209999918937683,
    0.7210000157356262,
    0.8579999804496765,
    0.7630000114440918,
    0.9409999847412109,
    0.8519999980926514,
    0.8980000019073486,
    0.8650000095367432
  ]
}