{
  "epoch": 42,
  "train_loss": 0.3496793622479719,
  "train_acc": 0.85558,
  "test_loss": 0.5198538860678673,
  "test_acc": 0.8323,
  "test_ece": 0.03477899357676506,
  "test_entropy": 0.4379453659057617,
  "bin_accuracies": [
    0.0,
    0.0,
    0.0,
    0.0,
    0.16,
    0.2465753424657534,
    0.336,
    0.43675417661097854,
    0.5712025316455697,
    0.6383307573415765,
    0.7646310432569975,
    0.8183632734530938,
    0.8978692138133725,
    0.9261271048343291,
    0.9578469520103762
  ],
  "bin_confidences": [
    0.0,
    0.0,
    0.0,
    0.25543928146362305,
    0.30601727962493896,
    0.3677683174610138,
    0.432731032371521,
    0.5101955533027649,
    0.5670518279075623,
    0.6337601542472839,
    0.7008921504020691,
    0.7666351795196533,
    0.8347919583320618,
    0.9013959765434265,
    0.9747925400733948
  ],
  "bin_counts": [
    0.0,
    0.0,
    0.0,
    5.0,
    25.0,
    73.0,
    125.0,
    419.0,
    632.0,
    647.0,
    786.0,
    1002.0,
    1361.0,
    1841.0,
    3084.0
  ],
  "per_class_acc": [
    0.8029999732971191,
    0.8820000290870667,
    0.7580000162124634,
    0.6779999732971191,
    0.7580000162124634,
    0.7979999780654907,
    0.949999988079071,
    0.8889999985694885,
    0.921999990940094,
    0.8849999904632568
  ]
}