{
  "epoch": 23,
  "train_loss": 0.6018581838559007,
  "train_acc": 0.75716,
  "test_loss": 0.5554949942231179,
  "test_acc": 0.8531,
  "test_ece": 0.09252741187810898,
  "test_entropy": 0.5728158354759216,
  "bin_accuracies": [
    0.0,
    0.0,
    0.0,
    0.1111111111111111,
    0.2608695652173913,
    0.3448275862068966,
    0.43724696356275305,
    0.4940239043824701,
    0.6253869969040248,
    0.7292746113989638,
    0.8439125910509886,
    0.9155405405405406,
    0.9596668128014029,
    0.9739033870072182,
    0.9714013346043852
  ],
  "bin_confidences": [
    0.0,
    0.0,
    0.0,
    0.24915657937526703,
    0.30363142490386963,
    0.37017226219177246,
    0.43606311082839966,
    0.5055564641952515,
    0.5670362710952759,
    0.6345148086547852,
    0.7019831538200378,
    0.7682238817214966,
    0.8354647159576416,
    0.8940230011940002,
    0.9875167012214661
  ],
  "bin_counts": [
    0.0,
    0.0,
    0.0,
    18.0,
    69.0,
    174.0,
    247.0,
    502.0,
    646.0,
    772.0,
    961.0,
    1480.0,
    2281.0,
    1801.0,
    1049.0
  ],
  "per_class_acc": [
    0.7940000295639038,
    0.8849999904632568,
    0.7620000243186951,
    0.7099999785423279,
    0.8389999866485596,
    0.8299999833106995,
    0.9399999976158142,
    0.9129999876022339,
    0.9110000133514404,
    0.9470000267028809
  ]
}