{
  "epoch": 21,
  "train_loss": 0.6237798965038241,
  "train_acc": 0.74824,
  "test_loss": 0.5542302611470222,
  "test_acc": 0.8438,
  "test_ece": 0.08494093269109726,
  "test_entropy": 0.5976743102073669,
  "bin_accuracies": [
    0.0,
    0.0,
    1.0,
    0.36363636363636365,
    0.34951456310679613,
    0.39805825242718446,
    0.44485294117647056,
    0.515748031496063,
    0.6098591549295774,
    0.7095588235294118,
    0.8322520852641334,
    0.9150702426564495,
    0.9535274356103024,
    0.9779367918902803,
    0.9904229848363927
  ],
  "bin_confidences": [
    0.0,
    0.0,
    0.18903543055057526,
    0.24205470085144043,
    0.3094450831413269,
    0.36906567215919495,
    0.43401145935058594,
    0.5071274638175964,
    0.5668870210647583,
    0.6344998478889465,
    0.7014557123184204,
    0.768886387348175,
    0.8332769870758057,
    0.8993908166885376,
    0.974950909614563
  ],
  "bin_counts": [
    0.0,
    0.0,
    2.0,
    22.0,
    103.0,
    206.0,
    272.0,
    508.0,
    710.0,
    816.0,
    1079.0,
    1566.0,
    1786.0,
    1677.0,
    1253.0
  ],
  "per_class_acc": [
    0.843999981880188,
    0.8389999866485596,
    0.8270000219345093,
    0.6330000162124634,
    0.8050000071525574,
    0.8080000281333923,
    0.8849999904632568,
    0.8960000276565552,
    0.9399999976158142,
    0.9610000252723694
  ]
}