{
  "epoch": 40,
  "train_loss": 0.41326246503978736,
  "train_acc": 0.82654,
  "test_loss": 0.5475844967365265,
  "test_acc": 0.8322,
  "test_ece": 0.05461039021611214,
  "test_entropy": 0.49556317925453186,
  "bin_accuracies": [
    0.0,
    0.0,
    0.0,
    0.0,
    0.3235294117647059,
    0.3627450980392157,
    0.34074074074074073,
    0.47291666666666665,
    0.6008174386920981,
    0.7180406212664278,
    0.7893681043129388,
    0.85546875,
    0.9151898734177215,
    0.9366240097501524,
    0.9623161764705882
  ],
  "bin_confidences": [
    0.0,
    0.0,
    0.0,
    0.23797869682312012,
    0.3105183243751526,
    0.37168076634407043,
    0.4349856972694397,
    0.5082665681838989,
    0.5657997131347656,
    0.6343244314193726,
    0.7011761665344238,
    0.7687824368476868,
    0.8336554169654846,
    0.8998538255691528,
    0.9762321710586548
  ],
  "bin_counts": [
    0.0,
    0.0,
    0.0,
    4.0,
    34.0,
    102.0,
    135.0,
    480.0,
    734.0,
    837.0,
    997.0,
    1280.0,
    1580.0,
    1641.0,
    2176.0
  ],
  "per_class_acc": [
    0.8339999914169312,
    0.8740000128746033,
    0.7049999833106995,
    0.5590000152587891,
    0.8809999823570251,
    0.8410000205039978,
    0.9520000219345093,
    0.8690000176429749,
    0.9229999780654907,
    0.8840000033378601
  ]
}