{
  "epoch": 10,
  "train_loss": 0.7801761957995422,
  "train_acc": 0.69392,
  "test_loss": 0.6893437966704369,
  "test_acc": 0.7403,
  "test_ece": 0.03785904496908188,
  "test_entropy": 0.6732910871505737,
  "bin_accuracies": [
    0.0,
    0.0,
    0.5,
    0.2909090909090909,
    0.29651162790697677,
    0.37770897832817335,
    0.4041095890410959,
    0.4587378640776699,
    0.5469255663430421,
    0.6073997944501541,
    0.6429378531073446,
    0.8054679284963197,
    0.8934356351236147,
    0.9579180509413068,
    0.9836845683208701
  ],
  "bin_confidences": [
    0.0,
    0.0,
    0.18359392881393433,
    0.24383987486362457,
    0.30425506830215454,
    0.3692919611930847,
    0.43307557702064514,
    0.5043445825576782,
    0.5654893517494202,
    0.6335776448249817,
    0.6992896199226379,
    0.7678900361061096,
    0.8343700170516968,
    0.9011365175247192,
    0.9694538712501526
  ],
  "bin_counts": [
    0.0,
    0.0,
    2.0,
    55.0,
    172.0,
    323.0,
    438.0,
    824.0,
    927.0,
    973.0,
    885.0,
    951.0,
    1173.0,
    1806.0,
    1471.0
  ],
  "per_class_acc": [
    0.8299999833106995,
    0.4169999957084656,
    0.7360000014305115,
    0.4099999964237213,
    0.8450000286102295,
    0.8849999904632568,
    0.8579999804496765,
    0.5559999942779541,
    0.9380000233650208,
    0.9279999732971191
  ]
}