{
  "epoch": 22,
  "train_loss": 0.6130374083128731,
  "train_acc": 0.75254,
  "test_loss": 0.6179330679774284,
  "test_acc": 0.836,
  "test_ece": 0.07679308950901031,
  "test_entropy": 0.5976497530937195,
  "bin_accuracies": [
    0.0,
    0.0,
    0.0,
    0.26666666666666666,
    0.34285714285714286,
    0.39748953974895396,
    0.46794871794871795,
    0.4894067796610169,
    0.5996978851963746,
    0.7220744680851063,
    0.7923728813559322,
    0.8936473947180585,
    0.9523350987000482,
    0.9735955056179775,
    0.9730831973898858
  ],
  "bin_confidences": [
    0.0,
    0.0,
    0.0,
    0.24354246258735657,
    0.3021332919597626,
    0.37084025144577026,
    0.43381714820861816,
    0.5040499567985535,
    0.567489743232727,
    0.6346933245658875,
    0.7011004686355591,
    0.7693033814430237,
    0.834503710269928,
    0.8965299129486084,
    0.9810088872909546
  ],
  "bin_counts": [
    0.0,
    0.0,
    0.0,
    30.0,
    105.0,
    239.0,
    312.0,
    472.0,
    662.0,
    752.0,
    944.0,
    1401.0,
    2077.0,
    1780.0,
    1226.0
  ],
  "per_class_acc": [
    0.8050000071525574,
    0.9419999718666077,
    0.7710000276565552,
    0.44999998807907104,
    0.8989999890327454,
    0.7639999985694885,
    0.9409999847412109,
    0.9440000057220459,
    0.9639999866485596,
    0.8799999952316284
  ]
}