{
  "epoch": 44,
  "train_loss": 0.3300359195760449,
  "train_acc": 0.86336,
  "test_loss": 0.5195220199227333,
  "test_acc": 0.8364,
  "test_ece": 0.017538517713546753,
  "test_entropy": 0.39762598276138306,
  "bin_accuracies": [
    0.0,
    0.0,
    0.0,
    0.25,
    0.23529411764705882,
    0.359375,
    0.32967032967032966,
    0.4827586206896552,
    0.572972972972973,
    0.6298701298701299,
    0.7391304347826086,
    0.7794117647058824,
    0.8532338308457711,
    0.9118145845110232,
    0.9560702875399361
  ],
  "bin_confidences": [
    0.0,
    0.0,
    0.0,
    0.24190489947795868,
    0.3063525855541229,
    0.37335044145584106,
    0.43406400084495544,
    0.5093240737915039,
    0.5665877461433411,
    0.6336413025856018,
    0.7013589143753052,
    0.7685385942459106,
    0.8355031609535217,
    0.9019584655761719,
    0.9758113622665405
  ],
  "bin_counts": [
    0.0,
    0.0,
    0.0,
    4.0,
    17.0,
    64.0,
    91.0,
    348.0,
    555.0,
    616.0,
    690.0,
    884.0,
    1206.0,
    1769.0,
    3756.0
  ],
  "per_class_acc": [
    0.8550000190734863,
    0.843999981880188,
    0.7250000238418579,
    0.753000020980835,
    0.8159999847412109,
    0.7490000128746033,
    0.9390000104904175,
    0.8849999904632568,
    0.8970000147819519,
    0.9010000228881836
  ]
}