{
  "epoch": 35,
  "train_loss": 0.44816324846518923,
  "train_acc": 0.81282,
  "test_loss": 0.5070148044824601,
  "test_acc": 0.8398,
  "test_ece": 0.05212121456861496,
  "test_entropy": 0.4969334006309509,
  "bin_accuracies": [
    0.0,
    0.0,
    1.0,
    0.2,
    0.2857142857142857,
    0.3469387755102041,
    0.3670886075949367,
    0.47619047619047616,
    0.5803324099722992,
    0.6845466155810983,
    0.7982359426681367,
    0.8565217391304348,
    0.9166132135984606,
    0.9592130518234165,
    0.9753815854258986
  ],
  "bin_confidences": [
    0.0,
    0.0,
    0.19613367319107056,
    0.2515420913696289,
    0.3071762025356293,
    0.36920180916786194,
    0.4349111318588257,
    0.5067038536071777,
    0.5674394369125366,
    0.6331388354301453,
    0.701084554195404,
    0.7685078978538513,
    0.8354077935218811,
    0.9004923105239868,
    0.9732726812362671
  ],
  "bin_counts": [
    0.0,
    0.0,
    1.0,
    10.0,
    35.0,
    98.0,
    158.0,
    462.0,
    722.0,
    783.0,
    907.0,
    1150.0,
    1559.0,
    2084.0,
    2031.0
  ],
  "per_class_acc": [
    0.890999972820282,
    0.9829999804496765,
    0.7599999904632568,
    0.8109999895095825,
    0.8930000066757202,
    0.6100000143051147,
    0.9490000009536743,
    0.8600000143051147,
    0.9350000023841858,
    0.7059999704360962
  ]
}