{
  "epoch": 27,
  "train_loss": 0.571934050916101,
  "train_acc": 0.76898,
  "test_loss": 0.5535698935389519,
  "test_acc": 0.8317,
  "test_ece": 0.07067347317934036,
  "test_entropy": 0.5685696005821228,
  "bin_accuracies": [
    0.0,
    0.0,
    0.0,
    0.2857142857142857,
    0.2571428571428571,
    0.4207650273224044,
    0.40625,
    0.499054820415879,
    0.604221635883905,
    0.7036585365853658,
    0.8032786885245902,
    0.8756137479541735,
    0.9558607160372732,
    0.9585519412381952,
    0.9745830023828436
  ],
  "bin_confidences": [
    0.0,
    0.0,
    0.19495262205600739,
    0.24593010544776917,
    0.30444851517677307,
    0.3678629398345947,
    0.4346049129962921,
    0.5059260725975037,
    0.5677247643470764,
    0.6338749527931213,
    0.7016202807426453,
    0.7688779234886169,
    0.8353920578956604,
    0.8966389894485474,
    0.9815241098403931
  ],
  "bin_counts": [
    0.0,
    0.0,
    1.0,
    7.0,
    105.0,
    183.0,
    256.0,
    529.0,
    758.0,
    820.0,
    915.0,
    1222.0,
    2039.0,
    1906.0,
    1259.0
  ],
  "per_class_acc": [
    0.9049999713897705,
    0.8550000190734863,
    0.5550000071525574,
    0.5699999928474426,
    0.9120000004768372,
    0.8659999966621399,
    0.9330000281333923,
    0.8309999704360962,
    0.9559999704360962,
    0.9340000152587891
  ]
}