{
  "epoch": 11,
  "train_loss": 0.7577754425270783,
  "train_acc": 0.7022,
  "test_loss": 0.6753132191300392,
  "test_acc": 0.8041,
  "test_ece": 0.10833068192005157,
  "test_entropy": 0.7373465895652771,
  "bin_accuracies": [
    0.0,
    0.0,
    0.0,
    0.1875,
    0.33170731707317075,
    0.3791348600508906,
    0.4967741935483871,
    0.532156368221942,
    0.6448202959830867,
    0.7824858757062146,
    0.8891242937853108,
    0.9284833538840938,
    0.9657434402332361,
    0.9767441860465116,
    0.985
  ],
  "bin_confidences": [
    0.0,
    0.0,
    0.16440504789352417,
    0.24383395910263062,
    0.30676406621932983,
    0.36779114603996277,
    0.4342329204082489,
    0.5030081272125244,
    0.5664952397346497,
    0.6345133185386658,
    0.700874388217926,
    0.766170084476471,
    0.8317461013793945,
    0.8961178660392761,
    0.9808199405670166
  ],
  "bin_counts": [
    0.0,
    0.0,
    2.0,
    64.0,
    205.0,
    393.0,
    465.0,
    793.0,
    946.0,
    1062.0,
    1416.0,
    1622.0,
    1372.0,
    860.0,
    800.0
  ],
  "per_class_acc": [
    0.8610000014305115,
    0.8849999904632568,
    0.6729999780654907,
    0.6859999895095825,
    0.6990000009536743,
    0.5839999914169312,
    0.8840000033378601,
    0.9490000009536743,
    0.949999988079071,
    0.8700000047683716
  ]
}