{
  "epoch": 36,
  "train_loss": 0.43877300429527105,
  "train_acc": 0.816,
  "test_loss": 0.5018169212341309,
  "test_acc": 0.8529,
  "test_ece": 0.07148266583681107,
  "test_entropy": 0.503793478012085,
  "bin_accuracies": [
    0.0,
    0.0,
    0.0,
    0.2,
    0.2631578947368421,
    0.35,
    0.4049079754601227,
    0.4790794979079498,
    0.6311475409836066,
    0.7540574282147315,
    0.8389662027833003,
    0.8947791164658635,
    0.9205219454329775,
    0.9557522123893806,
    0.9721362229102167
  ],
  "bin_confidences": [
    0.0,
    0.0,
    0.0,
    0.25330108404159546,
    0.30665382742881775,
    0.3704074025154114,
    0.4367303252220154,
    0.5093324184417725,
    0.5680277943611145,
    0.6342279314994812,
    0.7014511823654175,
    0.7691425085067749,
    0.8341162800788879,
    0.8996195793151855,
    0.9758026003837585
  ],
  "bin_counts": [
    0.0,
    0.0,
    0.0,
    5.0,
    38.0,
    100.0,
    163.0,
    478.0,
    732.0,
    801.0,
    1006.0,
    1245.0,
    1686.0,
    1808.0,
    1938.0
  ],
  "per_class_acc": [
    0.8820000290870667,
    0.9309999942779541,
    0.8149999976158142,
    0.6930000185966492,
    0.7950000166893005,
    0.8230000138282776,
    0.9390000104904175,
    0.9139999747276306,
    0.8859999775886536,
    0.8510000109672546
  ]
}