{
  "epoch": 7,
  "train_loss": 0.8689760155689991,
  "train_acc": 0.66074,
  "test_loss": 0.7189689323306083,
  "test_acc": 0.769,
  "test_ece": 0.07066952437162399,
  "test_entropy": 0.7535660266876221,
  "bin_accuracies": [
    0.0,
    0.0,
    0.0,
    0.3375,
    0.2891566265060241,
    0.371824480369515,
    0.4621359223300971,
    0.5071258907363421,
    0.6165853658536585,
    0.7379310344827587,
    0.8267182962245886,
    0.8755221386800334,
    0.9406392694063926,
    0.9818840579710145,
    0.9801980198019802
  ],
  "bin_confidences": [
    0.0,
    0.0,
    0.17870259284973145,
    0.24128317832946777,
    0.30433228611946106,
    0.3681594133377075,
    0.4344402849674225,
    0.504033625125885,
    0.5667089819908142,
    0.6342325806617737,
    0.7002185583114624,
    0.7663657069206238,
    0.8339532613754272,
    0.8994796872138977,
    0.9761046171188354
  ],
  "bin_counts": [
    0.0,
    0.0,
    8.0,
    80.0,
    249.0,
    433.0,
    515.0,
    842.0,
    1025.0,
    1015.0,
    1033.0,
    1197.0,
    1314.0,
    1380.0,
    909.0
  ],
  "per_class_acc": [
    0.8379999995231628,
    0.7860000133514404,
    0.6309999823570251,
    0.3400000035762787,
    0.7379999756813049,
    0.847000002861023,
    0.8730000257492065,
    0.8479999899864197,
    0.8339999914169312,
    0.9549999833106995
  ]
}