{
  "epoch": 37,
  "train_loss": 0.42973037967291633,
  "train_acc": 0.81848,
  "test_loss": 0.5345703390240669,
  "test_acc": 0.8276,
  "test_ece": 0.04905490577220917,
  "test_entropy": 0.4978415071964264,
  "bin_accuracies": [
    0.0,
    0.0,
    0.0,
    0.3333333333333333,
    0.23809523809523808,
    0.3,
    0.38513513513513514,
    0.48066298342541436,
    0.6084656084656085,
    0.7007125890736342,
    0.7873931623931624,
    0.8445454545454546,
    0.9041278295605859,
    0.9434343434343434,
    0.965281173594132
  ],
  "bin_confidences": [
    0.0,
    0.0,
    0.0,
    0.2511569559574127,
    0.30574488639831543,
    0.37047863006591797,
    0.4375791847705841,
    0.5097768902778625,
    0.5667356848716736,
    0.6347182393074036,
    0.7013348937034607,
    0.7680979371070862,
    0.835875391960144,
    0.9003797769546509,
    0.9736297130584717
  ],
  "bin_counts": [
    0.0,
    0.0,
    0.0,
    6.0,
    42.0,
    100.0,
    148.0,
    543.0,
    756.0,
    842.0,
    936.0,
    1100.0,
    1502.0,
    1980.0,
    2045.0
  ],
  "per_class_acc": [
    0.8769999742507935,
    0.7170000076293945,
    0.7179999947547913,
    0.5609999895095825,
    0.7950000166893005,
    0.9020000100135803,
    0.9380000233650208,
    0.8759999871253967,
    0.9359999895095825,
    0.9559999704360962
  ]
}