{
  "epoch": 39,
  "train_loss": 0.41985015582550517,
  "train_acc": 0.82472,
  "test_loss": 0.5153757160902024,
  "test_acc": 0.8474,
  "test_ece": 0.05149487406015396,
  "test_entropy": 0.47168809175491333,
  "bin_accuracies": [
    0.0,
    0.0,
    0.0,
    0.4,
    0.3125,
    0.32926829268292684,
    0.33116883116883117,
    0.4852216748768473,
    0.6112676056338028,
    0.7380952380952381,
    0.8116545265348595,
    0.8737601442741209,
    0.904099560761347,
    0.929316338354577,
    0.971708789136175
  ],
  "bin_confidences": [
    0.0,
    0.0,
    0.0,
    0.24783620238304138,
    0.3045489192008972,
    0.3731056749820709,
    0.4364299178123474,
    0.509239137172699,
    0.567038893699646,
    0.6346234083175659,
    0.7006955146789551,
    0.7681674361228943,
    0.8337703347206116,
    0.9020853042602539,
    0.973064661026001
  ],
  "bin_counts": [
    0.0,
    0.0,
    0.0,
    5.0,
    32.0,
    82.0,
    154.0,
    406.0,
    710.0,
    798.0,
    961.0,
    1109.0,
    1366.0,
    1726.0,
    2651.0
  ],
  "per_class_acc": [
    0.777999997138977,
    0.875,
    0.8460000157356262,
    0.7300000190734863,
    0.8330000042915344,
    0.7680000066757202,
    0.9190000295639038,
    0.9259999990463257,
    0.8920000195503235,
    0.9070000052452087
  ]
}