{
  "epoch": 18,
  "train_loss": 0.6542185471795708,
  "train_acc": 0.73852,
  "test_loss": 0.613013386130333,
  "test_acc": 0.7981,
  "test_ece": 0.0720297247171402,
  "test_entropy": 0.6383041143417358,
  "bin_accuracies": [
    0.0,
    0.0,
    0.0,
    0.22727272727272727,
    0.2018348623853211,
    0.34274193548387094,
    0.38953488372093026,
    0.5006954102920723,
    0.6026694045174538,
    0.696319018404908,
    0.8020164986251146,
    0.891566265060241,
    0.9489182692307693,
    0.9676975945017182,
    0.9953095684803002
  ],
  "bin_confidences": [
    0.0,
    0.0,
    0.18829992413520813,
    0.2435363233089447,
    0.30720219016075134,
    0.3698115944862366,
    0.43455150723457336,
    0.5064517855644226,
    0.566795825958252,
    0.633603572845459,
    0.6998485922813416,
    0.768071711063385,
    0.8343086838722229,
    0.8983281254768372,
    0.9780905842781067
  ],
  "bin_counts": [
    0.0,
    0.0,
    2.0,
    22.0,
    109.0,
    248.0,
    344.0,
    719.0,
    974.0,
    978.0,
    1091.0,
    1328.0,
    1664.0,
    1455.0,
    1066.0
  ],
  "per_class_acc": [
    0.7689999938011169,
    0.9459999799728394,
    0.7919999957084656,
    0.7260000109672546,
    0.8740000128746033,
    0.8270000219345093,
    0.8830000162124634,
    0.4650000035762787,
    0.8399999737739563,
    0.859000027179718
  ]
}