{
  "epoch": 38,
  "train_loss": 0.4273345769976106,
  "train_acc": 0.81986,
  "test_loss": 0.5268290269374848,
  "test_acc": 0.8331,
  "test_ece": 0.0391123965382576,
  "test_entropy": 0.4750330150127411,
  "bin_accuracies": [
    0.0,
    0.0,
    0.0,
    0.14285714285714285,
    0.23529411764705882,
    0.30303030303030304,
    0.3918918918918919,
    0.46624472573839665,
    0.5814977973568282,
    0.6929133858267716,
    0.7641618497109827,
    0.8301886792452831,
    0.9007328447701533,
    0.938938938938939,
    0.9723521905572097
  ],
  "bin_confidences": [
    0.0,
    0.0,
    0.0,
    0.25091084837913513,
    0.3060356676578522,
    0.3730042576789856,
    0.4347389340400696,
    0.5084647536277771,
    0.5664610266685486,
    0.6351908445358276,
    0.7008533477783203,
    0.7676956057548523,
    0.8347133994102478,
    0.9012393951416016,
    0.9740653038024902
  ],
  "bin_counts": [
    0.0,
    0.0,
    0.0,
    7.0,
    34.0,
    66.0,
    148.0,
    474.0,
    681.0,
    762.0,
    865.0,
    1113.0,
    1501.0,
    1998.0,
    2351.0
  ],
  "per_class_acc": [
    0.8970000147819519,
    0.8169999718666077,
    0.7609999775886536,
    0.7120000123977661,
    0.6470000147819519,
    0.7699999809265137,
    0.9399999976158142,
    0.9390000104904175,
    0.9229999780654907,
    0.925000011920929
  ]
}