{
  "epoch": 34,
  "train_loss": 0.47196245963311256,
  "train_acc": 0.80324,
  "test_loss": 0.49222973495721817,
  "test_acc": 0.8621,
  "test_ece": 0.07824963331222534,
  "test_entropy": 0.5147491097450256,
  "bin_accuracies": [
    0.0,
    0.0,
    0.0,
    0.3076923076923077,
    0.275,
    0.4186046511627907,
    0.4658385093167702,
    0.5563063063063063,
    0.6096181046676096,
    0.7269503546099291,
    0.8409542743538767,
    0.9084302325581395,
    0.9458403126744835,
    0.9570123589468028,
    0.9772318753744758
  ],
  "bin_confidences": [
    0.0,
    0.0,
    0.0,
    0.2417907565832138,
    0.3113444447517395,
    0.3677981197834015,
    0.4343163073062897,
    0.5091321468353271,
    0.5668514370918274,
    0.6347714066505432,
    0.7025319337844849,
    0.7682168483734131,
    0.8340598940849304,
    0.8995362520217896,
    0.9758944511413574
  ],
  "bin_counts": [
    0.0,
    0.0,
    0.0,
    13.0,
    40.0,
    86.0,
    161.0,
    444.0,
    707.0,
    846.0,
    1006.0,
    1376.0,
    1791.0,
    1861.0,
    1669.0
  ],
  "per_class_acc": [
    0.9129999876022339,
    0.9100000262260437,
    0.7649999856948853,
    0.6179999709129333,
    0.9210000038146973,
    0.8989999890327454,
    0.9520000219345093,
    0.7870000004768372,
    0.9160000085830688,
    0.9399999976158142
  ]
}