{
  "train_loss": [
    1.8425471874149255,
    1.5299950572840697,
    1.3698827644138385,
    1.2519890351978409,
    1.1770458020212706,
    1.1133500657727957,
    1.06426067044363,
    1.0245582101595065,
    0.9927271798138728,
    0.9633195378896221,
    0.9381344966266466,
    0.915554584901961,
    0.8950602230818375,
    0.8752838972279483,
    0.8600088737504866,
    0.8418302432350491,
    0.8295788487509999,
    0.8113441184506087,
    0.8017984168303897,
    0.7847764570542308,
    0.7740044722624142,
    0.7597215280051122,
    0.7457173933153567,
    0.7383064599445713,
    0.7271281300145952,
    0.717072014842192,
    0.7018532270513227,
    0.6903054353678623,
    0.6840822795772796,
    0.6749505083579237,
    0.6657361017773523,
    0.6528864917547806,
    0.6454042861681155,
    0.6311509693827471,
    0.6299855287575051,
    0.6207346730220044,
    0.6071619989774416,
    0.5175687112009434,
    0.490889093721919,
    0.4799278002718221,
    0.4678903156915284,
    0.45723024772866,
    0.44918636890018687,
    0.36728880301003564,
    0.345650061698216,
    0.3329547060191479,
    0.3198854558912994,
    0.30938528516255986,
    0.30283763185334023,
    0.2502638919807761
  ],
  "train_acc": [
    0.3462,
    0.49714,
    0.56984,
    0.62184,
    0.65338,
    0.68084,
    0.70086,
    0.71526,
    0.72928,
    0.73912,
    0.74808,
    0.75604,
    0.76294,
    0.76958,
    0.77678,
    0.7809,
    0.7879,
    0.79196,
    0.79256,
    0.80012,
    0.8032,
    0.80824,
    0.81028,
    0.81186,
    0.81688,
    0.81886,
    0.82294,
    0.82688,
    0.82768,
    0.82958,
    0.8316,
    0.83566,
    0.83712,
    0.83952,
    0.84102,
    0.84144,
    0.84578,
    0.86824,
    0.87218,
    0.87568,
    0.87698,
    0.87854,
    0.88126,
    0.90014,
    0.90518,
    0.90908,
    0.90882,
    0.91268,
    0.91236,
    0.9281
  ],
  "test_loss": [
    1.3967053508758545,
    1.1752448773384094,
    1.2080783677101135,
    0.8115253931283951,
    0.8183475333452225,
    0.7699639993906021,
    0.7044681584835053,
    0.6616937491297722,
    0.6408680662512779,
    0.5768138986825943,
    0.5599273383617401,
    0.5368489366769791,
    0.562573724091053,
    0.5581220823526383,
    0.5177737599611283,
    0.5577503362298012,
    0.5458591428399086,
    0.5406322118639946,
    0.5253686338663102,
    0.5490231803059578,
    0.4947802400588989,
    0.4661588159203529,
    0.500010704100132,
    0.5064747560024262,
    0.4886018174886704,
    0.44835842698812484,
    0.457158086001873,
    0.5361553165316582,
    0.4925035107135773,
    0.4639353993535042,
    0.4280463135242462,
    0.4767998883128166,
    0.4940424978733063,
    0.538029155433178,
    0.468256421983242,
    0.461889708340168,
    0.4451825411617756,
    0.4298391705751419,
    0.45044837713241576,
    0.45481999903917314,
    0.4759415119886398,
    0.44896235525608064,
    0.470678750872612,
    0.44802612021565436,
    0.46459143832325933,
    0.4723928514122963,
    0.5078873297572136,
    0.48170109406113626,
    0.5147974035143852,
    0.494339365363121
  ],
  "test_acc": [
    0.4975,
    0.5896,
    0.5876,
    0.7295,
    0.7218,
    0.7435,
    0.7708,
    0.7975,
    0.7954,
    0.8227,
    0.8247,
    0.8403,
    0.8316,
    0.8313,
    0.8407,
    0.832,
    0.8408,
    0.8324,
    0.8459,
    0.8284,
    0.8577,
    0.8681,
    0.8505,
    0.8499,
    0.8593,
    0.8671,
    0.8661,
    0.8409,
    0.8668,
    0.871,
    0.8796,
    0.8554,
    0.8544,
    0.8405,
    0.8668,
    0.8576,
    0.8707,
    0.8845,
    0.876,
    0.8728,
    0.8667,
    0.8755,
    0.8658,
    0.8754,
    0.8735,
    0.8674,
    0.8576,
    0.8683,
    0.8609,
    0.8673
  ],
  "test_ece": [
    0.029394028708338737,
    0.043919630348682404,
    0.056616347283124924,
    0.04390721395611763,
    0.018838509917259216,
    0.03246612101793289,
    0.038890957832336426,
    0.07566329836845398,
    0.05135449767112732,
    0.07307671010494232,
    0.05866193026304245,
    0.08417283743619919,
    0.07766568660736084,
    0.07281828671693802,
    0.0650549829006195,
    0.06503491848707199,
    0.0731339380145073,
    0.04973447322845459,
    0.07653400301933289,
    0.04589267075061798,
    0.07522335648536682,
    0.07533232122659683,
    0.060618188232183456,
    0.05063244327902794,
    0.06371200829744339,
    0.0598088838160038,
    0.0677541196346283,
    0.03614823892712593,
    0.0913032814860344,
    0.07958877086639404,
    0.06535961478948593,
    0.02476542629301548,
    0.045672204345464706,
    0.017923636361956596,
    0.05502528324723244,
    0.02137334831058979,
    0.0358462855219841,
    0.06197753921151161,
    0.03907816484570503,
    0.03384384885430336,
    0.02546829916536808,
    0.02890046313405037,
    0.019427698105573654,
    0.021246016025543213,
    0.02002841979265213,
    0.014732868410646915,
    0.020566362887620926,
    0.013261176645755768,
    0.013736961409449577,
    0.020278863608837128
  ],
  "test_entropy": [
    1.3670024871826172,
    1.11075758934021,
    1.057289958000183,
    0.9632437229156494,
    0.9195665121078491,
    0.9040891528129578,
    0.8504155278205872,
    0.90382981300354,
    0.8333365321159363,
    0.8290810585021973,
    0.7710647583007812,
    0.8228229284286499,
    0.8276428580284119,
    0.8191108107566833,
    0.7599583864212036,
    0.7900905013084412,
    0.7916427254676819,
    0.7418147921562195,
    0.7785477638244629,
    0.7378059029579163,
    0.763310432434082,
    0.7283739447593689,
    0.7195043563842773,
    0.6973580121994019,
    0.7208933234214783,
    0.6781262159347534,
    0.7033311128616333,
    0.651680588722229,
    0.7949830889701843,
    0.7380340695381165,
    0.6607675552368164,
    0.5809807777404785,
    0.6664621829986572,
    0.603127658367157,
    0.6604522466659546,
    0.5295363068580627,
    0.5722326040267944,
    0.6332800388336182,
    0.5650217533111572,
    0.5610196590423584,
    0.535926103591919,
    0.5268217325210571,
    0.5094279050827026,
    0.49019405245780945,
    0.48540550470352173,
    0.44287657737731934,
    0.5120107531547546,
    0.4270121157169342,
    0.44687992334365845,
    0.4408256709575653
  ],
  "epoch_time": [
    660.1925966739655,
    660.0120837688446,
    659.8648121356964,
    660.0759279727936,
    660.22381067276,
    660.056569814682,
    660.1582071781158,
    660.0366334915161,
    660.16965675354,
    660.0666756629944,
    660.1510932445526,
    660.1634016036987,
    660.1252892017365,
    659.9914994239807,
    660.0561606884003,
    660.099837064743,
    660.1062638759613,
    659.8985111713409,
    660.1255719661713,
    660.0750086307526,
    660.2381989955902,
    659.9747493267059,
    660.0589625835419,
    660.1471450328827,
    660.0674493312836,
    660.1882257461548,
    660.044673204422,
    660.0673258304596,
    659.9659659862518,
    660.1299011707306,
    660.2009465694427,
    660.0546486377716,
    660.2216579914093,
    659.9127883911133,
    660.1253921985626,
    659.9842960834503,
    660.0033078193665,
    660.1145777702332,
    660.084671497345,
    660.1907126903534,
    660.0639214515686,
    660.1922750473022,
    659.8857777118683,
    660.2101337909698,
    660.2294154167175,
    660.126092672348,
    660.0688354969025,
    660.0129477977753,
    660.2987823486328,
    660.1844379901886
  ]
}