{
  "epoch": 22,
  "train_loss": 0.7457173933153567,
  "train_acc": 0.81028,
  "test_loss": 0.500010704100132,
  "test_acc": 0.8505,
  "test_ece": 0.060618188232183456,
  "test_entropy": 0.7195043563842773,
  "bin_accuracies": [
    0.0,
    0.0,
    0.0,
    0.18421052631578946,
    0.3125,
    0.43617021276595747,
    0.48705882352941177,
    0.5736434108527132,
    0.63,
    0.7156673114119922,
    0.7967213114754098,
    0.8515723270440252,
    0.9130081300813008,
    0.9725719424460432,
    0.9911667280088333
  ],
  "bin_confidences": [
    0.0,
    0.0,
    0.19863653182983398,
    0.2514333426952362,
    0.30474787950515747,
    0.37160584330558777,
    0.4339570105075836,
    0.5024060010910034,
    0.5648999810218811,
    0.6354749202728271,
    0.7010683417320251,
    0.7680309414863586,
    0.8360328674316406,
    0.9046962261199951,
    0.9616594910621643
  ],
  "bin_counts": [
    0.0,
    0.0,
    2.0,
    38.0,
    144.0,
    282.0,
    425.0,
    516.0,
    500.0,
    517.0,
    610.0,
    795.0,
    1230.0,
    2224.0,
    2717.0
  ],
  "per_class_acc": [
    0.8809999823570251,
    0.9660000205039978,
    0.6809999942779541,
    0.7639999985694885,
    0.8740000128746033,
    0.8840000033378601,
    0.8809999823570251,
    0.8479999899864197,
    0.8140000104904175,
    0.9120000004768372
  ]
}