{
  "epoch": 23,
  "train_loss": 0.7383064599445713,
  "train_acc": 0.81186,
  "test_loss": 0.5064747560024262,
  "test_acc": 0.8499,
  "test_ece": 0.05063244327902794,
  "test_entropy": 0.6973580121994019,
  "bin_accuracies": [
    0.0,
    0.0,
    0.0,
    0.1935483870967742,
    0.38636363636363635,
    0.3923076923076923,
    0.4444444444444444,
    0.5178197064989518,
    0.6356275303643725,
    0.7177121771217713,
    0.7959927140255009,
    0.8365758754863813,
    0.9162348877374784,
    0.957341715312079,
    0.9885944313988595
  ],
  "bin_confidences": [
    0.0,
    0.0,
    0.0,
    0.24151000380516052,
    0.3043604791164398,
    0.3692972660064697,
    0.43560582399368286,
    0.5006654262542725,
    0.5660296678543091,
    0.6344365477561951,
    0.7001820206642151,
    0.7693066596984863,
    0.8363240957260132,
    0.9036656618118286,
    0.9616042971611023
  ],
  "bin_counts": [
    0.0,
    0.0,
    0.0,
    31.0,
    132.0,
    260.0,
    378.0,
    477.0,
    494.0,
    542.0,
    549.0,
    771.0,
    1158.0,
    2227.0,
    2981.0
  ],
  "per_class_acc": [
    0.8529999852180481,
    0.9779999852180481,
    0.7120000123977661,
    0.8769999742507935,
    0.9169999957084656,
    0.6179999709129333,
    0.9309999942779541,
    0.8539999723434448,
    0.9390000104904175,
    0.8199999928474426
  ]
}