{
  "epoch": 37,
  "train_loss": 0.5175687112009434,
  "train_acc": 0.86824,
  "test_loss": 0.4298391705751419,
  "test_acc": 0.8845,
  "test_ece": 0.06197753921151161,
  "test_entropy": 0.6332800388336182,
  "bin_accuracies": [
    0.0,
    0.0,
    0.0,
    0.3235294117647059,
    0.4105263157894737,
    0.40331491712707185,
    0.4634146341463415,
    0.5886699507389163,
    0.6484560570071259,
    0.7476851851851852,
    0.8181818181818182,
    0.8757687576875769,
    0.9315403422982885,
    0.9663708547407753,
    0.9856767027185034
  ],
  "bin_confidences": [
    0.0,
    0.0,
    0.0,
    0.24617472290992737,
    0.30847498774528503,
    0.36858490109443665,
    0.4350152015686035,
    0.5004274249076843,
    0.567919909954071,
    0.6331984400749207,
    0.7028789520263672,
    0.7689965963363647,
    0.8359749913215637,
    0.9024178981781006,
    0.9661563038825989
  ],
  "bin_counts": [
    0.0,
    0.0,
    0.0,
    34.0,
    95.0,
    181.0,
    246.0,
    406.0,
    421.0,
    432.0,
    583.0,
    813.0,
    1227.0,
    2141.0,
    3421.0
  ],
  "per_class_acc": [
    0.8970000147819519,
    0.8790000081062317,
    0.8399999737739563,
    0.8080000281333923,
    0.8809999823570251,
    0.8479999899864197,
    0.8799999952316284,
    0.9350000023841858,
    0.921999990940094,
    0.9549999833106995
  ]
}