{
  "epoch": 7,
  "train_loss": 1.0245582101595065,
  "train_acc": 0.71526,
  "test_loss": 0.6616937491297722,
  "test_acc": 0.7975,
  "test_ece": 0.07566329836845398,
  "test_entropy": 0.90382981300354,
  "bin_accuracies": [
    0.0,
    0.0,
    0.35714285714285715,
    0.3393939393939394,
    0.36492890995260663,
    0.4426807760141093,
    0.5096870342771982,
    0.615606936416185,
    0.680064308681672,
    0.75,
    0.820979020979021,
    0.8698539176626826,
    0.9203268641470889,
    0.9641626464507237,
    0.9922713610991842
  ],
  "bin_confidences": [
    0.0,
    0.0,
    0.18797573447227478,
    0.24285422265529633,
    0.30305638909339905,
    0.36625149846076965,
    0.43402963876724243,
    0.4998852014541626,
    0.5659591555595398,
    0.6336049437522888,
    0.7011958360671997,
    0.7675405740737915,
    0.8355176448822021,
    0.9031246304512024,
    0.966242253780365
  ],
  "bin_counts": [
    0.0,
    0.0,
    14.0,
    165.0,
    422.0,
    567.0,
    671.0,
    692.0,
    622.0,
    620.0,
    715.0,
    753.0,
    979.0,
    1451.0,
    2329.0
  ],
  "per_class_acc": [
    0.8009999990463257,
    0.949999988079071,
    0.7120000123977661,
    0.574999988079071,
    0.7879999876022339,
    0.6959999799728394,
    0.9340000152587891,
    0.7459999918937683,
    0.9269999861717224,
    0.8460000157356262
  ]
}