{
  "epoch": 33,
  "train_loss": 0.6311509693827471,
  "train_acc": 0.83952,
  "test_loss": 0.538029155433178,
  "test_acc": 0.8405,
  "test_ece": 0.017923636361956596,
  "test_entropy": 0.603127658367157,
  "bin_accuracies": [
    0.0,
    0.0,
    0.0,
    0.3333333333333333,
    0.32727272727272727,
    0.4044943820224719,
    0.4828897338403042,
    0.533175355450237,
    0.5853131749460043,
    0.6653696498054474,
    0.7165217391304348,
    0.8027210884353742,
    0.863130881094953,
    0.9281767955801105,
    0.9656477438136827
  ],
  "bin_confidences": [
    0.0,
    0.0,
    0.19767352938652039,
    0.2454400658607483,
    0.3098912537097931,
    0.3692682385444641,
    0.4358310103416443,
    0.5012693405151367,
    0.5665063858032227,
    0.6334090828895569,
    0.701155960559845,
    0.7683349847793579,
    0.8374060988426208,
    0.9040230512619019,
    0.9648879766464233
  ],
  "bin_counts": [
    0.0,
    0.0,
    1.0,
    18.0,
    55.0,
    178.0,
    263.0,
    422.0,
    463.0,
    514.0,
    575.0,
    735.0,
    1169.0,
    2172.0,
    3435.0
  ],
  "per_class_acc": [
    0.9139999747276306,
    0.9269999861717224,
    0.7179999947547913,
    0.925000011920929,
    0.8119999766349792,
    0.7149999737739563,
    0.8159999847412109,
    0.7990000247955322,
    0.8840000033378601,
    0.8949999809265137
  ]
}