{
  "epoch": 13,
  "train_loss": 0.8752838972279483,
  "train_acc": 0.76958,
  "test_loss": 0.5581220823526383,
  "test_acc": 0.8313,
  "test_ece": 0.07281828671693802,
  "test_entropy": 0.8191108107566833,
  "bin_accuracies": [
    0.0,
    0.0,
    0.2,
    0.4,
    0.33201581027667987,
    0.4476439790575916,
    0.5117540687160941,
    0.5855379188712522,
    0.6689536878216124,
    0.7449664429530202,
    0.7948328267477204,
    0.8573155985489722,
    0.9259882253994953,
    0.976,
    0.9934980494148244
  ],
  "bin_confidences": [
    0.0,
    0.0,
    0.18835803866386414,
    0.24271517992019653,
    0.30457571148872375,
    0.3686031401157379,
    0.43487152457237244,
    0.49900540709495544,
    0.5676538348197937,
    0.6327736377716064,
    0.7019797563552856,
    0.7670508623123169,
    0.8359254002571106,
    0.9030013680458069,
    0.9619411826133728
  ],
  "bin_counts": [
    0.0,
    0.0,
    10.0,
    75.0,
    253.0,
    382.0,
    553.0,
    567.0,
    583.0,
    596.0,
    658.0,
    827.0,
    1189.0,
    2000.0,
    2307.0
  ],
  "per_class_acc": [
    0.8019999861717224,
    0.9459999799728394,
    0.8009999990463257,
    0.5080000162124634,
    0.8980000019073486,
    0.8820000290870667,
    0.9079999923706055,
    0.7519999742507935,
    0.9010000228881836,
    0.9150000214576721
  ]
}