{
  "epoch": 39,
  "train_loss": 0.4799278002718221,
  "train_acc": 0.87568,
  "test_loss": 0.45481999903917314,
  "test_acc": 0.8728,
  "test_ece": 0.03384384885430336,
  "test_entropy": 0.5610196590423584,
  "bin_accuracies": [
    0.0,
    0.0,
    0.0,
    0.4,
    0.30851063829787234,
    0.4076086956521739,
    0.4716312056737589,
    0.5361111111111111,
    0.6128048780487805,
    0.658008658008658,
    0.763915547024952,
    0.8434504792332268,
    0.900106269925611,
    0.9483767961681746,
    0.9823584029712163
  ],
  "bin_confidences": [
    0.0,
    0.0,
    0.0,
    0.25236842036247253,
    0.30794471502304077,
    0.36993029713630676,
    0.4351969361305237,
    0.4995732605457306,
    0.5668632984161377,
    0.6346678733825684,
    0.7000207901000977,
    0.7690334916114807,
    0.8373492956161499,
    0.903465747833252,
    0.9692106246948242
  ],
  "bin_counts": [
    0.0,
    0.0,
    0.0,
    15.0,
    94.0,
    184.0,
    282.0,
    360.0,
    328.0,
    462.0,
    521.0,
    626.0,
    941.0,
    1879.0,
    4308.0
  ],
  "per_class_acc": [
    0.8799999952316284,
    0.9559999704360962,
    0.7239999771118164,
    0.7889999747276306,
    0.8659999966621399,
    0.8149999976158142,
    0.9290000200271606,
    0.9290000200271606,
    0.9480000138282776,
    0.8920000195503235
  ]
}