{
  "epoch": 20,
  "train_loss": 0.7740044722624142,
  "train_acc": 0.8032,
  "test_loss": 0.4947802400588989,
  "test_acc": 0.8577,
  "test_ece": 0.07522335648536682,
  "test_entropy": 0.763310432434082,
  "bin_accuracies": [
    0.0,
    0.0,
    0.0,
    0.31666666666666665,
    0.4124293785310734,
    0.40064102564102566,
    0.5144230769230769,
    0.592156862745098,
    0.676829268292683,
    0.7250470809792844,
    0.8025682182985554,
    0.8729216152019003,
    0.9464856230031949,
    0.9714532871972318,
    0.9955483609874545
  ],
  "bin_confidences": [
    0.0,
    0.0,
    0.19439032673835754,
    0.24392357468605042,
    0.3057533800601959,
    0.36916807293891907,
    0.4356638193130493,
    0.4997082054615021,
    0.5665804743766785,
    0.6355922818183899,
    0.7017468810081482,
    0.7688562870025635,
    0.836297869682312,
    0.9027860760688782,
    0.9591363072395325
  ],
  "bin_counts": [
    0.0,
    0.0,
    2.0,
    60.0,
    177.0,
    312.0,
    416.0,
    510.0,
    492.0,
    531.0,
    623.0,
    842.0,
    1252.0,
    2312.0,
    2471.0
  ],
  "per_class_acc": [
    0.890999972820282,
    0.9210000038146973,
    0.6899999976158142,
    0.7620000243186951,
    0.8849999904632568,
    0.8109999895095825,
    0.8410000205039978,
    0.9290000200271606,
    0.9459999799728394,
    0.9010000228881836
  ]
}