{
  "epoch": 47,
  "train_loss": 0.30938528516255986,
  "train_acc": 0.91268,
  "test_loss": 0.48170109406113626,
  "test_acc": 0.8683,
  "test_ece": 0.013261176645755768,
  "test_entropy": 0.4270121157169342,
  "bin_accuracies": [
    0.0,
    0.0,
    0.0,
    0.125,
    0.30303030303030304,
    0.3875968992248062,
    0.43283582089552236,
    0.4919093851132686,
    0.5756676557863502,
    0.6273972602739726,
    0.7085308056872038,
    0.7948717948717948,
    0.8713745271122321,
    0.9121915820029027,
    0.9674990818949688
  ],
  "bin_confidences": [
    0.0,
    0.0,
    0.0,
    0.24769213795661926,
    0.30572032928466797,
    0.3685976266860962,
    0.4351370632648468,
    0.5009467601776123,
    0.5661470293998718,
    0.6345662474632263,
    0.7022489309310913,
    0.7674932479858398,
    0.834969162940979,
    0.9041675329208374,
    0.9789560437202454
  ],
  "bin_counts": [
    0.0,
    0.0,
    0.0,
    8.0,
    66.0,
    129.0,
    201.0,
    309.0,
    337.0,
    365.0,
    422.0,
    546.0,
    793.0,
    1378.0,
    5446.0
  ],
  "per_class_acc": [
    0.8399999737739563,
    0.8889999985694885,
    0.8640000224113464,
    0.7110000252723694,
    0.8880000114440918,
    0.8450000286102295,
    0.902999997138977,
    0.8889999985694885,
    0.9269999861717224,
    0.9269999861717224
  ]
}