{
  "epoch": 3,
  "train_loss": 1.2519890351978409,
  "train_acc": 0.62184,
  "test_loss": 0.8115253931283951,
  "test_acc": 0.7295,
  "test_ece": 0.04390721395611763,
  "test_entropy": 0.9632437229156494,
  "bin_accuracies": [
    0.0,
    0.0,
    0.5,
    0.2918918918918919,
    0.3903846153846154,
    0.3828016643550624,
    0.4945054945054945,
    0.5694956949569495,
    0.6191066997518611,
    0.6795580110497238,
    0.7592319054652881,
    0.8264781491002571,
    0.8857479387514723,
    0.932788374205268,
    0.9824737105658488
  ],
  "bin_confidences": [
    0.0,
    0.0,
    0.19027358293533325,
    0.23937773704528809,
    0.3047920763492584,
    0.36757588386535645,
    0.4331933557987213,
    0.49905145168304443,
    0.5676286816596985,
    0.6317920088768005,
    0.7002097368240356,
    0.7668542265892029,
    0.8346316814422607,
    0.9029704332351685,
    0.9701336622238159
  ],
  "bin_counts": [
    0.0,
    0.0,
    10.0,
    185.0,
    520.0,
    721.0,
    819.0,
    813.0,
    806.0,
    724.0,
    677.0,
    778.0,
    849.0,
    1101.0,
    1997.0
  ],
  "per_class_acc": [
    0.7329999804496765,
    0.8939999938011169,
    0.7149999737739563,
    0.47999998927116394,
    0.6679999828338623,
    0.5870000123977661,
    0.8190000057220459,
    0.8389999866485596,
    0.7950000166893005,
    0.7649999856948853
  ]
}