{
  "epoch": 26,
  "train_loss": 0.7018532270513227,
  "train_acc": 0.82294,
  "test_loss": 0.457158086001873,
  "test_acc": 0.8661,
  "test_ece": 0.0677541196346283,
  "test_entropy": 0.7033311128616333,
  "bin_accuracies": [
    0.0,
    0.0,
    0.0,
    0.24390243902439024,
    0.33858267716535434,
    0.42700729927007297,
    0.538659793814433,
    0.5598194130925508,
    0.6330472103004292,
    0.7234848484848485,
    0.8218181818181818,
    0.8774038461538461,
    0.9332784184514004,
    0.9673721340388007,
    0.9937194696441033
  ],
  "bin_confidences": [
    0.0,
    0.0,
    0.18727947771549225,
    0.24462372064590454,
    0.3024326264858246,
    0.3695703148841858,
    0.4339869022369385,
    0.500960648059845,
    0.5679399967193604,
    0.6340785026550293,
    0.701537549495697,
    0.767776608467102,
    0.8364303112030029,
    0.9028328657150269,
    0.9619444608688354
  ],
  "bin_counts": [
    0.0,
    0.0,
    3.0,
    41.0,
    127.0,
    274.0,
    388.0,
    443.0,
    466.0,
    528.0,
    550.0,
    832.0,
    1214.0,
    2268.0,
    2866.0
  ],
  "per_class_acc": [
    0.8259999752044678,
    0.9440000057220459,
    0.8529999852180481,
    0.7390000224113464,
    0.7760000228881836,
    0.878000020980835,
    0.8849999904632568,
    0.9049999713897705,
    0.9279999732971191,
    0.9269999861717224
  ]
}