{
  "epoch": 46,
  "train_loss": 0.3198854558912994,
  "train_acc": 0.90882,
  "test_loss": 0.5078873297572136,
  "test_acc": 0.8576,
  "test_ece": 0.020566362887620926,
  "test_entropy": 0.5120107531547546,
  "bin_accuracies": [
    0.0,
    0.0,
    0.5,
    0.16666666666666666,
    0.3088235294117647,
    0.3945945945945946,
    0.44787644787644787,
    0.5,
    0.5661764705882353,
    0.6334841628959276,
    0.7766393442622951,
    0.8436482084690554,
    0.8735511064278187,
    0.9314465408805032,
    0.9690968443960827
  ],
  "bin_confidences": [
    0.0,
    0.0,
    0.18511074781417847,
    0.2474977672100067,
    0.3084348440170288,
    0.3703054189682007,
    0.4344283640384674,
    0.5012486577033997,
    0.5650548934936523,
    0.634053111076355,
    0.7010795474052429,
    0.7675603032112122,
    0.8352511525154114,
    0.9040771722793579,
    0.9758290648460388
  ],
  "bin_counts": [
    0.0,
    0.0,
    2.0,
    18.0,
    68.0,
    185.0,
    259.0,
    382.0,
    408.0,
    442.0,
    488.0,
    614.0,
    949.0,
    1590.0,
    4595.0
  ],
  "per_class_acc": [
    0.8799999952316284,
    0.8809999823570251,
    0.8119999766349792,
    0.7310000061988831,
    0.8629999756813049,
    0.796999990940094,
    0.9179999828338623,
    0.878000020980835,
    0.9259999990463257,
    0.8899999856948853
  ]
}