{
  "epoch": 48,
  "train_loss": 0.30283763185334023,
  "train_acc": 0.91236,
  "test_loss": 0.5147974035143852,
  "test_acc": 0.8609,
  "test_ece": 0.013736961409449577,
  "test_entropy": 0.44687992334365845,
  "bin_accuracies": [
    0.0,
    0.0,
    0.0,
    0.375,
    0.3275862068965517,
    0.3829787234042553,
    0.4719626168224299,
    0.5132743362831859,
    0.571830985915493,
    0.6376811594202898,
    0.7293064876957495,
    0.7871198568872988,
    0.8545454545454545,
    0.9075511644318984,
    0.9638139000574383
  ],
  "bin_confidences": [
    0.0,
    0.0,
    0.0,
    0.2475329339504242,
    0.30942127108573914,
    0.368357390165329,
    0.43691837787628174,
    0.502604603767395,
    0.5679457187652588,
    0.6341655850410461,
    0.7014049291610718,
    0.7686247825622559,
    0.8355899453163147,
    0.9039350748062134,
    0.9783084392547607
  ],
  "bin_counts": [
    0.0,
    0.0,
    0.0,
    8.0,
    58.0,
    141.0,
    214.0,
    339.0,
    355.0,
    414.0,
    447.0,
    559.0,
    825.0,
    1417.0,
    5223.0
  ],
  "per_class_acc": [
    0.8610000014305115,
    0.9340000152587891,
    0.8289999961853027,
    0.7440000176429749,
    0.8399999737739563,
    0.847000002861023,
    0.8790000081062317,
    0.8920000195503235,
    0.8529999852180481,
    0.9300000071525574
  ]
}