{
  "epoch": 10,
  "train_loss": 0.9381344966266466,
  "train_acc": 0.74808,
  "test_loss": 0.5599273383617401,
  "test_acc": 0.8247,
  "test_ece": 0.05866193026304245,
  "test_entropy": 0.7710647583007812,
  "bin_accuracies": [
    0.0,
    0.0,
    0.4,
    0.3488372093023256,
    0.3671875,
    0.38480392156862747,
    0.5211786372007366,
    0.583916083916084,
    0.6660714285714285,
    0.7290015847860539,
    0.7996845425867508,
    0.841248303934871,
    0.9058201058201059,
    0.9599224305106658,
    0.9902470741222367
  ],
  "bin_confidences": [
    0.0,
    0.0,
    0.19102028012275696,
    0.2424681931734085,
    0.3052285313606262,
    0.3688441514968872,
    0.4337046146392822,
    0.49864357709884644,
    0.5658513903617859,
    0.6328664422035217,
    0.7007431983947754,
    0.7679502964019775,
    0.8349788188934326,
    0.9023934602737427,
    0.96804279088974
  ],
  "bin_counts": [
    0.0,
    0.0,
    5.0,
    86.0,
    256.0,
    408.0,
    543.0,
    572.0,
    560.0,
    631.0,
    634.0,
    737.0,
    945.0,
    1547.0,
    3076.0
  ],
  "per_class_acc": [
    0.8519999980926514,
    0.9679999947547913,
    0.8190000057220459,
    0.6940000057220459,
    0.8389999866485596,
    0.7400000095367432,
    0.8579999804496765,
    0.6970000267028809,
    0.8830000162124634,
    0.8970000147819519
  ]
}