{
  "epoch": 32,
  "train_loss": 0.6454042861681155,
  "train_acc": 0.83712,
  "test_loss": 0.4940424978733063,
  "test_acc": 0.8544,
  "test_ece": 0.045672204345464706,
  "test_entropy": 0.6664621829986572,
  "bin_accuracies": [
    0.0,
    0.0,
    0.0,
    0.25,
    0.37272727272727274,
    0.37745098039215685,
    0.4272151898734177,
    0.5526881720430108,
    0.581858407079646,
    0.6884210526315789,
    0.7865748709122203,
    0.8656174334140436,
    0.915126050420168,
    0.9519188354653727,
    0.9801754956126096
  ],
  "bin_confidences": [
    0.0,
    0.0,
    0.18724976480007172,
    0.24047738313674927,
    0.30668413639068604,
    0.37266242504119873,
    0.4349663257598877,
    0.5009621977806091,
    0.5654777884483337,
    0.6330477595329285,
    0.7020930647850037,
    0.7678834199905396,
    0.8357876539230347,
    0.9029126763343811,
    0.9631385207176208
  ],
  "bin_counts": [
    0.0,
    0.0,
    1.0,
    36.0,
    110.0,
    204.0,
    316.0,
    465.0,
    452.0,
    475.0,
    581.0,
    826.0,
    1190.0,
    2267.0,
    3077.0
  ],
  "per_class_acc": [
    0.9010000228881836,
    0.9509999752044678,
    0.7549999952316284,
    0.6050000190734863,
    0.7549999952316284,
    0.9390000104904175,
    0.8840000033378601,
    0.890999972820282,
    0.9200000166893005,
    0.9430000185966492
  ]
}