{
  "epoch": 36,
  "train_loss": 0.6071619989774416,
  "train_acc": 0.84578,
  "test_loss": 0.4451825411617756,
  "test_acc": 0.8707,
  "test_ece": 0.0358462855219841,
  "test_entropy": 0.5722326040267944,
  "bin_accuracies": [
    0.0,
    0.0,
    0.0,
    0.24242424242424243,
    0.32989690721649484,
    0.4032258064516129,
    0.49469964664310956,
    0.5609756097560976,
    0.6144578313253012,
    0.6721698113207547,
    0.7916666666666666,
    0.8132045088566827,
    0.8851422550052687,
    0.9523809523809523,
    0.9856164383561644
  ],
  "bin_confidences": [
    0.0,
    0.0,
    0.0,
    0.24525035917758942,
    0.30687353014945984,
    0.3689514398574829,
    0.43594789505004883,
    0.5002771615982056,
    0.5674096345901489,
    0.6360630393028259,
    0.6999170184135437,
    0.7681536078453064,
    0.8369317650794983,
    0.9036359786987305,
    0.969245195388794
  ],
  "bin_counts": [
    0.0,
    0.0,
    0.0,
    33.0,
    97.0,
    186.0,
    283.0,
    410.0,
    415.0,
    424.0,
    480.0,
    621.0,
    949.0,
    1722.0,
    4380.0
  ],
  "per_class_acc": [
    0.8809999823570251,
    0.9710000157356262,
    0.8339999914169312,
    0.7940000295639038,
    0.8899999856948853,
    0.7689999938011169,
    0.8939999938011169,
    0.8629999756813049,
    0.8799999952316284,
    0.9309999942779541
  ]
}