{
  "epoch": 43,
  "train_loss": 0.36728880301003564,
  "train_acc": 0.90014,
  "test_loss": 0.44802612021565436,
  "test_acc": 0.8754,
  "test_ece": 0.021246016025543213,
  "test_entropy": 0.49019405245780945,
  "bin_accuracies": [
    0.0,
    0.0,
    0.0,
    0.15384615384615385,
    0.32786885245901637,
    0.4041095890410959,
    0.4429223744292237,
    0.477124183006536,
    0.5978552278820375,
    0.6530612244897959,
    0.7678571428571429,
    0.8303715670436187,
    0.8722919042189282,
    0.936,
    0.9781021897810219
  ],
  "bin_confidences": [
    0.0,
    0.0,
    0.1994367092847824,
    0.2478698045015335,
    0.3056034743785858,
    0.3695868253707886,
    0.43903326988220215,
    0.5016641020774841,
    0.5670408010482788,
    0.6346294283866882,
    0.7019628286361694,
    0.7683873772621155,
    0.836517870426178,
    0.903471827507019,
    0.973645031452179
  ],
  "bin_counts": [
    0.0,
    0.0,
    1.0,
    13.0,
    61.0,
    146.0,
    219.0,
    306.0,
    373.0,
    392.0,
    448.0,
    619.0,
    877.0,
    1750.0,
    4795.0
  ],
  "per_class_acc": [
    0.8880000114440918,
    0.9470000267028809,
    0.8479999899864197,
    0.6990000009536743,
    0.8769999742507935,
    0.871999979019165,
    0.8939999938011169,
    0.8989999890327454,
    0.9150000214576721,
    0.9150000214576721
  ]
}