{
  "epoch": 35,
  "train_loss": 0.6207346730220044,
  "train_acc": 0.84144,
  "test_loss": 0.461889708340168,
  "test_acc": 0.8576,
  "test_ece": 0.02137334831058979,
  "test_entropy": 0.5295363068580627,
  "bin_accuracies": [
    0.0,
    0.0,
    0.0,
    0.2631578947368421,
    0.32967032967032966,
    0.3313253012048193,
    0.41403508771929826,
    0.48739495798319327,
    0.578125,
    0.5904522613065326,
    0.6789587852494577,
    0.7861163227016885,
    0.8569682151589242,
    0.9415977961432507,
    0.9833083672159213
  ],
  "bin_confidences": [
    0.0,
    0.0,
    0.0,
    0.24168582260608673,
    0.3045375645160675,
    0.3685917556285858,
    0.4350607097148895,
    0.4984996020793915,
    0.5656844973564148,
    0.6349584460258484,
    0.700557291507721,
    0.7693125605583191,
    0.837902843952179,
    0.9055296778678894,
    0.9678087830543518
  ],
  "bin_counts": [
    0.0,
    0.0,
    0.0,
    19.0,
    91.0,
    166.0,
    285.0,
    357.0,
    384.0,
    398.0,
    461.0,
    533.0,
    818.0,
    1815.0,
    4673.0
  ],
  "per_class_acc": [
    0.9409999847412109,
    0.9369999766349792,
    0.722000002861023,
    0.5519999861717224,
    0.9589999914169312,
    0.8650000095367432,
    0.8669999837875366,
    0.8920000195503235,
    0.9100000262260437,
    0.9309999942779541
  ]
}