{
  "epoch": 44,
  "train_loss": 0.345650061698216,
  "train_acc": 0.90518,
  "test_loss": 0.46459143832325933,
  "test_acc": 0.8735,
  "test_ece": 0.02002841979265213,
  "test_entropy": 0.48540550470352173,
  "bin_accuracies": [
    0.0,
    0.0,
    0.0,
    0.3076923076923077,
    0.37735849056603776,
    0.3390804597701149,
    0.4658119658119658,
    0.5674157303370787,
    0.5825825825825826,
    0.6726804123711341,
    0.780040733197556,
    0.8338983050847457,
    0.8785471055618616,
    0.9186119873817035,
    0.9753161974704202
  ],
  "bin_confidences": [
    0.0,
    0.0,
    0.0,
    0.24960258603096008,
    0.3023991584777832,
    0.3714960813522339,
    0.43742141127586365,
    0.5007282495498657,
    0.5657187104225159,
    0.6343433856964111,
    0.7007020711898804,
    0.7694433331489563,
    0.8364322781562805,
    0.9042497277259827,
    0.9757632613182068
  ],
  "bin_counts": [
    0.0,
    0.0,
    0.0,
    13.0,
    53.0,
    174.0,
    234.0,
    356.0,
    333.0,
    388.0,
    491.0,
    590.0,
    881.0,
    1585.0,
    4902.0
  ],
  "per_class_acc": [
    0.9190000295639038,
    0.9319999814033508,
    0.7900000214576721,
    0.7360000014305115,
    0.8610000014305115,
    0.8709999918937683,
    0.9129999876022339,
    0.8920000195503235,
    0.9139999747276306,
    0.9070000052452087
  ]
}