{
  "epoch": 31,
  "train_loss": 0.6528864917547806,
  "train_acc": 0.83566,
  "test_loss": 0.4767998883128166,
  "test_acc": 0.8554,
  "test_ece": 0.02476542629301548,
  "test_entropy": 0.5809807777404785,
  "bin_accuracies": [
    0.0,
    0.0,
    0.0,
    0.391304347826087,
    0.36363636363636365,
    0.3991031390134529,
    0.4652014652014652,
    0.5158924205378973,
    0.5686274509803921,
    0.6445916114790287,
    0.7533718689788054,
    0.8012422360248447,
    0.8767123287671232,
    0.9424986931521171,
    0.9809663250366032
  ],
  "bin_confidences": [
    0.0,
    0.0,
    0.0,
    0.24341139197349548,
    0.30528372526168823,
    0.36901307106018066,
    0.4361020624637604,
    0.500359833240509,
    0.5671318769454956,
    0.6337535977363586,
    0.7011634707450867,
    0.7688136100769043,
    0.8354816436767578,
    0.9051228165626526,
    0.9677915573120117
  ],
  "bin_counts": [
    0.0,
    0.0,
    0.0,
    23.0,
    88.0,
    223.0,
    273.0,
    409.0,
    408.0,
    453.0,
    519.0,
    644.0,
    949.0,
    1913.0,
    4098.0
  ],
  "per_class_acc": [
    0.7519999742507935,
    0.9039999842643738,
    0.8640000224113464,
    0.8109999895095825,
    0.8519999980926514,
    0.8410000205039978,
    0.8840000033378601,
    0.7910000085830688,
    0.9670000076293945,
    0.8880000114440918
  ]
}