{
  "epoch": 49,
  "train_loss": 0.2502638919807761,
  "train_acc": 0.9281,
  "test_loss": 0.494339365363121,
  "test_acc": 0.8673,
  "test_ece": 0.020278863608837128,
  "test_entropy": 0.4408256709575653,
  "bin_accuracies": [
    0.0,
    0.0,
    0.0,
    0.2727272727272727,
    0.24242424242424243,
    0.3,
    0.4585152838427948,
    0.5518394648829431,
    0.6062322946175638,
    0.6482939632545932,
    0.7268722466960352,
    0.8297491039426523,
    0.8624078624078624,
    0.907446068197634,
    0.965261958997722
  ],
  "bin_confidences": [
    0.0,
    0.0,
    0.0,
    0.24549537897109985,
    0.30800962448120117,
    0.36782145500183105,
    0.43474289774894714,
    0.5007425546646118,
    0.5683652758598328,
    0.6339674592018127,
    0.6987158060073853,
    0.7665687799453735,
    0.8355309367179871,
    0.9039723873138428,
    0.9794779419898987
  ],
  "bin_counts": [
    0.0,
    0.0,
    0.0,
    11.0,
    66.0,
    130.0,
    229.0,
    299.0,
    353.0,
    381.0,
    454.0,
    558.0,
    814.0,
    1437.0,
    5268.0
  ],
  "per_class_acc": [
    0.8830000162124634,
    0.9150000214576721,
    0.8289999961853027,
    0.7620000243186951,
    0.8560000061988831,
    0.8199999928474426,
    0.9179999828338623,
    0.9110000133514404,
    0.9020000100135803,
    0.8769999742507935
  ]
}