{
  "epoch": 38,
  "train_loss": 0.490889093721919,
  "train_acc": 0.87218,
  "test_loss": 0.45044837713241576,
  "test_acc": 0.876,
  "test_ece": 0.03907816484570503,
  "test_entropy": 0.5650217533111572,
  "bin_accuracies": [
    0.0,
    0.0,
    0.0,
    0.15384615384615385,
    0.2602739726027397,
    0.3875,
    0.44921875,
    0.5625,
    0.6256830601092896,
    0.6828703703703703,
    0.789279112754159,
    0.8405405405405405,
    0.9042357274401474,
    0.9572434607645876,
    0.9784569138276553
  ],
  "bin_confidences": [
    0.0,
    0.0,
    0.19598901271820068,
    0.2518048882484436,
    0.3084113895893097,
    0.3692034184932709,
    0.43825989961624146,
    0.500292181968689,
    0.5665103197097778,
    0.6340121030807495,
    0.701380729675293,
    0.7695362567901611,
    0.8354014754295349,
    0.9036712050437927,
    0.9699264168739319
  ],
  "bin_counts": [
    0.0,
    0.0,
    1.0,
    13.0,
    73.0,
    160.0,
    256.0,
    352.0,
    366.0,
    432.0,
    541.0,
    740.0,
    1086.0,
    1988.0,
    3992.0
  ],
  "per_class_acc": [
    0.8679999709129333,
    0.9470000267028809,
    0.9120000004768372,
    0.7900000214576721,
    0.8619999885559082,
    0.7310000061988831,
    0.902999997138977,
    0.9240000247955322,
    0.8840000033378601,
    0.9390000104904175
  ]
}