{
  "epoch": 24,
  "train_loss": 0.7271281300145952,
  "train_acc": 0.81688,
  "test_loss": 0.4886018174886704,
  "test_acc": 0.8593,
  "test_ece": 0.06371200829744339,
  "test_entropy": 0.7208933234214783,
  "bin_accuracies": [
    0.0,
    0.0,
    0.3333333333333333,
    0.2765957446808511,
    0.34265734265734266,
    0.432,
    0.49504950495049505,
    0.5636363636363636,
    0.6356107660455487,
    0.7212475633528265,
    0.7954545454545454,
    0.8845238095238095,
    0.9281298299845441,
    0.964622641509434,
    0.9898138391289076
  ],
  "bin_confidences": [
    0.0,
    0.0,
    0.18781621754169464,
    0.24034100770950317,
    0.3038772642612457,
    0.3709608316421509,
    0.432842493057251,
    0.5009366869926453,
    0.567663848400116,
    0.6339869499206543,
    0.7015945911407471,
    0.7693116664886475,
    0.8351285457611084,
    0.9034960269927979,
    0.9619448184967041
  ],
  "bin_counts": [
    0.0,
    0.0,
    3.0,
    47.0,
    143.0,
    250.0,
    404.0,
    440.0,
    483.0,
    513.0,
    616.0,
    840.0,
    1294.0,
    2120.0,
    2847.0
  ],
  "per_class_acc": [
    0.8389999866485596,
    0.9470000267028809,
    0.8299999833106995,
    0.5740000009536743,
    0.8220000267028809,
    0.8690000176429749,
    0.9089999794960022,
    0.9559999704360962,
    0.9359999895095825,
    0.9110000133514404
  ]
}