{
  "epoch": 28,
  "train_loss": 0.6840822795772796,
  "train_acc": 0.82768,
  "test_loss": 0.4925035107135773,
  "test_acc": 0.8668,
  "test_ece": 0.0913032814860344,
  "test_entropy": 0.7949830889701843,
  "bin_accuracies": [
    0.0,
    0.0,
    0.0,
    0.19298245614035087,
    0.40119760479041916,
    0.4195583596214511,
    0.5210918114143921,
    0.5784114052953157,
    0.6952380952380952,
    0.7879924953095685,
    0.8706896551724138,
    0.9094693028095734,
    0.9451957295373665,
    0.9758842443729904,
    0.9923352069494124
  ],
  "bin_confidences": [
    0.0,
    0.0,
    0.0,
    0.24513819813728333,
    0.30582451820373535,
    0.3689732253551483,
    0.43567752838134766,
    0.4999571144580841,
    0.566295325756073,
    0.6344074010848999,
    0.7019932866096497,
    0.7687589526176453,
    0.8364999890327454,
    0.9018197655677795,
    0.958625316619873
  ],
  "bin_counts": [
    0.0,
    0.0,
    0.0,
    57.0,
    167.0,
    317.0,
    403.0,
    491.0,
    525.0,
    533.0,
    696.0,
    961.0,
    1405.0,
    2488.0,
    1957.0
  ],
  "per_class_acc": [
    0.8360000252723694,
    0.9639999866485596,
    0.828000009059906,
    0.597000002861023,
    0.9290000200271606,
    0.8399999737739563,
    0.9520000219345093,
    0.8889999985694885,
    0.9390000104904175,
    0.8939999938011169
  ]
}