{
  "epoch": 8,
  "train_loss": 0.9927271798138728,
  "train_acc": 0.72928,
  "test_loss": 0.6408680662512779,
  "test_acc": 0.7954,
  "test_ece": 0.05135449767112732,
  "test_entropy": 0.8333365321159363,
  "bin_accuracies": [
    0.0,
    0.0,
    0.2222222222222222,
    0.24299065420560748,
    0.36727272727272725,
    0.4495049504950495,
    0.5108153078202995,
    0.5431918008784773,
    0.6116941529235382,
    0.673469387755102,
    0.7620481927710844,
    0.8366583541147132,
    0.9117647058823529,
    0.9659820282413351,
    0.9900876858558902
  ],
  "bin_confidences": [
    0.0,
    0.0,
    0.18915396928787231,
    0.24186649918556213,
    0.3038448095321655,
    0.3673093020915985,
    0.4350154399871826,
    0.5001578330993652,
    0.5664459466934204,
    0.6321451663970947,
    0.701554536819458,
    0.7685431838035583,
    0.8358979821205139,
    0.903526246547699,
    0.9660708904266357
  ],
  "bin_counts": [
    0.0,
    0.0,
    9.0,
    107.0,
    275.0,
    505.0,
    601.0,
    683.0,
    667.0,
    588.0,
    664.0,
    802.0,
    918.0,
    1558.0,
    2623.0
  ],
  "per_class_acc": [
    0.7620000243186951,
    0.925000011920929,
    0.5870000123977661,
    0.6179999709129333,
    0.6480000019073486,
    0.8820000290870667,
    0.8889999985694885,
    0.847000002861023,
    0.906000018119812,
    0.8899999856948853
  ]
}