{
  "epoch": 27,
  "train_loss": 0.6903054353678623,
  "train_acc": 0.82688,
  "test_loss": 0.5361553165316582,
  "test_acc": 0.8409,
  "test_ece": 0.03614823892712593,
  "test_entropy": 0.651680588722229,
  "bin_accuracies": [
    0.0,
    0.0,
    1.0,
    0.08888888888888889,
    0.34615384615384615,
    0.44214876033057854,
    0.4090909090909091,
    0.5155875299760192,
    0.6123260437375746,
    0.6260330578512396,
    0.7378640776699029,
    0.8211068211068211,
    0.8980537534754403,
    0.9526739233317558,
    0.9820466786355476
  ],
  "bin_confidences": [
    0.0,
    0.0,
    0.19395625591278076,
    0.2452283501625061,
    0.3036814033985138,
    0.3692655861377716,
    0.43762215971946716,
    0.5003165006637573,
    0.567107617855072,
    0.6331415772438049,
    0.701431930065155,
    0.7691482305526733,
    0.8360320925712585,
    0.903843343257904,
    0.9644968509674072
  ],
  "bin_counts": [
    0.0,
    0.0,
    1.0,
    45.0,
    130.0,
    242.0,
    352.0,
    417.0,
    503.0,
    484.0,
    515.0,
    777.0,
    1079.0,
    2113.0,
    3342.0
  ],
  "per_class_acc": [
    0.9490000009536743,
    0.9279999732971191,
    0.6990000009536743,
    0.7710000276565552,
    0.9139999747276306,
    0.7149999737739563,
    0.781000018119812,
    0.875,
    0.8190000057220459,
    0.9580000042915344
  ]
}