{
  "epoch": 5,
  "train_loss": 1.1133500657727957,
  "train_acc": 0.68084,
  "test_loss": 0.7699639993906021,
  "test_acc": 0.7435,
  "test_ece": 0.03246612101793289,
  "test_entropy": 0.9040891528129578,
  "bin_accuracies": [
    0.0,
    0.0,
    0.2222222222222222,
    0.25,
    0.2697201017811705,
    0.38181818181818183,
    0.46433203631647213,
    0.5297297297297298,
    0.6014705882352941,
    0.6974063400576369,
    0.7344877344877345,
    0.8087855297157622,
    0.8890147225368064,
    0.9345718901453958,
    0.9889970376639865
  ],
  "bin_confidences": [
    0.0,
    0.0,
    0.1884567141532898,
    0.2401254028081894,
    0.3044376075267792,
    0.36793333292007446,
    0.43419063091278076,
    0.49884405732154846,
    0.5669313073158264,
    0.6336240172386169,
    0.7007319927215576,
    0.7672437429428101,
    0.8342187404632568,
    0.9028705954551697,
    0.9705766439437866
  ],
  "bin_counts": [
    0.0,
    0.0,
    18.0,
    148.0,
    393.0,
    605.0,
    771.0,
    740.0,
    680.0,
    694.0,
    693.0,
    774.0,
    883.0,
    1238.0,
    2363.0
  ],
  "per_class_acc": [
    0.8610000014305115,
    0.7609999775886536,
    0.3580000102519989,
    0.6850000023841858,
    0.7089999914169312,
    0.4860000014305115,
    0.8849999904632568,
    0.8980000019073486,
    0.9120000004768372,
    0.8799999952316284
  ]
}