{
  "epoch": 15,
  "train_loss": 0.8418302432350491,
  "train_acc": 0.7809,
  "test_loss": 0.5577503362298012,
  "test_acc": 0.832,
  "test_ece": 0.06503491848707199,
  "test_entropy": 0.7900905013084412,
  "bin_accuracies": [
    0.0,
    0.0,
    0.0,
    0.26804123711340205,
    0.37398373983739835,
    0.44972067039106145,
    0.4737903225806452,
    0.547945205479452,
    0.6503623188405797,
    0.7180385288966725,
    0.8091482649842271,
    0.8845686512758202,
    0.9249592169657422,
    0.970617042115573,
    0.9848173984407058
  ],
  "bin_confidences": [
    0.0,
    0.0,
    0.1919158697128296,
    0.24135099351406097,
    0.305470734834671,
    0.3693564534187317,
    0.434052437543869,
    0.49874383211135864,
    0.5661575198173523,
    0.6343416571617126,
    0.7000625729560852,
    0.7688204050064087,
    0.8368120193481445,
    0.9026737213134766,
    0.964119017124176
  ],
  "bin_counts": [
    0.0,
    0.0,
    7.0,
    97.0,
    246.0,
    358.0,
    496.0,
    511.0,
    552.0,
    571.0,
    634.0,
    823.0,
    1226.0,
    2042.0,
    2437.0
  ],
  "per_class_acc": [
    0.8870000243186951,
    0.8989999890327454,
    0.8069999814033508,
    0.5,
    0.9269999861717224,
    0.7070000171661377,
    0.902999997138977,
    0.8679999709129333,
    0.906000018119812,
    0.9160000085830688
  ]
}