{
  "epoch": 12,
  "train_loss": 0.8950602230818375,
  "train_acc": 0.76294,
  "test_loss": 0.562573724091053,
  "test_acc": 0.8316,
  "test_ece": 0.07766568660736084,
  "test_entropy": 0.8276428580284119,
  "bin_accuracies": [
    0.0,
    0.0,
    0.3333333333333333,
    0.23376623376623376,
    0.36401673640167365,
    0.4578313253012048,
    0.5018656716417911,
    0.568561872909699,
    0.6577181208053692,
    0.7544715447154472,
    0.8492392807745505,
    0.8770114942528736,
    0.9309484193011647,
    0.9702643171806168,
    0.9952319029042046
  ],
  "bin_confidences": [
    0.0,
    0.0,
    0.18406839668750763,
    0.24108822643756866,
    0.30266597867012024,
    0.3688439726829529,
    0.43444544076919556,
    0.5003015995025635,
    0.5654869079589844,
    0.6330666542053223,
    0.7021821141242981,
    0.7681663036346436,
    0.8351356387138367,
    0.9032994508743286,
    0.9608917832374573
  ],
  "bin_counts": [
    0.0,
    0.0,
    6.0,
    77.0,
    239.0,
    415.0,
    536.0,
    598.0,
    596.0,
    615.0,
    723.0,
    870.0,
    1202.0,
    1816.0,
    2307.0
  ],
  "per_class_acc": [
    0.906000018119812,
    0.8880000114440918,
    0.7850000262260437,
    0.6729999780654907,
    0.8759999871253967,
    0.5929999947547913,
    0.9179999828338623,
    0.9190000295639038,
    0.8220000267028809,
    0.9359999895095825
  ]
}