{
  "epoch": 30,
  "train_loss": 0.6657361017773523,
  "train_acc": 0.8316,
  "test_loss": 0.4280463135242462,
  "test_acc": 0.8796,
  "test_ece": 0.06535961478948593,
  "test_entropy": 0.6607675552368164,
  "bin_accuracies": [
    0.0,
    0.0,
    0.0,
    0.22857142857142856,
    0.28448275862068967,
    0.43243243243243246,
    0.5058139534883721,
    0.5617433414043583,
    0.6548223350253807,
    0.7638888888888888,
    0.8085539714867617,
    0.8801597869507324,
    0.9258064516129032,
    0.9732776617954071,
    0.9883096366508689
  ],
  "bin_confidences": [
    0.0,
    0.0,
    0.1702352613210678,
    0.2478070706129074,
    0.3061099946498871,
    0.3710251450538635,
    0.43560588359832764,
    0.4985383450984955,
    0.5668720602989197,
    0.6350486278533936,
    0.7021740674972534,
    0.7694815397262573,
    0.8368019461631775,
    0.9044280648231506,
    0.9613699316978455
  ],
  "bin_counts": [
    0.0,
    0.0,
    2.0,
    35.0,
    116.0,
    222.0,
    344.0,
    413.0,
    394.0,
    432.0,
    491.0,
    751.0,
    1240.0,
    2395.0,
    3165.0
  ],
  "per_class_acc": [
    0.8809999823570251,
    0.9610000252723694,
    0.7820000052452087,
    0.7300000190734863,
    0.8759999871253967,
    0.8600000143051147,
    0.9490000009536743,
    0.8809999823570251,
    0.9399999976158142,
    0.9359999895095825
  ]
}