{
  "epoch": 34,
  "train_loss": 0.6299855287575051,
  "train_acc": 0.84102,
  "test_loss": 0.468256421983242,
  "test_acc": 0.8668,
  "test_ece": 0.05502528324723244,
  "test_entropy": 0.6604522466659546,
  "bin_accuracies": [
    0.0,
    0.0,
    0.0,
    0.27586206896551724,
    0.375,
    0.41452991452991456,
    0.49854227405247814,
    0.5606407322654462,
    0.6650602409638554,
    0.6876310272536688,
    0.7628318584070797,
    0.8603723404255319,
    0.914004914004914,
    0.9679245283018868,
    0.9884603704828424
  ],
  "bin_confidences": [
    0.0,
    0.0,
    0.1851210594177246,
    0.24976812303066254,
    0.3049614429473877,
    0.3697299063205719,
    0.4351939558982849,
    0.5011569857597351,
    0.5688624382019043,
    0.6316555142402649,
    0.6996790170669556,
    0.7695183157920837,
    0.837142288684845,
    0.9042165279388428,
    0.9630932211875916
  ],
  "bin_counts": [
    0.0,
    0.0,
    2.0,
    29.0,
    112.0,
    234.0,
    343.0,
    437.0,
    415.0,
    477.0,
    565.0,
    752.0,
    1221.0,
    2120.0,
    3293.0
  ],
  "per_class_acc": [
    0.8989999890327454,
    0.9089999794960022,
    0.734000027179718,
    0.8009999990463257,
    0.9110000133514404,
    0.7480000257492065,
    0.9139999747276306,
    0.8889999985694885,
    0.9190000295639038,
    0.9440000057220459
  ]
}