{
  "epoch": 6,
  "train_loss": 1.06426067044363,
  "train_acc": 0.70086,
  "test_loss": 0.7044681584835053,
  "test_acc": 0.7708,
  "test_ece": 0.038890957832336426,
  "test_entropy": 0.8504155278205872,
  "bin_accuracies": [
    0.0,
    0.0,
    1.0,
    0.29,
    0.3370473537604457,
    0.39920948616600793,
    0.47720364741641336,
    0.5447263017356475,
    0.6,
    0.6746987951807228,
    0.7623906705539358,
    0.8354755784061697,
    0.8896247240618101,
    0.9422535211267605,
    0.985983179815779
  ],
  "bin_confidences": [
    0.0,
    0.0,
    0.1944277286529541,
    0.2405974268913269,
    0.30468350648880005,
    0.36834388971328735,
    0.43480169773101807,
    0.4996926784515381,
    0.5663509964942932,
    0.6333011984825134,
    0.700678825378418,
    0.7676084041595459,
    0.8355512022972107,
    0.9031456112861633,
    0.9685097932815552
  ],
  "bin_counts": [
    0.0,
    0.0,
    2.0,
    100.0,
    359.0,
    506.0,
    658.0,
    749.0,
    675.0,
    664.0,
    686.0,
    778.0,
    906.0,
    1420.0,
    2497.0
  ],
  "per_class_acc": [
    0.906000018119812,
    0.9169999957084656,
    0.8040000200271606,
    0.5759999752044678,
    0.49300000071525574,
    0.7089999914169312,
    0.8410000205039978,
    0.9039999842643738,
    0.7390000224113464,
    0.8190000057220459
  ]
}