{
  "epoch": 40,
  "train_loss": 0.4678903156915284,
  "train_acc": 0.87698,
  "test_loss": 0.4759415119886398,
  "test_acc": 0.8667,
  "test_ece": 0.02546829916536808,
  "test_entropy": 0.535926103591919,
  "bin_accuracies": [
    0.0,
    0.0,
    1.0,
    0.2222222222222222,
    0.3333333333333333,
    0.3048780487804878,
    0.45774647887323944,
    0.5276967930029155,
    0.5558659217877095,
    0.6394230769230769,
    0.7581967213114754,
    0.8237129485179407,
    0.9009009009009009,
    0.952191235059761,
    0.973967684021544
  ],
  "bin_confidences": [
    0.0,
    0.0,
    0.18828441202640533,
    0.2450343817472458,
    0.30747130513191223,
    0.36468663811683655,
    0.43768826127052307,
    0.5019170641899109,
    0.5679212808609009,
    0.6339547038078308,
    0.7014531493186951,
    0.7677744626998901,
    0.8365470170974731,
    0.9036230444908142,
    0.9723057150840759
  ],
  "bin_counts": [
    0.0,
    0.0,
    1.0,
    18.0,
    75.0,
    164.0,
    284.0,
    343.0,
    358.0,
    416.0,
    488.0,
    641.0,
    999.0,
    1757.0,
    4456.0
  ],
  "per_class_acc": [
    0.847000002861023,
    0.859000027179718,
    0.8709999918937683,
    0.6629999876022339,
    0.925000011920929,
    0.8119999766349792,
    0.9110000133514404,
    0.902999997138977,
    0.9399999976158142,
    0.9359999895095825
  ]
}