{
  "epoch": 19,
  "train_loss": 0.7847764570542308,
  "train_acc": 0.80012,
  "test_loss": 0.5490231803059578,
  "test_acc": 0.8284,
  "test_ece": 0.04589267075061798,
  "test_entropy": 0.7378059029579163,
  "bin_accuracies": [
    0.0,
    0.0,
    0.0,
    0.325,
    0.37373737373737376,
    0.41590214067278286,
    0.46496815286624205,
    0.5456349206349206,
    0.6370370370370371,
    0.6801541425818882,
    0.7428571428571429,
    0.8343483556638246,
    0.905090595340811,
    0.9562256809338522,
    0.9848375451263538
  ],
  "bin_confidences": [
    0.0,
    0.0,
    0.0,
    0.23914620280265808,
    0.30554628372192383,
    0.36884063482284546,
    0.4349333345890045,
    0.5005141496658325,
    0.5674988627433777,
    0.6322789192199707,
    0.7006896734237671,
    0.7689907550811768,
    0.8360770344734192,
    0.9032415151596069,
    0.9633046984672546
  ],
  "bin_counts": [
    0.0,
    0.0,
    0.0,
    40.0,
    198.0,
    327.0,
    471.0,
    504.0,
    540.0,
    519.0,
    595.0,
    821.0,
    1159.0,
    2056.0,
    2770.0
  ],
  "per_class_acc": [
    0.7910000085830688,
    0.8700000047683716,
    0.7319999933242798,
    0.8220000267028809,
    0.8730000257492065,
    0.6309999823570251,
    0.9380000233650208,
    0.7360000014305115,
    0.9129999876022339,
    0.9779999852180481
  ]
}