{
  "epoch": 9,
  "train_loss": 0.9633195378896221,
  "train_acc": 0.73912,
  "test_loss": 0.5768138986825943,
  "test_acc": 0.8227,
  "test_ece": 0.07307671010494232,
  "test_entropy": 0.8290810585021973,
  "bin_accuracies": [
    0.0,
    0.0,
    0.2,
    0.2169811320754717,
    0.35276967930029157,
    0.44685466377440347,
    0.51985559566787,
    0.6148867313915858,
    0.6877022653721683,
    0.7547169811320755,
    0.8149253731343283,
    0.862796833773087,
    0.9239465570400822,
    0.9723502304147466,
    0.9924650161463939
  ],
  "bin_confidences": [
    0.0,
    0.0,
    0.18838992714881897,
    0.24138770997524261,
    0.30377620458602905,
    0.36926329135894775,
    0.43462830781936646,
    0.4997469186782837,
    0.5672879219055176,
    0.633317232131958,
    0.7007548213005066,
    0.7681530714035034,
    0.835241973400116,
    0.9028080105781555,
    0.9667213559150696
  ],
  "bin_counts": [
    0.0,
    0.0,
    10.0,
    106.0,
    343.0,
    461.0,
    554.0,
    618.0,
    618.0,
    583.0,
    670.0,
    758.0,
    973.0,
    1519.0,
    2787.0
  ],
  "per_class_acc": [
    0.8370000123977661,
    0.9319999814033508,
    0.7699999809265137,
    0.7300000190734863,
    0.6449999809265137,
    0.7139999866485596,
    0.9290000200271606,
    0.8059999942779541,
    0.9419999718666077,
    0.921999990940094
  ]
}