{
  "epoch": 21,
  "train_loss": 0.7597215280051122,
  "train_acc": 0.80824,
  "test_loss": 0.4661588159203529,
  "test_acc": 0.8681,
  "test_ece": 0.07533232122659683,
  "test_entropy": 0.7283739447593689,
  "bin_accuracies": [
    0.0,
    0.0,
    0.0,
    0.1896551724137931,
    0.42657342657342656,
    0.40893470790378006,
    0.5421686746987951,
    0.573394495412844,
    0.6583143507972665,
    0.768,
    0.8472906403940886,
    0.9035369774919614,
    0.9238095238095239,
    0.9674641148325359,
    0.9907899397803754
  ],
  "bin_confidences": [
    0.0,
    0.0,
    0.1902933567762375,
    0.24295930564403534,
    0.30374711751937866,
    0.36935868859291077,
    0.43321043252944946,
    0.5018580555915833,
    0.5671223998069763,
    0.6354461908340454,
    0.7001581192016602,
    0.7684236168861389,
    0.8359560966491699,
    0.9034740328788757,
    0.963243842124939
  ],
  "bin_counts": [
    0.0,
    0.0,
    3.0,
    58.0,
    143.0,
    291.0,
    415.0,
    436.0,
    439.0,
    500.0,
    609.0,
    933.0,
    1260.0,
    2090.0,
    2823.0
  ],
  "per_class_acc": [
    0.8930000066757202,
    0.9290000200271606,
    0.8730000257492065,
    0.6579999923706055,
    0.8980000019073486,
    0.7630000114440918,
    0.9150000214576721,
    0.8799999952316284,
    0.9390000104904175,
    0.9330000281333923
  ]
}