{
  "epoch": 16,
  "train_loss": 0.8295788487509999,
  "train_acc": 0.7879,
  "test_loss": 0.5458591428399086,
  "test_acc": 0.8408,
  "test_ece": 0.0731339380145073,
  "test_entropy": 0.7916427254676819,
  "bin_accuracies": [
    0.0,
    0.0,
    0.6,
    0.25,
    0.37089201877934275,
    0.44854881266490765,
    0.4817813765182186,
    0.572265625,
    0.6698473282442748,
    0.7605893186003683,
    0.8093883357041252,
    0.8747252747252747,
    0.9392049883086516,
    0.9673659673659674,
    0.9887640449438202
  ],
  "bin_confidences": [
    0.0,
    0.0,
    0.18595832586288452,
    0.24904069304466248,
    0.30432644486427307,
    0.3688335120677948,
    0.43480056524276733,
    0.5002402067184448,
    0.565889298915863,
    0.6347101926803589,
    0.6999911665916443,
    0.767776608467102,
    0.8362583518028259,
    0.9031580090522766,
    0.9627547860145569
  ],
  "bin_counts": [
    0.0,
    0.0,
    5.0,
    64.0,
    213.0,
    379.0,
    494.0,
    512.0,
    524.0,
    543.0,
    703.0,
    910.0,
    1283.0,
    2145.0,
    2225.0
  ],
  "per_class_acc": [
    0.8500000238418579,
    0.9240000247955322,
    0.7400000095367432,
    0.5519999861717224,
    0.9139999747276306,
    0.7490000128746033,
    0.8899999856948853,
    0.9639999866485596,
    0.9309999942779541,
    0.8939999938011169
  ]
}