{
  "epoch": 45,
  "train_loss": 0.3329547060191479,
  "train_acc": 0.90908,
  "test_loss": 0.4723928514122963,
  "test_acc": 0.8674,
  "test_ece": 0.014732868410646915,
  "test_entropy": 0.44287657737731934,
  "bin_accuracies": [
    0.0,
    0.0,
    0.0,
    0.25,
    0.30357142857142855,
    0.4,
    0.37727272727272726,
    0.5186440677966102,
    0.5287356321839081,
    0.6109589041095891,
    0.6983758700696056,
    0.796844181459566,
    0.8679012345679012,
    0.9195552648790059,
    0.9704108556351301
  ],
  "bin_confidences": [
    0.0,
    0.0,
    0.1792927086353302,
    0.24507485330104828,
    0.3043231964111328,
    0.3725968599319458,
    0.43402114510536194,
    0.49833786487579346,
    0.5675585269927979,
    0.6332782506942749,
    0.7027561068534851,
    0.7679567337036133,
    0.8356000185012817,
    0.9036039113998413,
    0.9772977828979492
  ],
  "bin_counts": [
    0.0,
    0.0,
    1.0,
    12.0,
    56.0,
    120.0,
    220.0,
    295.0,
    348.0,
    365.0,
    431.0,
    507.0,
    810.0,
    1529.0,
    5306.0
  ],
  "per_class_acc": [
    0.8240000009536743,
    0.8859999775886536,
    0.8130000233650208,
    0.7049999833106995,
    0.8759999871253967,
    0.8410000205039978,
    0.9150000214576721,
    0.9300000071525574,
    0.9369999766349792,
    0.9470000267028809
  ]
}