{
  "epoch": 4,
  "train_loss": 1.1770458020212706,
  "train_acc": 0.65338,
  "test_loss": 0.8183475333452225,
  "test_acc": 0.7218,
  "test_ece": 0.018838509917259216,
  "test_entropy": 0.9195665121078491,
  "bin_accuracies": [
    0.0,
    0.0,
    0.36363636363636365,
    0.20408163265306123,
    0.35294117647058826,
    0.3973509933774834,
    0.4605087014725569,
    0.5235294117647059,
    0.5733882030178327,
    0.6813655761024182,
    0.6984334203655352,
    0.7902843601895735,
    0.8544698544698545,
    0.915296052631579,
    0.9716658524670249
  ],
  "bin_confidences": [
    0.0,
    0.0,
    0.1795046180486679,
    0.24472273886203766,
    0.3043534457683563,
    0.3671325743198395,
    0.43409645557403564,
    0.49885785579681396,
    0.5663941502571106,
    0.6331411004066467,
    0.7004874348640442,
    0.7678922414779663,
    0.8344486355781555,
    0.9010624885559082,
    0.968139111995697
  ],
  "bin_counts": [
    0.0,
    0.0,
    11.0,
    147.0,
    374.0,
    604.0,
    747.0,
    850.0,
    729.0,
    703.0,
    766.0,
    844.0,
    962.0,
    1216.0,
    2047.0
  ],
  "per_class_acc": [
    0.8349999785423279,
    0.8820000290870667,
    0.5099999904632568,
    0.746999979019165,
    0.6850000023841858,
    0.6539999842643738,
    0.5879999995231628,
    0.7379999756813049,
    0.6949999928474426,
    0.8840000033378601
  ]
}