{
  "epoch": 41,
  "train_loss": 0.45723024772866,
  "train_acc": 0.87854,
  "test_loss": 0.44896235525608064,
  "test_acc": 0.8755,
  "test_ece": 0.02890046313405037,
  "test_entropy": 0.5268217325210571,
  "bin_accuracies": [
    0.0,
    0.0,
    0.0,
    0.36363636363636365,
    0.3333333333333333,
    0.39622641509433965,
    0.4681818181818182,
    0.49854227405247814,
    0.6084507042253521,
    0.7035175879396985,
    0.7509578544061303,
    0.8399366085578447,
    0.8899521531100478,
    0.9491341991341992,
    0.9756486117432863
  ],
  "bin_confidences": [
    0.0,
    0.0,
    0.0,
    0.2503102421760559,
    0.30379101634025574,
    0.3700112998485565,
    0.43439316749572754,
    0.5025519728660583,
    0.5669463276863098,
    0.6341989636421204,
    0.7010807394981384,
    0.7686296701431274,
    0.8354396224021912,
    0.9045601487159729,
    0.9713296294212341
  ],
  "bin_counts": [
    0.0,
    0.0,
    0.0,
    22.0,
    63.0,
    159.0,
    220.0,
    343.0,
    355.0,
    398.0,
    522.0,
    631.0,
    1045.0,
    1848.0,
    4394.0
  ],
  "per_class_acc": [
    0.8820000290870667,
    0.9100000262260437,
    0.8050000071525574,
    0.8199999928474426,
    0.8880000114440918,
    0.8069999814033508,
    0.902999997138977,
    0.8519999980926514,
    0.9470000267028809,
    0.9409999847412109
  ]
}