{
  "epoch": 14,
  "train_loss": 0.8600088737504866,
  "train_acc": 0.77678,
  "test_loss": 0.5177737599611283,
  "test_acc": 0.8407,
  "test_ece": 0.0650549829006195,
  "test_entropy": 0.7599583864212036,
  "bin_accuracies": [
    0.0,
    0.0,
    0.0,
    0.43243243243243246,
    0.34673366834170855,
    0.39226519337016574,
    0.5225225225225225,
    0.5584905660377358,
    0.659217877094972,
    0.7227722772277227,
    0.79050736497545,
    0.8653113087674714,
    0.9236912156166814,
    0.968457368161656,
    0.9940520446096655
  ],
  "bin_confidences": [
    0.0,
    0.0,
    0.18586799502372742,
    0.24230049550533295,
    0.3046230673789978,
    0.3671717345714569,
    0.43441441655158997,
    0.49978044629096985,
    0.5676377415657043,
    0.6344858407974243,
    0.7007503509521484,
    0.7682269215583801,
    0.835310161113739,
    0.903761625289917,
    0.9631091952323914
  ],
  "bin_counts": [
    0.0,
    0.0,
    4.0,
    74.0,
    199.0,
    362.0,
    444.0,
    530.0,
    537.0,
    606.0,
    611.0,
    787.0,
    1127.0,
    2029.0,
    2690.0
  ],
  "per_class_acc": [
    0.9139999747276306,
    0.9459999799728394,
    0.8119999766349792,
    0.7080000042915344,
    0.7580000162124634,
    0.6489999890327454,
    0.9110000133514404,
    0.9139999747276306,
    0.9359999895095825,
    0.859000027179718
  ]
}