{
  "epoch": 11,
  "train_loss": 0.915554584901961,
  "train_acc": 0.75604,
  "test_loss": 0.5368489366769791,
  "test_acc": 0.8403,
  "test_ece": 0.08417283743619919,
  "test_entropy": 0.8228229284286499,
  "bin_accuracies": [
    0.0,
    0.0,
    0.0,
    0.2804878048780488,
    0.4,
    0.45393258426966293,
    0.5190114068441065,
    0.6086175942549371,
    0.6820512820512821,
    0.7869918699186992,
    0.8235294117647058,
    0.8925518925518926,
    0.9324215607401448,
    0.9726381001548787,
    0.993421052631579
  ],
  "bin_confidences": [
    0.0,
    0.0,
    0.18595527112483978,
    0.24337942898273468,
    0.3031976521015167,
    0.3693405091762543,
    0.4359719455242157,
    0.4994528889656067,
    0.5656364560127258,
    0.6332879662513733,
    0.7010213732719421,
    0.7682491540908813,
    0.8362873792648315,
    0.9027822613716125,
    0.9619203805923462
  ],
  "bin_counts": [
    0.0,
    0.0,
    3.0,
    82.0,
    245.0,
    445.0,
    526.0,
    557.0,
    585.0,
    615.0,
    663.0,
    819.0,
    1243.0,
    1937.0,
    2280.0
  ],
  "per_class_acc": [
    0.9129999876022339,
    0.9229999780654907,
    0.7300000190734863,
    0.7059999704360962,
    0.8240000009536743,
    0.7429999709129333,
    0.9020000100135803,
    0.9139999747276306,
    0.8939999938011169,
    0.8539999723434448
  ]
}