{
  "epoch": 25,
  "train_loss": 0.717072014842192,
  "train_acc": 0.81886,
  "test_loss": 0.44835842698812484,
  "test_acc": 0.8671,
  "test_ece": 0.0598088838160038,
  "test_entropy": 0.6781262159347534,
  "bin_accuracies": [
    0.0,
    0.0,
    0.0,
    0.3333333333333333,
    0.4251968503937008,
    0.375,
    0.5,
    0.5227272727272727,
    0.6078886310904872,
    0.7213822894168467,
    0.7875,
    0.8759894459102903,
    0.9317235636969192,
    0.9744478129060199,
    0.9901960784313726
  ],
  "bin_confidences": [
    0.0,
    0.0,
    0.1976131647825241,
    0.2465025633573532,
    0.30809736251831055,
    0.36769092082977295,
    0.4367273449897766,
    0.49998173117637634,
    0.5694960355758667,
    0.6350714564323425,
    0.7022647261619568,
    0.7696444392204285,
    0.8373328447341919,
    0.9037266373634338,
    0.9627948999404907
  ],
  "bin_counts": [
    0.0,
    0.0,
    1.0,
    36.0,
    127.0,
    256.0,
    358.0,
    440.0,
    431.0,
    463.0,
    560.0,
    758.0,
    1201.0,
    2309.0,
    3060.0
  ],
  "per_class_acc": [
    0.8949999809265137,
    0.9259999990463257,
    0.7580000162124634,
    0.7149999737739563,
    0.7900000214576721,
    0.8579999804496765,
    0.9359999895095825,
    0.9380000233650208,
    0.9089999794960022,
    0.9459999799728394
  ]
}