{
  "epoch": 18,
  "train_loss": 0.8017984168303897,
  "train_acc": 0.79256,
  "test_loss": 0.5253686338663102,
  "test_acc": 0.8459,
  "test_ece": 0.07653400301933289,
  "test_entropy": 0.7785477638244629,
  "bin_accuracies": [
    0.0,
    0.0,
    1.0,
    0.2702702702702703,
    0.3657142857142857,
    0.4273743016759777,
    0.504,
    0.5762411347517731,
    0.6609848484848485,
    0.7873462214411248,
    0.8226256983240223,
    0.8833151581243184,
    0.9318697956093869,
    0.9660509236145781,
    0.9917784508870618
  ],
  "bin_confidences": [
    0.0,
    0.0,
    0.1778750717639923,
    0.2470247745513916,
    0.3053987920284271,
    0.3678124248981476,
    0.4349430799484253,
    0.499769389629364,
    0.5667896866798401,
    0.6331406235694885,
    0.7010260820388794,
    0.7669617533683777,
    0.8350276350975037,
    0.9026327133178711,
    0.9623845815658569
  ],
  "bin_counts": [
    0.0,
    0.0,
    1.0,
    37.0,
    175.0,
    358.0,
    500.0,
    564.0,
    528.0,
    569.0,
    716.0,
    917.0,
    1321.0,
    2003.0,
    2311.0
  ],
  "per_class_acc": [
    0.8880000114440918,
    0.8550000190734863,
    0.7620000243186951,
    0.7760000228881836,
    0.8299999833106995,
    0.7289999723434448,
    0.8820000290870667,
    0.9670000076293945,
    0.8690000176429749,
    0.9010000228881836
  ]
}