{
  "epoch": 2,
  "train_loss": 1.3698827644138385,
  "train_acc": 0.56984,
  "test_loss": 1.2080783677101135,
  "test_acc": 0.5876,
  "test_ece": 0.056616347283124924,
  "test_entropy": 1.057289958000183,
  "bin_accuracies": [
    0.0,
    0.0,
    0.28,
    0.22265625,
    0.28205128205128205,
    0.3333333333333333,
    0.390020366598778,
    0.42078708375378404,
    0.49780701754385964,
    0.5624195624195624,
    0.5997474747474747,
    0.692,
    0.7661498708010336,
    0.8394683026584867,
    0.9463087248322147
  ],
  "bin_confidences": [
    0.0,
    0.0,
    0.1880217045545578,
    0.24262702465057373,
    0.30324384570121765,
    0.3667173385620117,
    0.4336127042770386,
    0.4994494616985321,
    0.566191554069519,
    0.6339711546897888,
    0.7003889083862305,
    0.7658806443214417,
    0.8332428336143494,
    0.9017274975776672,
    0.9699848890304565
  ],
  "bin_counts": [
    0.0,
    0.0,
    25.0,
    256.0,
    585.0,
    837.0,
    982.0,
    991.0,
    912.0,
    777.0,
    792.0,
    750.0,
    774.0,
    978.0,
    1341.0
  ],
  "per_class_acc": [
    0.5559999942779541,
    0.7559999823570251,
    0.2540000081062317,
    0.13699999451637268,
    0.6499999761581421,
    0.6179999709129333,
    0.40299999713897705,
    0.9200000166893005,
    0.7710000276565552,
    0.8109999895095825
  ]
}