{
  "epoch": 17,
  "train_loss": 0.8113441184506087,
  "train_acc": 0.79196,
  "test_loss": 0.5406322118639946,
  "test_acc": 0.8324,
  "test_ece": 0.04973447322845459,
  "test_entropy": 0.7418147921562195,
  "bin_accuracies": [
    0.0,
    0.0,
    0.0,
    0.26229508196721313,
    0.3105022831050228,
    0.40606060606060607,
    0.4785553047404063,
    0.5183044315992292,
    0.6043307086614174,
    0.7215909090909091,
    0.7892156862745098,
    0.8454301075268817,
    0.9113207547169812,
    0.9645320197044335,
    0.9870704321197686
  ],
  "bin_confidences": [
    0.0,
    0.0,
    0.18889789283275604,
    0.2462698370218277,
    0.304482102394104,
    0.36993491649627686,
    0.43367284536361694,
    0.4992120563983917,
    0.566413938999176,
    0.6320077180862427,
    0.7006518840789795,
    0.7675822377204895,
    0.8362633585929871,
    0.9043911695480347,
    0.9626799821853638
  ],
  "bin_counts": [
    0.0,
    0.0,
    7.0,
    61.0,
    219.0,
    330.0,
    443.0,
    519.0,
    508.0,
    528.0,
    612.0,
    744.0,
    1060.0,
    2030.0,
    2939.0
  ],
  "per_class_acc": [
    0.8650000095367432,
    0.9399999976158142,
    0.652999997138977,
    0.625,
    0.8059999942779541,
    0.8930000066757202,
    0.9340000152587891,
    0.7229999899864197,
    0.9480000138282776,
    0.9369999766349792
  ]
}