{
  "epoch": 29,
  "train_loss": 0.6749505083579237,
  "train_acc": 0.82958,
  "test_loss": 0.4639353993535042,
  "test_acc": 0.871,
  "test_ece": 0.07958877086639404,
  "test_entropy": 0.7380340695381165,
  "bin_accuracies": [
    0.0,
    0.0,
    0.2,
    0.24324324324324326,
    0.3597560975609756,
    0.42028985507246375,
    0.48081841432225064,
    0.6391304347826087,
    0.673036093418259,
    0.7303609341825902,
    0.8487972508591065,
    0.8718274111675127,
    0.9450625869262865,
    0.9804597701149426,
    0.9895968790637191
  ],
  "bin_confidences": [
    0.0,
    0.0,
    0.19005343317985535,
    0.24065858125686646,
    0.30412277579307556,
    0.3689810335636139,
    0.435127317905426,
    0.49980446696281433,
    0.5668349266052246,
    0.6341379284858704,
    0.7015658617019653,
    0.7698351740837097,
    0.8369483351707458,
    0.902942955493927,
    0.9586837291717529
  ],
  "bin_counts": [
    0.0,
    0.0,
    5.0,
    37.0,
    164.0,
    276.0,
    391.0,
    460.0,
    471.0,
    471.0,
    582.0,
    788.0,
    1438.0,
    2610.0,
    2307.0
  ],
  "per_class_acc": [
    0.8610000014305115,
    0.9409999847412109,
    0.8370000123977661,
    0.6869999766349792,
    0.8130000233650208,
    0.8799999952316284,
    0.9240000247955322,
    0.9049999713897705,
    0.9079999923706055,
    0.9539999961853027
  ]
}