{
  "epoch": 42,
  "train_loss": 0.44918636890018687,
  "train_acc": 0.88126,
  "test_loss": 0.470678750872612,
  "test_acc": 0.8658,
  "test_ece": 0.019427698105573654,
  "test_entropy": 0.5094279050827026,
  "bin_accuracies": [
    0.0,
    0.0,
    0.0,
    0.07692307692307693,
    0.2714285714285714,
    0.3611111111111111,
    0.4098360655737705,
    0.5243243243243243,
    0.5902964959568733,
    0.6805896805896806,
    0.750524109014675,
    0.8278443113772455,
    0.8733624454148472,
    0.9269764634882317,
    0.9757614757614758
  ],
  "bin_confidences": [
    0.0,
    0.0,
    0.19228045642375946,
    0.23636484146118164,
    0.3035978078842163,
    0.371473103761673,
    0.4355187714099884,
    0.5007916688919067,
    0.5674238801002502,
    0.6352943778038025,
    0.7012946605682373,
    0.7691776752471924,
    0.8366416692733765,
    0.9044836163520813,
    0.9730175733566284
  ],
  "bin_counts": [
    0.0,
    0.0,
    1.0,
    13.0,
    70.0,
    144.0,
    244.0,
    370.0,
    371.0,
    407.0,
    477.0,
    668.0,
    916.0,
    1657.0,
    4662.0
  ],
  "per_class_acc": [
    0.7979999780654907,
    0.8610000014305115,
    0.8640000224113464,
    0.7329999804496765,
    0.9210000038146973,
    0.8190000057220459,
    0.902999997138977,
    0.8840000033378601,
    0.9139999747276306,
    0.9610000252723694
  ]
}