{
  "epoch": 1,
  "train_loss": 1.5299950572840697,
  "train_acc": 0.49714,
  "test_loss": 1.1752448773384094,
  "test_acc": 0.5896,
  "test_ece": 0.043919630348682404,
  "test_entropy": 1.11075758934021,
  "bin_accuracies": [
    0.0,
    0.0,
    0.2222222222222222,
    0.22058823529411764,
    0.29108635097493035,
    0.3704545454545455,
    0.4441025641025641,
    0.5125,
    0.532741398446171,
    0.5670650730411687,
    0.6103404791929382,
    0.6598915989159891,
    0.7553956834532374,
    0.8488372093023255,
    0.9251870324189526
  ],
  "bin_confidences": [
    0.0,
    0.0,
    0.18575574457645416,
    0.2410770207643509,
    0.30329346656799316,
    0.36683744192123413,
    0.4332210421562195,
    0.4998222291469574,
    0.5664873123168945,
    0.6325856447219849,
    0.6994163990020752,
    0.766603946685791,
    0.8341095447540283,
    0.9020723700523376,
    0.97115558385849
  ],
  "bin_counts": [
    0.0,
    0.0,
    45.0,
    340.0,
    718.0,
    880.0,
    975.0,
    960.0,
    901.0,
    753.0,
    793.0,
    738.0,
    834.0,
    860.0,
    1203.0
  ],
  "per_class_acc": [
    0.7839999794960022,
    0.9240000247955322,
    0.6779999732971191,
    0.0689999982714653,
    0.32600000500679016,
    0.6729999780654907,
    0.6809999942779541,
    0.7480000257492065,
    0.48500001430511475,
    0.527999997138977
  ]
}