{
  "epoch": 0,
  "train_loss": 1.8425471874149255,
  "train_acc": 0.3462,
  "test_loss": 1.3967053508758545,
  "test_acc": 0.4975,
  "test_ece": 0.029394028708338737,
  "test_entropy": 1.3670024871826172,
  "bin_accuracies": [
    0.0,
    0.0,
    0.1837837837837838,
    0.21354166666666666,
    0.2916666666666667,
    0.3364406779661017,
    0.4019434628975265,
    0.47354014598540145,
    0.5191313340227508,
    0.5909090909090909,
    0.6571428571428571,
    0.7229299363057324,
    0.8010033444816054,
    0.9109730848861284,
    0.9635416666666666
  ],
  "bin_confidences": [
    0.0,
    0.0,
    0.18131034076213837,
    0.23804770410060883,
    0.3002666234970093,
    0.36572301387786865,
    0.4326622188091278,
    0.4995844066143036,
    0.5647728443145752,
    0.6337695717811584,
    0.6994406580924988,
    0.7665397524833679,
    0.8325387835502625,
    0.8984111547470093,
    0.955744743347168
  ],
  "bin_counts": [
    0.0,
    0.0,
    185.0,
    768.0,
    1152.0,
    1180.0,
    1132.0,
    1096.0,
    967.0,
    814.0,
    805.0,
    628.0,
    598.0,
    483.0,
    192.0
  ],
  "per_class_acc": [
    0.7990000247955322,
    0.7390000224113464,
    0.13300000131130219,
    0.009999999776482582,
    0.5669999718666077,
    0.546999990940094,
    0.6039999723434448,
    0.5040000081062317,
    0.574999988079071,
    0.4970000088214874
  ]
}