{
  "train_loss": [
    1.7790146102685758,
    1.4285711370160818,
    1.2721660179860146,
    1.1907812329509375,
    1.1178766328965306,
    1.0647399273065046,
    1.0203750453641653,
    0.9873499033396201,
    0.9620502284725608,
    0.9288378681063347,
    0.9089002517788002,
    0.8893667203386116,
    0.8729346117095265,
    0.8559607326831964,
    0.8391998416322577,
    0.8282000231925789,
    0.8196291711629199,
    0.8029108767009452,
    0.7907538449063021,
    0.7842315833281983,
    0.7771514442265796,
    0.761437379795572,
    0.7599107100225776,
    0.7483574892858715,
    0.7401995811316059,
    0.7308247978120204,
    0.7301654114442713,
    0.721081501077813,
    0.7146536578302798,
    0.7092873800136245,
    0.6575782071903843,
    0.6424177628953743,
    0.631142903014522,
    0.6236564564278059,
    0.6216913798580999,
    0.6186015538852233,
    0.6117000931973957,
    0.6127304908869516,
    0.6072525583264773,
    0.570815064870488,
    0.5567673289257548,
    0.5505782722512169,
    0.5418851920558364,
    0.5357805706198563,
    0.5271066536988749,
    0.4956065186911532,
    0.48332762893508463,
    0.4764399837959758,
    0.4704435793182734,
    0.46088133283588284
  ],
  "train_acc": [
    0.30892,
    0.4031,
    0.43918,
    0.45748,
    0.4786,
    0.49232,
    0.5062,
    0.51392,
    0.52234,
    0.52936,
    0.53644,
    0.54156,
    0.54444,
    0.55568,
    0.55692,
    0.56184,
    0.56612,
    0.56972,
    0.57706,
    0.57924,
    0.58212,
    0.58692,
    0.5874,
    0.59022,
    0.59354,
    0.59808,
    0.59888,
    0.60504,
    0.6063,
    0.61304,
    0.6332,
    0.64094,
    0.64814,
    0.65178,
    0.65874,
    0.66014,
    0.66618,
    0.666,
    0.67174,
    0.6978,
    0.70608,
    0.71352,
    0.7195,
    0.7233,
    0.72976,
    0.75592,
    0.76256,
    0.76788,
    0.77266,
    0.77708
  ],
  "test_loss": [
    1.5348980700969697,
    1.4633533978462219,
    1.4032013368606568,
    1.4470734930038451,
    1.369087920188904,
    1.187122957110405,
    1.2842514938116074,
    1.230998131632805,
    1.1879090762138367,
    1.2312298321723938,
    1.1803391152620315,
    1.1638723748922348,
    1.2089933609962464,
    1.088421175479889,
    1.1072528016567231,
    1.0779644221067428,
    1.1336129212379455,
    1.153310813307762,
    1.104256170988083,
    1.124789034128189,
    1.0755481165647507,
    1.0860077774524688,
    1.082258387207985,
    1.0476645040512085,
    1.0807848465442658,
    1.0710105746984482,
    1.1199654477834702,
    1.066531816124916,
    1.072158772945404,
    1.0927451813220979,
    1.0614539337158204,
    1.094131764769554,
    1.0364710122346878,
    1.1095237249135972,
    1.1032385265827178,
    1.076459164619446,
    1.078377680182457,
    1.077710788846016,
    1.076061332821846,
    1.1123502987623215,
    1.1693343818187714,
    1.16322423517704,
    1.1666845297813415,
    1.1890160274505615,
    1.211613536477089,
    1.2689506316184997,
    1.2680811703205108,
    1.2910995680093764,
    1.2777813774347306,
    1.3178518223762512
  ],
  "test_acc": [
    0.3633,
    0.2743,
    0.3551,
    0.3444,
    0.3517,
    0.3397,
    0.3249,
    0.3661,
    0.3311,
    0.2931,
    0.2787,
    0.3154,
    0.3759,
    0.3392,
    0.298,
    0.3696,
    0.3585,
    0.2353,
    0.272,
    0.3262,
    0.3156,
    0.2962,
    0.3302,
    0.2744,
    0.2734,
    0.3046,
    0.2679,
    0.2885,
    0.3235,
    0.273,
    0.2707,
    0.2766,
    0.3415,
    0.2758,
    0.3204,
    0.3418,
    0.3508,
    0.3568,
    0.343,
    0.343,
    0.3373,
    0.3476,
    0.3519,
    0.3607,
    0.3845,
    0.3619,
    0.3742,
    0.3845,
    0.3986,
    0.3869
  ],
  "test_ece": [
    0.10115409642457962,
    0.2230231761932373,
    0.2263949066400528,
    0.19547045230865479,
    0.24050062894821167,
    0.23199591040611267,
    0.26470908522605896,
    0.24719245731830597,
    0.26695287227630615,
    0.3116820752620697,
    0.32276296615600586,
    0.27940845489501953,
    0.26701265573501587,
    0.25813284516334534,
    0.29227519035339355,
    0.2357030063867569,
    0.23481319844722748,
    0.3617078363895416,
    0.34180375933647156,
    0.3059294521808624,
    0.2906962037086487,
    0.3225453197956085,
    0.27996116876602173,
    0.3308326005935669,
    0.3362790048122406,
    0.3257388174533844,
    0.3491816818714142,
    0.3256444036960602,
    0.299375057220459,
    0.3522625267505646,
    0.3707614243030548,
    0.3737376630306244,
    0.3013320565223694,
    0.3774246275424957,
    0.335135817527771,
    0.3116994798183441,
    0.30216971039772034,
    0.2983551025390625,
    0.31154897809028625,
    0.33439767360687256,
    0.3586235046386719,
    0.3473756015300751,
    0.3450123071670532,
    0.3478631377220154,
    0.3340246379375458,
    0.3654543459415436,
    0.35795268416404724,
    0.35515445470809937,
    0.33728018403053284,
    0.35445570945739746
  ],
  "test_entropy": [
    1.3390299081802368,
    1.198317527770996,
    1.0462098121643066,
    1.0738723278045654,
    0.9526569247245789,
    0.9213095903396606,
    0.9398261904716492,
    0.848128616809845,
    0.8648690581321716,
    0.848257839679718,
    0.8347572088241577,
    0.8217663168907166,
    0.7705362439155579,
    0.8161819577217102,
    0.8164029121398926,
    0.786076545715332,
    0.8128250241279602,
    0.7951833605766296,
    0.7599223852157593,
    0.7503750920295715,
    0.7788146734237671,
    0.7392404675483704,
    0.7579123973846436,
    0.7442747950553894,
    0.7605037689208984,
    0.7308109402656555,
    0.7465448975563049,
    0.7414571046829224,
    0.7230892181396484,
    0.7143322229385376,
    0.683429479598999,
    0.672346293926239,
    0.6787712574005127,
    0.6675918102264404,
    0.6659530401229858,
    0.6635773181915283,
    0.6658015251159668,
    0.656976580619812,
    0.6612322926521301,
    0.6308070421218872,
    0.609987735748291,
    0.610225260257721,
    0.6080807447433472,
    0.5935313105583191,
    0.5817626118659973,
    0.5680335164070129,
    0.5606484413146973,
    0.5506522059440613,
    0.5542802810668945,
    0.5445534586906433
  ],
  "epoch_time": [
    26.719510555267334,
    26.92024064064026,
    26.77767062187195,
    26.72572660446167,
    26.76476526260376,
    26.761274099349976,
    26.776195526123047,
    26.756210327148438,
    26.738770008087158,
    26.769530057907104,
    26.782788038253784,
    26.73559808731079,
    26.74813985824585,
    26.706188678741455,
    26.732181549072266,
    26.714290857315063,
    26.70881152153015,
    26.711704969406128,
    26.742836713790894,
    26.713636875152588,
    26.717876434326172,
    26.808856964111328,
    26.743866205215454,
    26.75755214691162,
    26.73772931098938,
    26.763225317001343,
    26.773764848709106,
    26.790520191192627,
    26.75871706008911,
    26.791906595230103,
    26.770827293395996,
    26.77040123939514,
    26.760949850082397,
    26.782548189163208,
    26.79493284225464,
    26.756787300109863,
    26.749830722808838,
    26.736361503601074,
    26.753416299819946,
    26.754578590393066,
    26.781352758407593,
    26.739500522613525,
    26.731006860733032,
    26.721564292907715,
    26.738759756088257,
    26.724901914596558,
    26.754733324050903,
    26.885801792144775,
    26.830074787139893,
    26.742080688476562
  ]
}