{
  "epoch": 47,
  "train_loss": 0.4764399837959758,
  "train_acc": 0.76788,
  "test_loss": 1.2910995680093764,
  "test_acc": 0.3845,
  "test_ece": 0.35515445470809937,
  "test_entropy": 0.5506522059440613,
  "bin_accuracies": [
    0.0,
    0.0,
    0.0,
    0.2857142857142857,
    0.16129032258064516,
    0.24719101123595505,
    0.22818791946308725,
    0.44399460188933876,
    0.4117647058823529,
    0.4007905138339921,
    0.3388679245283019,
    0.3094310210444271,
    0.268630849220104,
    0.2302092811646952,
    0.6499339498018494
  ],
  "bin_confidences": [
    0.0,
    0.0,
    0.0,
    0.23192831873893738,
    0.30791550874710083,
    0.3739207983016968,
    0.43355104327201843,
    0.5124867558479309,
    0.5663466453552246,
    0.6339491009712219,
    0.698927640914917,
    0.7659438252449036,
    0.8325098752975464,
    0.8990322947502136,
    0.982103705406189
  ],
  "bin_counts": [
    0.0,
    0.0,
    0.0,
    7.0,
    31.0,
    89.0,
    149.0,
    741.0,
    1343.0,
    1265.0,
    1325.0,
    1283.0,
    1154.0,
    1099.0,
    1514.0
  ],
  "per_class_acc": [
    0.33799999952316284,
    0.5899999737739563,
    0.2630000114440918,
    0.3109999895095825,
    0.2759999930858612,
    0.4269999861717224,
    0.9470000267028809,
    0.3409999907016754,
    0.25699999928474426,
    0.0949999988079071
  ]
}