{
  "epoch": 4,
  "train_loss": 1.1178766328965306,
  "train_acc": 0.4786,
  "test_loss": 1.369087920188904,
  "test_acc": 0.3517,
  "test_ece": 0.24050062894821167,
  "test_entropy": 0.9526569247245789,
  "bin_accuracies": [
    0.0,
    0.0,
    0.23076923076923078,
    0.16230366492146597,
    0.19734660033167495,
    0.24090338770388958,
    0.31607335490830635,
    0.3870757180156658,
    0.33700137551581844,
    0.3176043557168784,
    0.3444730077120823,
    0.2807203389830508,
    0.18403547671840353,
    0.46060606060606063,
    0.9480122324159022
  ],
  "bin_confidences": [
    0.0,
    0.0,
    0.19027574360370636,
    0.24073012173175812,
    0.3026334047317505,
    0.3668292462825775,
    0.4351568818092346,
    0.5028026103973389,
    0.5657999515533447,
    0.6326608657836914,
    0.6993492841720581,
    0.7643747925758362,
    0.8272488713264465,
    0.8958200216293335,
    0.9869875907897949
  ],
  "bin_counts": [
    0.0,
    0.0,
    13.0,
    191.0,
    603.0,
    797.0,
    927.0,
    1532.0,
    1454.0,
    1102.0,
    1167.0,
    944.0,
    451.0,
    165.0,
    654.0
  ],
  "per_class_acc": [
    0.6190000176429749,
    0.9190000295639038,
    0.0,
    0.7590000033378601,
    0.10999999940395355,
    0.017999999225139618,
    0.8840000033378601,
    0.20800000429153442,
    0.0,
    0.0
  ]
}