{
  "epoch": 39,
  "train_loss": 0.570815064870488,
  "train_acc": 0.6978,
  "test_loss": 1.1123502987623215,
  "test_acc": 0.343,
  "test_ece": 0.33439767360687256,
  "test_entropy": 0.6308070421218872,
  "bin_accuracies": [
    0.0,
    0.0,
    0.0,
    0.25,
    0.20754716981132076,
    0.17985611510791366,
    0.2727272727272727,
    0.4181662382176521,
    0.3809763462506291,
    0.2973874374652585,
    0.22964923891462607,
    0.16782006920415224,
    0.14361702127659576,
    0.17445482866043613,
    0.9344262295081968
  ],
  "bin_confidences": [
    0.0,
    0.0,
    0.19675618410110474,
    0.24746912717819214,
    0.30791956186294556,
    0.37086057662963867,
    0.4358402192592621,
    0.5126071572303772,
    0.5661763548851013,
    0.6330776810646057,
    0.697907567024231,
    0.7646384835243225,
    0.8302552103996277,
    0.8947445750236511,
    0.993703305721283
  ],
  "bin_counts": [
    0.0,
    0.0,
    1.0,
    12.0,
    53.0,
    139.0,
    187.0,
    1167.0,
    1987.0,
    1799.0,
    1511.0,
    1156.0,
    752.0,
    321.0,
    915.0
  ],
  "per_class_acc": [
    0.36000001430511475,
    0.4059999883174896,
    0.18700000643730164,
    0.367000013589859,
    0.4020000100135803,
    0.2800000011920929,
    0.9350000023841858,
    0.1720000058412552,
    0.16200000047683716,
    0.1589999943971634
  ]
}