{
  "epoch": 5,
  "train_loss": 1.0647399273065046,
  "train_acc": 0.49232,
  "test_loss": 1.187122957110405,
  "test_acc": 0.3397,
  "test_ece": 0.23199591040611267,
  "test_entropy": 0.9213095903396606,
  "bin_accuracies": [
    0.0,
    0.0,
    0.043478260869565216,
    0.2247191011235955,
    0.23747680890538034,
    0.26521739130434785,
    0.31868131868131866,
    0.3837506387327542,
    0.26895565092989987,
    0.22504767959313413,
    0.29976851851851855,
    0.2809278350515464,
    0.41044776119402987,
    0.7604166666666666,
    0.9641744548286605
  ],
  "bin_confidences": [
    0.0,
    0.0,
    0.18163803219795227,
    0.24193666875362396,
    0.30312368273735046,
    0.36651337146759033,
    0.4357825815677643,
    0.5061575174331665,
    0.5658173561096191,
    0.630578875541687,
    0.6958123445510864,
    0.7616446614265442,
    0.8271383047103882,
    0.900452196598053,
    0.9868882894515991
  ],
  "bin_counts": [
    0.0,
    0.0,
    23.0,
    178.0,
    539.0,
    690.0,
    819.0,
    1957.0,
    2097.0,
    1573.0,
    864.0,
    388.0,
    134.0,
    96.0,
    642.0
  ],
  "per_class_acc": [
    0.0020000000949949026,
    0.14399999380111694,
    0.5270000100135803,
    0.48899999260902405,
    0.0010000000474974513,
    0.10499999672174454,
    0.8920000195503235,
    0.7829999923706055,
    0.1550000011920929,
    0.29899999499320984
  ]
}