{
  "epoch": 49,
  "train_loss": 0.46088133283588284,
  "train_acc": 0.77708,
  "test_loss": 1.3178518223762512,
  "test_acc": 0.3869,
  "test_ece": 0.35445570945739746,
  "test_entropy": 0.5445534586906433,
  "bin_accuracies": [
    0.0,
    0.0,
    0.0,
    0.25,
    0.0967741935483871,
    0.20202020202020202,
    0.3142857142857143,
    0.4620505992010652,
    0.4262416604892513,
    0.37962962962962965,
    0.3478605388272583,
    0.30399348003259985,
    0.26532399299474607,
    0.25546058879392214,
    0.6093560145808019
  ],
  "bin_confidences": [
    0.0,
    0.0,
    0.0,
    0.25434744358062744,
    0.30349090695381165,
    0.37156179547309875,
    0.4338938593864441,
    0.5122579336166382,
    0.5664590001106262,
    0.6325064301490784,
    0.6999193429946899,
    0.7671455144882202,
    0.8328772783279419,
    0.8994916677474976,
    0.9806295037269592
  ],
  "bin_counts": [
    0.0,
    0.0,
    0.0,
    4.0,
    31.0,
    99.0,
    140.0,
    751.0,
    1349.0,
    1296.0,
    1262.0,
    1227.0,
    1142.0,
    1053.0,
    1646.0
  ],
  "per_class_acc": [
    0.39800000190734863,
    0.2540000081062317,
    0.1899999976158142,
    0.27000001072883606,
    0.3310000002384186,
    0.44200000166893005,
    0.9380000233650208,
    0.36399999260902405,
    0.27399998903274536,
    0.40799999237060547
  ]
}