{
  "epoch": 20,
  "train_loss": 0.7771514442265796,
  "train_acc": 0.58212,
  "test_loss": 1.0755481165647507,
  "test_acc": 0.3156,
  "test_ece": 0.2906962037086487,
  "test_entropy": 0.7788146734237671,
  "bin_accuracies": [
    0.0,
    0.0,
    0.0,
    0.18,
    0.21721311475409835,
    0.19484240687679083,
    0.26652452025586354,
    0.3666306695464363,
    0.2638739706408879,
    0.2128628343767786,
    0.22359550561797753,
    0.11394891944990176,
    0.21052631578947367,
    0.6716417910447762,
    0.9781209781209781
  ],
  "bin_confidences": [
    0.0,
    0.0,
    0.18724358081817627,
    0.24240155518054962,
    0.3032071590423584,
    0.36741355061531067,
    0.43651846051216125,
    0.5095787048339844,
    0.5660150647163391,
    0.6306554079055786,
    0.6967136263847351,
    0.7654162645339966,
    0.8278871178627014,
    0.8993247151374817,
    0.9926886558532715
  ],
  "bin_counts": [
    0.0,
    0.0,
    3.0,
    100.0,
    244.0,
    349.0,
    469.0,
    1852.0,
    2793.0,
    1757.0,
    890.0,
    509.0,
    190.0,
    67.0,
    777.0
  ],
  "per_class_acc": [
    0.6859999895095825,
    0.20499999821186066,
    0.0010000000474974513,
    0.06599999964237213,
    0.10300000011920929,
    0.796999990940094,
    0.9200000166893005,
    0.11800000071525574,
    0.13099999725818634,
    0.1289999932050705
  ]
}