{
  "epoch": 13,
  "train_loss": 0.8559607326831964,
  "train_acc": 0.55568,
  "test_loss": 1.088421175479889,
  "test_acc": 0.3392,
  "test_ece": 0.25813284516334534,
  "test_entropy": 0.8161819577217102,
  "bin_accuracies": [
    0.0,
    0.0,
    0.0,
    0.22105263157894736,
    0.17434210526315788,
    0.2209026128266033,
    0.2695035460992908,
    0.41125541125541126,
    0.370866471326915,
    0.26887661141804786,
    0.13141683778234087,
    0.08741258741258741,
    0.15625,
    0.7142857142857143,
    0.9934426229508196
  ],
  "bin_confidences": [
    0.0,
    0.0,
    0.18477511405944824,
    0.24293676018714905,
    0.3022189736366272,
    0.36678093671798706,
    0.4355982840061188,
    0.5092766284942627,
    0.5641152858734131,
    0.6309632062911987,
    0.6970396637916565,
    0.7620888948440552,
    0.8250714540481567,
    0.8959513306617737,
    0.9893950819969177
  ],
  "bin_counts": [
    0.0,
    0.0,
    9.0,
    95.0,
    304.0,
    421.0,
    564.0,
    2079.0,
    2389.0,
    1629.0,
    974.0,
    572.0,
    256.0,
    98.0,
    610.0
  ],
  "per_class_acc": [
    0.40400001406669617,
    0.012000000104308128,
    0.032999999821186066,
    0.054999999701976776,
    0.017999999225139618,
    0.7630000114440918,
    0.8600000143051147,
    0.46399998664855957,
    0.15000000596046448,
    0.6330000162124634
  ]
}