{
  "epoch": 29,
  "train_loss": 0.7092873800136245,
  "train_acc": 0.61304,
  "test_loss": 1.0927451813220979,
  "test_acc": 0.273,
  "test_ece": 0.3522625267505646,
  "test_entropy": 0.7143322229385376,
  "bin_accuracies": [
    0.0,
    0.0,
    0.0,
    0.13793103448275862,
    0.14583333333333334,
    0.1646586345381526,
    0.2087912087912088,
    0.367816091954023,
    0.2803234501347709,
    0.11534926470588236,
    0.06498781478472786,
    0.06854838709677419,
    0.08,
    0.5714285714285714,
    0.9771428571428571
  ],
  "bin_confidences": [
    0.0,
    0.0,
    0.1960916668176651,
    0.25140833854675293,
    0.30604657530784607,
    0.3677380084991455,
    0.43447381258010864,
    0.5113706588745117,
    0.5665212273597717,
    0.6318796873092651,
    0.6952703595161438,
    0.7613644003868103,
    0.8234478235244751,
    0.9066667556762695,
    0.9955027103424072
  ],
  "bin_counts": [
    0.0,
    0.0,
    1.0,
    29.0,
    144.0,
    249.0,
    364.0,
    1653.0,
    2597.0,
    2176.0,
    1231.0,
    496.0,
    150.0,
    35.0,
    875.0
  ],
  "per_class_acc": [
    0.13699999451637268,
    0.09099999815225601,
    0.07199999690055847,
    0.23999999463558197,
    0.012000000104308128,
    0.29499998688697815,
    0.9409999847412109,
    0.5350000262260437,
    0.02199999988079071,
    0.38499999046325684
  ]
}