{
  "epoch": 42,
  "train_loss": 0.5418851920558364,
  "train_acc": 0.7195,
  "test_loss": 1.1666845297813415,
  "test_acc": 0.3519,
  "test_ece": 0.3450123071670532,
  "test_entropy": 0.6080807447433472,
  "bin_accuracies": [
    0.0,
    0.0,
    0.0,
    0.2,
    0.16363636363636364,
    0.3220338983050847,
    0.29411764705882354,
    0.3893719806763285,
    0.3925619834710744,
    0.3268411442483262,
    0.2671186440677966,
    0.22249589490968802,
    0.1893305439330544,
    0.17128874388254486,
    0.8591408591408591
  ],
  "bin_confidences": [
    0.0,
    0.0,
    0.0,
    0.26207512617111206,
    0.3047715127468109,
    0.3706730306148529,
    0.4355795085430145,
    0.5122849941253662,
    0.5658314228057861,
    0.6321718096733093,
    0.6992736458778381,
    0.7654947638511658,
    0.8307287096977234,
    0.8954545259475708,
    0.9905807971954346
  ],
  "bin_counts": [
    0.0,
    0.0,
    0.0,
    5.0,
    55.0,
    118.0,
    187.0,
    1035.0,
    1694.0,
    1643.0,
    1475.0,
    1218.0,
    956.0,
    613.0,
    1001.0
  ],
  "per_class_acc": [
    0.24799999594688416,
    0.23899999260902405,
    0.26600000262260437,
    0.36500000953674316,
    0.289000004529953,
    0.31299999356269836,
    0.9340000152587891,
    0.23000000417232513,
    0.3330000042915344,
    0.3019999861717224
  ]
}