{
  "epoch": 14,
  "train_loss": 0.8391998416322577,
  "train_acc": 0.55692,
  "test_loss": 1.1072528016567231,
  "test_acc": 0.298,
  "test_ece": 0.29227519035339355,
  "test_entropy": 0.8164029121398926,
  "bin_accuracies": [
    0.0,
    0.0,
    0.0,
    0.17073170731707318,
    0.13815789473684212,
    0.16904761904761906,
    0.23679417122040072,
    0.37722772277227723,
    0.2979529946929492,
    0.1786480686695279,
    0.11531365313653137,
    0.09427609427609428,
    0.5,
    0.9830508474576272,
    0.9915824915824916
  ],
  "bin_confidences": [
    0.0,
    0.0,
    0.18073613941669464,
    0.24133524298667908,
    0.3044586181640625,
    0.36730945110321045,
    0.4347972869873047,
    0.508934736251831,
    0.5649827122688293,
    0.6315674781799316,
    0.6955795288085938,
    0.7574177980422974,
    0.8310971856117249,
    0.8996690511703491,
    0.9913771748542786
  ],
  "bin_counts": [
    0.0,
    0.0,
    5.0,
    82.0,
    304.0,
    420.0,
    549.0,
    2020.0,
    2638.0,
    1864.0,
    1084.0,
    297.0,
    84.0,
    59.0,
    594.0
  ],
  "per_class_acc": [
    0.3499999940395355,
    0.49300000071525574,
    0.03400000184774399,
    0.035999998450279236,
    0.026000000536441803,
    0.796999990940094,
    0.8140000104904175,
    0.296999990940094,
    0.11599999666213989,
    0.017000000923871994
  ]
}