{
  "epoch": 12,
  "train_loss": 0.8729346117095265,
  "train_acc": 0.54444,
  "test_loss": 1.2089933609962464,
  "test_acc": 0.3759,
  "test_ece": 0.26701265573501587,
  "test_entropy": 0.7705362439155579,
  "bin_accuracies": [
    0.0,
    0.0,
    0.3333333333333333,
    0.2375,
    0.18081180811808117,
    0.23201856148491878,
    0.2776769509981851,
    0.42017416545718433,
    0.3712394705174489,
    0.4191802010827533,
    0.3159630606860158,
    0.24529991047448524,
    0.20465116279069767,
    0.18181818181818182,
    0.96
  ],
  "bin_confidences": [
    0.0,
    0.0,
    0.18453949689865112,
    0.24280086159706116,
    0.3059876561164856,
    0.3682166635990143,
    0.43714436888694763,
    0.5070966482162476,
    0.5648576617240906,
    0.6336192488670349,
    0.7007415890693665,
    0.7623175382614136,
    0.8298748731613159,
    0.8918946981430054,
    0.9927139282226562
  ],
  "bin_counts": [
    0.0,
    0.0,
    3.0,
    80.0,
    271.0,
    431.0,
    551.0,
    1378.0,
    1662.0,
    1293.0,
    1516.0,
    1117.0,
    645.0,
    253.0,
    800.0
  ],
  "per_class_acc": [
    0.3109999895095825,
    0.9269999861717224,
    0.07699999958276749,
    0.8209999799728394,
    0.6859999895095825,
    0.007000000216066837,
    0.9269999861717224,
    0.0020000000949949026,
    0.0,
    0.0010000000474974513
  ]
}