{
  "epoch": 23,
  "train_loss": 0.7483574892858715,
  "train_acc": 0.59022,
  "test_loss": 1.0476645040512085,
  "test_acc": 0.2744,
  "test_ece": 0.3308326005935669,
  "test_entropy": 0.7442747950553894,
  "bin_accuracies": [
    0.0,
    0.0,
    0.3333333333333333,
    0.1509433962264151,
    0.21287128712871287,
    0.2161290322580645,
    0.24069478908188585,
    0.37885228480340066,
    0.24498416050686378,
    0.11074612857813233,
    0.030360531309297913,
    0.07569721115537849,
    0.5967741935483871,
    0.9024390243902439,
    0.9882659713168188
  ],
  "bin_confidences": [
    0.0,
    0.0,
    0.18323294818401337,
    0.24750958383083344,
    0.30560940504074097,
    0.36704766750335693,
    0.433756947517395,
    0.5110752582550049,
    0.5663918256759644,
    0.6305519938468933,
    0.6947439312934875,
    0.7545548677444458,
    0.826059877872467,
    0.9015483260154724,
    0.9946062564849854
  ],
  "bin_counts": [
    0.0,
    0.0,
    3.0,
    53.0,
    202.0,
    310.0,
    403.0,
    1882.0,
    2841.0,
    2131.0,
    1054.0,
    251.0,
    62.0,
    41.0,
    767.0
  ],
  "per_class_acc": [
    0.06599999964237213,
    0.20999999344348907,
    0.45100000500679016,
    0.2280000001192093,
    0.024000000208616257,
    0.3140000104904175,
    0.9010000228881836,
    0.3370000123977661,
    0.10499999672174454,
    0.1080000028014183
  ]
}