{
  "epoch": 37,
  "train_loss": 0.6127304908869516,
  "train_acc": 0.666,
  "test_loss": 1.077710788846016,
  "test_acc": 0.3568,
  "test_ece": 0.2983551025390625,
  "test_entropy": 0.656976580619812,
  "bin_accuracies": [
    0.0,
    0.0,
    0.0,
    0.1111111111111111,
    0.23684210526315788,
    0.22012578616352202,
    0.30092592592592593,
    0.42847173761339846,
    0.37342047930283223,
    0.29096638655462187,
    0.2150313152400835,
    0.16168898043254376,
    0.158004158004158,
    0.2827586206896552,
    0.9710982658959537
  ],
  "bin_confidences": [
    0.0,
    0.0,
    0.0,
    0.24399010837078094,
    0.3058052659034729,
    0.36831146478652954,
    0.43561044335365295,
    0.5124112367630005,
    0.5653209686279297,
    0.6323657035827637,
    0.6980555057525635,
    0.764426052570343,
    0.8293169736862183,
    0.8933402299880981,
    0.9962342977523804
  ],
  "bin_counts": [
    0.0,
    0.0,
    0.0,
    18.0,
    76.0,
    159.0,
    216.0,
    1433.0,
    2295.0,
    1904.0,
    1437.0,
    971.0,
    481.0,
    145.0,
    865.0
  ],
  "per_class_acc": [
    0.07599999755620956,
    0.2930000126361847,
    0.3799999952316284,
    0.5180000066757202,
    0.18400000035762787,
    0.15800000727176666,
    0.9150000214576721,
    0.4749999940395355,
    0.3140000104904175,
    0.2549999952316284
  ]
}