{
  "epoch": 46,
  "train_loss": 0.48332762893508463,
  "train_acc": 0.76256,
  "test_loss": 1.2680811703205108,
  "test_acc": 0.3742,
  "test_ece": 0.35795268416404724,
  "test_entropy": 0.5606484413146973,
  "bin_accuracies": [
    0.0,
    0.0,
    0.0,
    0.25,
    0.23529411764705882,
    0.2127659574468085,
    0.2777777777777778,
    0.4305210918114144,
    0.4068627450980392,
    0.3556581986143187,
    0.34446919079435784,
    0.29082426127527217,
    0.2604166666666667,
    0.2034587995930824,
    0.6640899508081518
  ],
  "bin_confidences": [
    0.0,
    0.0,
    0.0,
    0.259762704372406,
    0.30679672956466675,
    0.36579543352127075,
    0.4363654553890228,
    0.512280285358429,
    0.5671377182006836,
    0.6330834031105042,
    0.6998404860496521,
    0.7659391164779663,
    0.8322184085845947,
    0.8986768126487732,
    0.9823523163795471
  ],
  "bin_counts": [
    0.0,
    0.0,
    0.0,
    4.0,
    34.0,
    94.0,
    144.0,
    806.0,
    1428.0,
    1299.0,
    1347.0,
    1286.0,
    1152.0,
    983.0,
    1423.0
  ],
  "per_class_acc": [
    0.26600000262260437,
    0.5360000133514404,
    0.3529999852180481,
    0.3499999940395355,
    0.2370000034570694,
    0.3610000014305115,
    0.949999988079071,
    0.27300000190734863,
    0.23899999260902405,
    0.1770000010728836
  ]
}