{
  "epoch": 10,
  "train_loss": 0.9089002517788002,
  "train_acc": 0.53644,
  "test_loss": 1.1803391152620315,
  "test_acc": 0.2787,
  "test_ece": 0.32276296615600586,
  "test_entropy": 0.8347572088241577,
  "bin_accuracies": [
    0.0,
    0.0,
    0.0,
    0.16822429906542055,
    0.1798780487804878,
    0.2128099173553719,
    0.23709677419354838,
    0.3139988845510318,
    0.2332089552238806,
    0.2066869300911854,
    0.21869639794168097,
    0.13987730061349693,
    0.2248995983935743,
    0.8536585365853658,
    0.9946902654867257
  ],
  "bin_confidences": [
    0.0,
    0.0,
    0.18733814358711243,
    0.24257825314998627,
    0.3036756217479706,
    0.3697744607925415,
    0.4339901804924011,
    0.5079226493835449,
    0.5650991201400757,
    0.6312716007232666,
    0.6976240277290344,
    0.76382976770401,
    0.8232811689376831,
    0.9023562073707581,
    0.9894019365310669
  ],
  "bin_counts": [
    0.0,
    0.0,
    2.0,
    107.0,
    328.0,
    484.0,
    620.0,
    1793.0,
    2144.0,
    1645.0,
    1166.0,
    815.0,
    249.0,
    82.0,
    565.0
  ],
  "per_class_acc": [
    0.0020000000949949026,
    0.18400000035762787,
    0.3400000035762787,
    0.8759999871253967,
    0.1979999989271164,
    0.0,
    0.8230000138282776,
    0.04100000113248825,
    0.25699999928474426,
    0.06599999964237213
  ]
}