{
  "epoch": 2,
  "train_loss": 1.2721660179860146,
  "train_acc": 0.43918,
  "test_loss": 1.4032013368606568,
  "test_acc": 0.3551,
  "test_ece": 0.2263949066400528,
  "test_entropy": 1.0462098121643066,
  "bin_accuracies": [
    0.0,
    0.0,
    0.1111111111111111,
    0.15324675324675324,
    0.19166666666666668,
    0.21895424836601307,
    0.2931206380857428,
    0.36739811912225706,
    0.3264367816091954,
    0.2633832976445396,
    0.3284072249589491,
    0.481216457960644,
    0.5354330708661418,
    0.4847715736040609,
    0.7796934865900383
  ],
  "bin_confidences": [
    0.0,
    0.0,
    0.18848703801631927,
    0.2407875806093216,
    0.3030981421470642,
    0.3666395843029022,
    0.4330141842365265,
    0.5026246905326843,
    0.565070390701294,
    0.6316805481910706,
    0.6965571641921997,
    0.7679753303527832,
    0.8356379866600037,
    0.8979045748710632,
    0.9717717170715332
  ],
  "bin_counts": [
    0.0,
    0.0,
    27.0,
    385.0,
    720.0,
    918.0,
    1003.0,
    1595.0,
    1305.0,
    934.0,
    609.0,
    559.0,
    635.0,
    788.0,
    522.0
  ],
  "per_class_acc": [
    0.012000000104308128,
    0.9459999799728394,
    0.34700000286102295,
    0.7310000061988831,
    0.1379999965429306,
    0.0010000000474974513,
    0.7480000257492065,
    0.10899999737739563,
    0.5189999938011169,
    0.0
  ]
}