{
  "epoch": 22,
  "train_loss": 0.7599107100225776,
  "train_acc": 0.5874,
  "test_loss": 1.082258387207985,
  "test_acc": 0.3302,
  "test_ece": 0.27996116876602173,
  "test_entropy": 0.7579123973846436,
  "bin_accuracies": [
    0.0,
    0.0,
    0.0,
    0.05128205128205128,
    0.22556390977443608,
    0.23684210526315788,
    0.23954372623574144,
    0.4058713886300093,
    0.3425925925925926,
    0.18966689326988442,
    0.05555555555555555,
    0.024844720496894408,
    0.09090909090909091,
    0.23809523809523808,
    0.9003868471953579
  ],
  "bin_confidences": [
    0.0,
    0.0,
    0.18470284342765808,
    0.24256764352321625,
    0.3036491274833679,
    0.3668913245201111,
    0.43606069684028625,
    0.5097981691360474,
    0.5634774565696716,
    0.6305333971977234,
    0.6968698501586914,
    0.7626315355300903,
    0.8262951970100403,
    0.9022948741912842,
    0.9962160587310791
  ],
  "bin_counts": [
    0.0,
    0.0,
    5.0,
    78.0,
    266.0,
    380.0,
    526.0,
    2146.0,
    2484.0,
    1471.0,
    954.0,
    483.0,
    110.0,
    63.0,
    1034.0
  ],
  "per_class_acc": [
    0.5649999976158142,
    0.00800000037997961,
    0.0430000014603138,
    0.3440000116825104,
    0.21400000154972076,
    0.14900000393390656,
    0.9810000061988831,
    0.08900000154972076,
    0.21400000154972076,
    0.6949999928474426
  ]
}