{
  "epoch": 27,
  "train_loss": 0.721081501077813,
  "train_acc": 0.60504,
  "test_loss": 1.066531816124916,
  "test_acc": 0.2885,
  "test_ece": 0.3256444036960602,
  "test_entropy": 0.7414571046829224,
  "bin_accuracies": [
    0.0,
    0.0,
    0.0,
    0.1794871794871795,
    0.17415730337078653,
    0.2367601246105919,
    0.2519893899204244,
    0.37485380116959066,
    0.2566168009205984,
    0.18514946962391515,
    0.11803519061583578,
    0.08368200836820083,
    0.32954545454545453,
    0.8979591836734694,
    0.9915966386554622
  ],
  "bin_confidences": [
    0.0,
    0.0,
    0.16819161176681519,
    0.24123810231685638,
    0.30508944392204285,
    0.3689756393432617,
    0.4357169568538666,
    0.5100427865982056,
    0.5664723515510559,
    0.6309769749641418,
    0.6954290270805359,
    0.7578178644180298,
    0.8251264691352844,
    0.9026792049407959,
    0.9938328862190247
  ],
  "bin_counts": [
    0.0,
    0.0,
    1.0,
    39.0,
    178.0,
    321.0,
    377.0,
    1710.0,
    2607.0,
    2074.0,
    1364.0,
    478.0,
    88.0,
    49.0,
    714.0
  ],
  "per_class_acc": [
    0.00800000037997961,
    0.29600000381469727,
    0.7639999985694885,
    0.12300000339746475,
    0.15600000321865082,
    0.39800000190734863,
    0.8629999756813049,
    0.11400000005960464,
    0.09200000017881393,
    0.07100000232458115
  ]
}