{
  "epoch": 28,
  "train_loss": 0.7146536578302798,
  "train_acc": 0.6063,
  "test_loss": 1.072158772945404,
  "test_acc": 0.3235,
  "test_ece": 0.299375057220459,
  "test_entropy": 0.7230892181396484,
  "bin_accuracies": [
    0.0,
    0.0,
    1.0,
    0.16216216216216217,
    0.21656050955414013,
    0.22093023255813954,
    0.2559366754617414,
    0.4279475982532751,
    0.3464566929133858,
    0.19398340248962656,
    0.06493506493506493,
    0.04355400696864112,
    0.10457516339869281,
    0.782608695652174,
    0.9791425260718424
  ],
  "bin_confidences": [
    0.0,
    0.0,
    0.18795368075370789,
    0.2424548864364624,
    0.30560049414634705,
    0.36975935101509094,
    0.434694766998291,
    0.51081383228302,
    0.5645307898521423,
    0.6308468580245972,
    0.6980382800102234,
    0.7602732181549072,
    0.8247780799865723,
    0.9105814099311829,
    0.9958211183547974
  ],
  "bin_counts": [
    0.0,
    0.0,
    1.0,
    37.0,
    157.0,
    258.0,
    379.0,
    1832.0,
    2540.0,
    1928.0,
    1232.0,
    574.0,
    153.0,
    46.0,
    863.0
  ],
  "per_class_acc": [
    0.6330000162124634,
    0.08299999684095383,
    0.00800000037997961,
    0.20900000631809235,
    0.03799999877810478,
    0.3370000123977661,
    0.9480000138282776,
    0.28700000047683716,
    0.3720000088214874,
    0.3199999928474426
  ]
}