{
  "epoch": 44,
  "train_loss": 0.5271066536988749,
  "train_acc": 0.72976,
  "test_loss": 1.211613536477089,
  "test_acc": 0.3845,
  "test_ece": 0.3340246379375458,
  "test_entropy": 0.5817626118659973,
  "bin_accuracies": [
    0.0,
    0.0,
    0.0,
    0.3333333333333333,
    0.2571428571428571,
    0.21487603305785125,
    0.2911392405063291,
    0.4425087108013937,
    0.44299674267100975,
    0.36904761904761907,
    0.306999306999307,
    0.28746928746928746,
    0.25066666666666665,
    0.19786729857819904,
    0.7601957585644372
  ],
  "bin_confidences": [
    0.0,
    0.0,
    0.0,
    0.24572785198688507,
    0.3111407160758972,
    0.3683057427406311,
    0.43667304515838623,
    0.5122746825218201,
    0.5660064220428467,
    0.6332529187202454,
    0.6996570229530334,
    0.7650534510612488,
    0.8321276307106018,
    0.8967954516410828,
    0.9857960343360901
  ],
  "bin_counts": [
    0.0,
    0.0,
    0.0,
    3.0,
    35.0,
    121.0,
    158.0,
    861.0,
    1535.0,
    1428.0,
    1443.0,
    1221.0,
    1125.0,
    844.0,
    1226.0
  ],
  "per_class_acc": [
    0.3970000147819519,
    0.2329999953508377,
    0.3409999907016754,
    0.164000004529953,
    0.4449999928474426,
    0.6019999980926514,
    0.9399999976158142,
    0.34700000286102295,
    0.11900000274181366,
    0.25699999928474426
  ]
}