{
  "epoch": 38,
  "train_loss": 0.6072525583264773,
  "train_acc": 0.67174,
  "test_loss": 1.076061332821846,
  "test_acc": 0.343,
  "test_ece": 0.31154897809028625,
  "test_entropy": 0.6612322926521301,
  "bin_accuracies": [
    0.0,
    0.0,
    0.0,
    0.2222222222222222,
    0.2876712328767123,
    0.12080536912751678,
    0.24166666666666667,
    0.4218635363169479,
    0.36304062909567497,
    0.2697697697697698,
    0.2127808988764045,
    0.1698685540950455,
    0.1606425702811245,
    0.2638888888888889,
    0.9754601226993865
  ],
  "bin_confidences": [
    0.0,
    0.0,
    0.0,
    0.2514799237251282,
    0.3113507032394409,
    0.36602118611335754,
    0.4341658353805542,
    0.5123605132102966,
    0.5665051341056824,
    0.6320592761039734,
    0.6977918744087219,
    0.7635356187820435,
    0.8299618363380432,
    0.8923333287239075,
    0.9950386881828308
  ],
  "bin_counts": [
    0.0,
    0.0,
    0.0,
    18.0,
    73.0,
    149.0,
    240.0,
    1363.0,
    2289.0,
    1998.0,
    1424.0,
    989.0,
    498.0,
    144.0,
    815.0
  ],
  "per_class_acc": [
    0.125,
    0.19499999284744263,
    0.3100000023841858,
    0.29600000381469727,
    0.13699999451637268,
    0.48399999737739563,
    0.8980000019073486,
    0.3440000116825104,
    0.34200000762939453,
    0.29899999499320984
  ]
}