{
  "epoch": 21,
  "train_loss": 0.761437379795572,
  "train_acc": 0.58692,
  "test_loss": 1.0860077774524688,
  "test_acc": 0.2962,
  "test_ece": 0.3225453197956085,
  "test_entropy": 0.7392404675483704,
  "bin_accuracies": [
    0.0,
    0.0,
    0.0,
    0.13333333333333333,
    0.14601769911504425,
    0.19825072886297376,
    0.21173469387755103,
    0.39550029603315573,
    0.2920284135753749,
    0.1875961045617632,
    0.09908256880733946,
    0.04230118443316413,
    0.09210526315789473,
    0.5692307692307692,
    0.973397823458283
  ],
  "bin_confidences": [
    0.0,
    0.0,
    0.18897001445293427,
    0.24356330931186676,
    0.30373767018318176,
    0.36792948842048645,
    0.43531274795532227,
    0.510420560836792,
    0.5664066076278687,
    0.6299551129341125,
    0.696905255317688,
    0.7627781629562378,
    0.8262742757797241,
    0.8980714678764343,
    0.9951475858688354
  ],
  "bin_counts": [
    0.0,
    0.0,
    4.0,
    60.0,
    226.0,
    343.0,
    392.0,
    1689.0,
    2534.0,
    1951.0,
    1090.0,
    591.0,
    228.0,
    65.0,
    827.0
  ],
  "per_class_acc": [
    0.11500000208616257,
    0.30799999833106995,
    0.1720000058412552,
    0.10400000214576721,
    0.6520000100135803,
    0.5799999833106995,
    0.9290000200271606,
    0.004000000189989805,
    0.05900000035762787,
    0.039000000804662704
  ]
}