{
  "epoch": 34,
  "train_loss": 0.6216913798580999,
  "train_acc": 0.65874,
  "test_loss": 1.1032385265827178,
  "test_acc": 0.3204,
  "test_ece": 0.335135817527771,
  "test_entropy": 0.6659530401229858,
  "bin_accuracies": [
    0.0,
    0.0,
    0.0,
    0.3157894736842105,
    0.15,
    0.19021739130434784,
    0.2088888888888889,
    0.40186246418338106,
    0.35556577736890527,
    0.2748478701825558,
    0.15051546391752577,
    0.10578842315369262,
    0.09861932938856016,
    0.20270270270270271,
    0.9821002386634845
  ],
  "bin_confidences": [
    0.0,
    0.0,
    0.0,
    0.23992039263248444,
    0.3048311769962311,
    0.36809101700782776,
    0.4359568953514099,
    0.511458694934845,
    0.5660423040390015,
    0.632611870765686,
    0.697355329990387,
    0.7625368237495422,
    0.8284273147583008,
    0.8925009965896606,
    0.996194064617157
  ],
  "bin_counts": [
    0.0,
    0.0,
    0.0,
    19.0,
    80.0,
    184.0,
    225.0,
    1396.0,
    2174.0,
    1972.0,
    1455.0,
    1002.0,
    507.0,
    148.0,
    838.0
  ],
  "per_class_acc": [
    0.1679999977350235,
    0.6069999933242798,
    0.11999999731779099,
    0.23499999940395355,
    0.09300000220537186,
    0.34299999475479126,
    0.9290000200271606,
    0.4269999861717224,
    0.2529999911785126,
    0.028999999165534973
  ]
}