{
  "epoch": 43,
  "train_loss": 0.5357805706198563,
  "train_acc": 0.7233,
  "test_loss": 1.1890160274505615,
  "test_acc": 0.3607,
  "test_ece": 0.3478631377220154,
  "test_entropy": 0.5935313105583191,
  "bin_accuracies": [
    0.0,
    0.0,
    0.0,
    0.14285714285714285,
    0.16666666666666666,
    0.28703703703703703,
    0.23125,
    0.4536532170119956,
    0.3953033268101761,
    0.3398310591293047,
    0.27867790019442645,
    0.24468864468864468,
    0.19751908396946566,
    0.1908284023668639,
    0.8380681818181818
  ],
  "bin_confidences": [
    0.0,
    0.0,
    0.0,
    0.24937546253204346,
    0.3048239052295685,
    0.37372684478759766,
    0.4356798231601715,
    0.51204514503479,
    0.5656548142433167,
    0.6325057148933411,
    0.700340747833252,
    0.7652379274368286,
    0.8314716815948486,
    0.8973909020423889,
    0.9904045462608337
  ],
  "bin_counts": [
    0.0,
    0.0,
    0.0,
    7.0,
    48.0,
    108.0,
    160.0,
    917.0,
    1533.0,
    1539.0,
    1543.0,
    1365.0,
    1048.0,
    676.0,
    1056.0
  ],
  "per_class_acc": [
    0.3100000023841858,
    0.33000001311302185,
    0.3100000023841858,
    0.21299999952316284,
    0.414000004529953,
    0.5210000276565552,
    0.9399999976158142,
    0.1770000010728836,
    0.1550000011920929,
    0.2370000034570694
  ]
}