{
  "epoch": 30,
  "train_loss": 0.6575782071903843,
  "train_acc": 0.6332,
  "test_loss": 1.0614539337158204,
  "test_acc": 0.2707,
  "test_ece": 0.3707614243030548,
  "test_entropy": 0.683429479598999,
  "bin_accuracies": [
    0.0,
    0.0,
    0.0,
    0.13636363636363635,
    0.15833333333333333,
    0.2,
    0.25524475524475526,
    0.36191145467322555,
    0.2752761257434155,
    0.14441287878787878,
    0.06945337620578779,
    0.07417582417582418,
    0.13761467889908258,
    0.45454545454545453,
    0.9746136865342163
  ],
  "bin_confidences": [
    0.0,
    0.0,
    0.18799157440662384,
    0.2455735206604004,
    0.30501416325569153,
    0.36879029870033264,
    0.434897243976593,
    0.5112013220787048,
    0.5663626790046692,
    0.6325467824935913,
    0.6971707940101624,
    0.7608665823936462,
    0.8263274431228638,
    0.8987946510314941,
    0.9963870644569397
  ],
  "bin_counts": [
    0.0,
    0.0,
    1.0,
    22.0,
    120.0,
    220.0,
    286.0,
    1423.0,
    2354.0,
    2112.0,
    1555.0,
    728.0,
    218.0,
    55.0,
    906.0
  ],
  "per_class_acc": [
    0.43700000643730164,
    0.1340000033378601,
    0.07100000232458115,
    0.4830000102519989,
    0.27300000190734863,
    0.06800000369548798,
    0.9649999737739563,
    0.09300000220537186,
    0.029999999329447746,
    0.15299999713897705
  ]
}