{
  "epoch": 0,
  "train_loss": 1.7790146102685758,
  "train_acc": 0.30892,
  "test_loss": 1.5348980700969697,
  "test_acc": 0.3633,
  "test_ece": 0.10115409642457962,
  "test_entropy": 1.3390299081802368,
  "bin_accuracies": [
    0.0,
    0.0,
    0.14150943396226415,
    0.19491525423728814,
    0.2282051282051282,
    0.2888264230498946,
    0.33751743375174337,
    0.4385061171925306,
    0.5033621517771374,
    0.4693295292439372,
    0.39147286821705424,
    0.35379061371841153,
    0.5247524752475248,
    0.7425742574257426,
    0.9094650205761317
  ],
  "bin_confidences": [
    0.0,
    0.0,
    0.18495553731918335,
    0.2404204159975052,
    0.29995742440223694,
    0.3662319481372833,
    0.43296945095062256,
    0.49949097633361816,
    0.5639815330505371,
    0.6317777633666992,
    0.6967792510986328,
    0.7612703442573547,
    0.8323027491569519,
    0.899993896484375,
    0.9751238226890564
  ],
  "bin_counts": [
    0.0,
    0.0,
    106.0,
    944.0,
    1560.0,
    1423.0,
    1434.0,
    1553.0,
    1041.0,
    701.0,
    516.0,
    277.0,
    101.0,
    101.0,
    243.0
  ],
  "per_class_acc": [
    0.31299999356269836,
    0.0010000000474974513,
    0.017999999225139618,
    0.6269999742507935,
    0.3799999952316284,
    0.03700000047683716,
    0.6740000247955322,
    0.3709999918937683,
    0.3970000147819519,
    0.8149999976158142
  ]
}