{
  "epoch": 11,
  "train_loss": 0.8893667203386116,
  "train_acc": 0.54156,
  "test_loss": 1.1638723748922348,
  "test_acc": 0.3154,
  "test_ece": 0.27940845489501953,
  "test_entropy": 0.8217663168907166,
  "bin_accuracies": [
    0.0,
    0.0,
    0.16666666666666666,
    0.1553398058252427,
    0.18562874251497005,
    0.2345679012345679,
    0.2824561403508772,
    0.39081687132941806,
    0.35531574740207833,
    0.16724941724941725,
    0.047619047619047616,
    0.06363636363636363,
    0.4909090909090909,
    0.8115942028985508,
    0.9631093544137023
  ],
  "bin_confidences": [
    0.0,
    0.0,
    0.19136321544647217,
    0.24342750012874603,
    0.3033485412597656,
    0.36889466643333435,
    0.43498510122299194,
    0.5082630515098572,
    0.5652837157249451,
    0.6307071447372437,
    0.6965630650520325,
    0.7566994428634644,
    0.8301340937614441,
    0.9029675722122192,
    0.9924242496490479
  ],
  "bin_counts": [
    0.0,
    0.0,
    6.0,
    103.0,
    334.0,
    486.0,
    570.0,
    1873.0,
    2502.0,
    1716.0,
    1197.0,
    330.0,
    55.0,
    69.0,
    759.0
  ],
  "per_class_acc": [
    0.8529999852180481,
    0.5239999890327454,
    0.0,
    0.25,
    0.1850000023841858,
    0.3149999976158142,
    0.9049999713897705,
    0.09600000083446503,
    0.0,
    0.026000000536441803
  ]
}