{
  "epoch": 18,
  "train_loss": 0.7907538449063021,
  "train_acc": 0.57706,
  "test_loss": 1.104256170988083,
  "test_acc": 0.272,
  "test_ece": 0.34180375933647156,
  "test_entropy": 0.7599223852157593,
  "bin_accuracies": [
    0.0,
    0.0,
    0.0,
    0.0821917808219178,
    0.17355371900826447,
    0.22191011235955055,
    0.2511013215859031,
    0.3537170263788969,
    0.1946414499605989,
    0.12840095465393794,
    0.1487758945386064,
    0.1431924882629108,
    0.1724137931034483,
    0.6081081081081081,
    0.9676300578034682
  ],
  "bin_confidences": [
    0.0,
    0.0,
    0.19160109758377075,
    0.24139004945755005,
    0.3035983741283417,
    0.36799708008766174,
    0.4355171024799347,
    0.5082542896270752,
    0.5666562914848328,
    0.6310034394264221,
    0.6945089101791382,
    0.7637731432914734,
    0.8254446387290955,
    0.9022383689880371,
    0.9948506355285645
  ],
  "bin_counts": [
    0.0,
    0.0,
    2.0,
    73.0,
    242.0,
    356.0,
    454.0,
    1668.0,
    2538.0,
    2095.0,
    1062.0,
    426.0,
    145.0,
    74.0,
    865.0
  ],
  "per_class_acc": [
    0.15000000596046448,
    0.23899999260902405,
    0.0860000029206276,
    0.7720000147819519,
    0.03200000151991844,
    0.017000000923871994,
    0.9570000171661377,
    0.3790000081062317,
    0.032999999821186066,
    0.054999999701976776
  ]
}