{
  "epoch": 15,
  "train_loss": 0.8282000231925789,
  "train_acc": 0.56184,
  "test_loss": 1.0779644221067428,
  "test_acc": 0.3696,
  "test_ece": 0.2357030063867569,
  "test_entropy": 0.786076545715332,
  "bin_accuracies": [
    0.0,
    0.0,
    0.25,
    0.16129032258064516,
    0.19626168224299065,
    0.19953596287703015,
    0.24707846410684475,
    0.41074168797953964,
    0.4595413241021203,
    0.32929164007657946,
    0.08871745419479267,
    0.033783783783783786,
    0.10909090909090909,
    0.6885245901639344,
    0.963953488372093
  ],
  "bin_confidences": [
    0.0,
    0.0,
    0.19234156608581543,
    0.23935046792030334,
    0.3039298355579376,
    0.3675529360771179,
    0.43461576104164124,
    0.5084410905838013,
    0.5657106637954712,
    0.6308082342147827,
    0.6992977857589722,
    0.7621555328369141,
    0.8219265937805176,
    0.9046398997306824,
    0.9941760897636414
  ],
  "bin_counts": [
    0.0,
    0.0,
    8.0,
    93.0,
    321.0,
    431.0,
    599.0,
    1955.0,
    2311.0,
    1567.0,
    1037.0,
    592.0,
    165.0,
    61.0,
    860.0
  ],
  "per_class_acc": [
    0.014000000432133675,
    0.6660000085830688,
    0.2590000033378601,
    0.24799999594688416,
    0.49000000953674316,
    0.22699999809265137,
    0.953000009059906,
    0.020999999716877937,
    0.8159999847412109,
    0.0020000000949949026
  ]
}