{
  "epoch": 25,
  "train_loss": 0.7308247978120204,
  "train_acc": 0.59808,
  "test_loss": 1.0710105746984482,
  "test_acc": 0.3046,
  "test_ece": 0.3257388174533844,
  "test_entropy": 0.7308109402656555,
  "bin_accuracies": [
    0.0,
    0.0,
    0.0,
    0.2619047619047619,
    0.245,
    0.24149659863945577,
    0.26330532212885155,
    0.4080571799870045,
    0.3111919927206551,
    0.19508670520231214,
    0.1246556473829201,
    0.08104738154613467,
    0.11515151515151516,
    0.6590909090909091,
    0.97708082026538
  ],
  "bin_confidences": [
    0.0,
    0.0,
    0.17901384830474854,
    0.24403627216815948,
    0.3043733239173889,
    0.3695239722728729,
    0.4354134500026703,
    0.5098509192466736,
    0.5665249824523926,
    0.6329719424247742,
    0.696734607219696,
    0.7613194584846497,
    0.8217238783836365,
    0.8981838226318359,
    0.9952307343482971
  ],
  "bin_counts": [
    0.0,
    0.0,
    2.0,
    42.0,
    200.0,
    294.0,
    357.0,
    1539.0,
    2198.0,
    2076.0,
    1452.0,
    802.0,
    165.0,
    44.0,
    829.0
  ],
  "per_class_acc": [
    0.0,
    0.1289999932050705,
    0.7799999713897705,
    0.26100000739097595,
    0.019999999552965164,
    0.2370000034570694,
    0.9279999732971191,
    0.5540000200271606,
    0.003000000026077032,
    0.1340000033378601
  ]
}