{
  "epoch": 16,
  "train_loss": 0.8196291711629199,
  "train_acc": 0.56612,
  "test_loss": 1.1336129212379455,
  "test_acc": 0.3585,
  "test_ece": 0.23481319844722748,
  "test_entropy": 0.8128250241279602,
  "bin_accuracies": [
    0.0,
    0.0,
    0.0,
    0.14606741573033707,
    0.14743589743589744,
    0.208067940552017,
    0.23476702508960573,
    0.3937300743889479,
    0.37149442950441797,
    0.3034021193530396,
    0.22916666666666666,
    0.21184510250569477,
    0.2925170068027211,
    0.8428571428571429,
    0.9935794542536116
  ],
  "bin_confidences": [
    0.0,
    0.0,
    0.189474955201149,
    0.24840551614761353,
    0.30269700288772583,
    0.3663421869277954,
    0.43534237146377563,
    0.5088211894035339,
    0.5653358101844788,
    0.6303508877754211,
    0.6967392563819885,
    0.7600263953208923,
    0.827364981174469,
    0.9008594751358032,
    0.9917680621147156
  ],
  "bin_counts": [
    0.0,
    0.0,
    5.0,
    89.0,
    312.0,
    471.0,
    558.0,
    1882.0,
    2603.0,
    1793.0,
    1008.0,
    439.0,
    147.0,
    70.0,
    623.0
  ],
  "per_class_acc": [
    0.10899999737739563,
    0.32199999690055847,
    0.0949999988079071,
    0.04699999839067459,
    0.0020000000949949026,
    0.8709999918937683,
    0.8389999866485596,
    0.5460000038146973,
    0.7059999704360962,
    0.04800000041723251
  ]
}