{
  "epoch": 19,
  "train_loss": 0.7842315833281983,
  "train_acc": 0.57924,
  "test_loss": 1.124789034128189,
  "test_acc": 0.3262,
  "test_ece": 0.3059294521808624,
  "test_entropy": 0.7503750920295715,
  "bin_accuracies": [
    0.0,
    0.0,
    0.16666666666666666,
    0.19607843137254902,
    0.21962616822429906,
    0.21153846153846154,
    0.21333333333333335,
    0.3760361718161266,
    0.33822042467138524,
    0.2852283770651118,
    0.21138211382113822,
    0.16,
    0.1564625850340136,
    0.6060606060606061,
    0.981994459833795
  ],
  "bin_confidences": [
    0.0,
    0.0,
    0.18517917394638062,
    0.24453608691692352,
    0.306916207075119,
    0.36751043796539307,
    0.43551692366600037,
    0.5076715350151062,
    0.567755401134491,
    0.6340667009353638,
    0.6974869966506958,
    0.7619593739509583,
    0.8253910541534424,
    0.8979945182800293,
    0.9933530688285828
  ],
  "bin_counts": [
    0.0,
    0.0,
    6.0,
    51.0,
    214.0,
    312.0,
    450.0,
    1327.0,
    1978.0,
    2058.0,
    1722.0,
    800.0,
    294.0,
    66.0,
    722.0
  ],
  "per_class_acc": [
    0.14100000262260437,
    0.4090000092983246,
    0.04899999871850014,
    0.0430000014603138,
    0.859000027179718,
    0.8659999966621399,
    0.8650000095367432,
    0.0,
    0.0010000000474974513,
    0.028999999165534973
  ]
}