{
  "epoch": 17,
  "train_loss": 0.8029108767009452,
  "train_acc": 0.56972,
  "test_loss": 1.153310813307762,
  "test_acc": 0.2353,
  "test_ece": 0.3617078363895416,
  "test_entropy": 0.7951833605766296,
  "bin_accuracies": [
    0.0,
    0.0,
    0.0,
    0.2,
    0.15,
    0.15789473684210525,
    0.2568027210884354,
    0.323242688558235,
    0.18576923076923077,
    0.07890017931858936,
    0.04679552390640895,
    0.039399624765478425,
    0.2543859649122807,
    0.9803921568627451,
    0.9941520467836257
  ],
  "bin_confidences": [
    0.0,
    0.0,
    0.1880195289850235,
    0.24514245986938477,
    0.3065175414085388,
    0.3677227795124054,
    0.43755823373794556,
    0.50914466381073,
    0.5653313994407654,
    0.6315829753875732,
    0.6966869235038757,
    0.7622503638267517,
    0.8236701488494873,
    0.9076607823371887,
    0.9924134612083435
  ],
  "bin_counts": [
    0.0,
    0.0,
    3.0,
    85.0,
    300.0,
    437.0,
    588.0,
    1949.0,
    2600.0,
    1673.0,
    983.0,
    533.0,
    114.0,
    51.0,
    684.0
  ],
  "per_class_acc": [
    0.24400000274181366,
    0.2619999945163727,
    0.13600000739097595,
    0.4399999976158142,
    0.14499999582767487,
    0.1289999932050705,
    0.8610000014305115,
    0.09399999678134918,
    0.0010000000474974513,
    0.04100000113248825
  ]
}