{
  "epoch": 26,
  "train_loss": 0.7301654114442713,
  "train_acc": 0.59888,
  "test_loss": 1.1199654477834702,
  "test_acc": 0.2679,
  "test_ece": 0.3491816818714142,
  "test_entropy": 0.7465448975563049,
  "bin_accuracies": [
    0.0,
    0.0,
    0.25,
    0.09836065573770492,
    0.09583333333333334,
    0.15680473372781065,
    0.2107843137254902,
    0.33475870494807575,
    0.25799750727046117,
    0.15029761904761904,
    0.1099476439790576,
    0.12546125461254612,
    0.18181818181818182,
    0.6986301369863014,
    0.984
  ],
  "bin_confidences": [
    0.0,
    0.0,
    0.19484445452690125,
    0.24339206516742706,
    0.30394718050956726,
    0.3689727187156677,
    0.4370706081390381,
    0.5093193054199219,
    0.5663332939147949,
    0.6315118670463562,
    0.6958155632019043,
    0.7618752717971802,
    0.8269366025924683,
    0.8990872502326965,
    0.9936038255691528
  ],
  "bin_counts": [
    0.0,
    0.0,
    4.0,
    61.0,
    240.0,
    338.0,
    408.0,
    1637.0,
    2407.0,
    2016.0,
    1337.0,
    542.0,
    187.0,
    73.0,
    750.0
  ],
  "per_class_acc": [
    0.11699999868869781,
    0.041999999433755875,
    0.13899999856948853,
    0.6759999990463257,
    0.13099999725818634,
    0.0560000017285347,
    0.8830000162124634,
    0.10499999672174454,
    0.023000000044703484,
    0.5070000290870667
  ]
}