{
  "epoch": 41,
  "train_loss": 0.5505782722512169,
  "train_acc": 0.71352,
  "test_loss": 1.16322423517704,
  "test_acc": 0.3476,
  "test_ece": 0.3473756015300751,
  "test_entropy": 0.610225260257721,
  "bin_accuracies": [
    0.0,
    0.0,
    0.0,
    0.2222222222222222,
    0.2807017543859649,
    0.2116788321167883,
    0.2711864406779661,
    0.44868035190615835,
    0.39102932719954,
    0.2939046469523235,
    0.253224711473184,
    0.21144674085850557,
    0.16464088397790055,
    0.16363636363636364,
    0.864039408866995
  ],
  "bin_confidences": [
    0.0,
    0.0,
    0.0,
    0.2560841739177704,
    0.3118065893650055,
    0.37080711126327515,
    0.43693843483924866,
    0.5130718350410461,
    0.5669910907745361,
    0.6315109729766846,
    0.6989398002624512,
    0.7656795978546143,
    0.8312591910362244,
    0.8973918557167053,
    0.9907745122909546
  ],
  "bin_counts": [
    0.0,
    0.0,
    0.0,
    9.0,
    57.0,
    137.0,
    177.0,
    1023.0,
    1739.0,
    1657.0,
    1473.0,
    1258.0,
    905.0,
    550.0,
    1015.0
  ],
  "per_class_acc": [
    0.23800000548362732,
    0.43799999356269836,
    0.26899999380111694,
    0.38499999046325684,
    0.20900000631809235,
    0.2630000114440918,
    0.9390000104904175,
    0.31200000643730164,
    0.3179999887943268,
    0.10499999672174454
  ]
}