{
  "epoch": 1,
  "train_loss": 1.4285711370160818,
  "train_acc": 0.4031,
  "test_loss": 1.4633533978462219,
  "test_acc": 0.2743,
  "test_ece": 0.2230231761932373,
  "test_entropy": 1.198317527770996,
  "bin_accuracies": [
    0.0,
    0.0,
    0.13592233009708737,
    0.1518796992481203,
    0.17973568281938326,
    0.2288961038961039,
    0.25538020086083213,
    0.3141091658084449,
    0.2539325842696629,
    0.16558861578266496,
    0.12854030501089325,
    0.2783018867924528,
    0.49586776859504134,
    0.6993865030674846,
    0.8948497854077253
  ],
  "bin_confidences": [
    0.0,
    0.0,
    0.18366068601608276,
    0.24035871028900146,
    0.3012109696865082,
    0.36637285351753235,
    0.4337334632873535,
    0.501365065574646,
    0.56228107213974,
    0.631138801574707,
    0.6964215636253357,
    0.7612991333007812,
    0.834456205368042,
    0.9009549021720886,
    0.9775981307029724
  ],
  "bin_counts": [
    0.0,
    0.0,
    103.0,
    665.0,
    1135.0,
    1232.0,
    1394.0,
    1942.0,
    1335.0,
    773.0,
    459.0,
    212.0,
    121.0,
    163.0,
    466.0
  ],
  "per_class_acc": [
    0.014999999664723873,
    0.10899999737739563,
    0.38600000739097595,
    0.15700000524520874,
    0.11400000005960464,
    0.37599998712539673,
    0.8640000224113464,
    0.30000001192092896,
    0.032999999821186066,
    0.3889999985694885
  ]
}