{
  "epoch": 9,
  "train_loss": 0.9288378681063347,
  "train_acc": 0.52936,
  "test_loss": 1.2312298321723938,
  "test_acc": 0.2931,
  "test_ece": 0.3116820752620697,
  "test_entropy": 0.848257839679718,
  "bin_accuracies": [
    0.0,
    0.0,
    0.0,
    0.1566265060240964,
    0.15714285714285714,
    0.18363273453093812,
    0.24675324675324675,
    0.364069006543724,
    0.3394673123486683,
    0.20815318097591107,
    0.11995967741935484,
    0.07166123778501629,
    0.0954653937947494,
    0.3302752293577982,
    0.9807407407407407
  ],
  "bin_confidences": [
    0.0,
    0.0,
    0.19068624079227448,
    0.24244965612888336,
    0.30355334281921387,
    0.36860403418540955,
    0.4350912570953369,
    0.5061676502227783,
    0.5656453371047974,
    0.6312844157218933,
    0.6963066458702087,
    0.7652007341384888,
    0.8329537510871887,
    0.8933855891227722,
    0.9903667569160461
  ],
  "bin_counts": [
    0.0,
    0.0,
    7.0,
    166.0,
    350.0,
    501.0,
    693.0,
    1681.0,
    2065.0,
    1619.0,
    992.0,
    614.0,
    419.0,
    218.0,
    675.0
  ],
  "per_class_acc": [
    0.10300000011920929,
    0.7670000195503235,
    0.09099999815225601,
    0.6679999828338623,
    0.03400000184774399,
    0.03099999949336052,
    0.9020000100135803,
    0.33000001311302185,
    0.0,
    0.004999999888241291
  ]
}