{
  "epoch": 6,
  "train_loss": 1.0203750453641653,
  "train_acc": 0.5062,
  "test_loss": 1.2842514938116074,
  "test_acc": 0.3249,
  "test_ece": 0.26470908522605896,
  "test_entropy": 0.9398261904716492,
  "bin_accuracies": [
    0.0,
    0.0,
    0.3333333333333333,
    0.24064171122994651,
    0.2782258064516129,
    0.27866473149492016,
    0.3208279430789133,
    0.44996686547382375,
    0.40548098434004476,
    0.2614980289093298,
    0.16275021758050479,
    0.08128342245989305,
    0.145985401459854,
    0.7766990291262136,
    0.9880952380952381
  ],
  "bin_confidences": [
    0.0,
    0.0,
    0.18736106157302856,
    0.24313154816627502,
    0.3028221130371094,
    0.36735355854034424,
    0.43529608845710754,
    0.5049836039543152,
    0.5665571689605713,
    0.6312417984008789,
    0.697546124458313,
    0.7661531567573547,
    0.8257755041122437,
    0.8985518217086792,
    0.984157145023346
  ],
  "bin_counts": [
    0.0,
    0.0,
    18.0,
    187.0,
    496.0,
    689.0,
    773.0,
    1509.0,
    1788.0,
    1522.0,
    1149.0,
    935.0,
    411.0,
    103.0,
    420.0
  ],
  "per_class_acc": [
    0.003000000026077032,
    0.24799999594688416,
    0.5429999828338623,
    0.09000000357627869,
    0.7870000004768372,
    0.7059999704360962,
    0.7789999842643738,
    0.0,
    0.0,
    0.09300000220537186
  ]
}