{
  "epoch": 36,
  "train_loss": 0.6117000931973957,
  "train_acc": 0.66618,
  "test_loss": 1.078377680182457,
  "test_acc": 0.3508,
  "test_ece": 0.30216971039772034,
  "test_entropy": 0.6658015251159668,
  "bin_accuracies": [
    0.0,
    0.0,
    0.0,
    0.23529411764705882,
    0.16666666666666666,
    0.2023121387283237,
    0.2454212454212454,
    0.43810178817056394,
    0.38507977576541613,
    0.2735229759299781,
    0.19186046511627908,
    0.14904862579281183,
    0.10103092783505155,
    0.20437956204379562,
    0.9754464285714286
  ],
  "bin_confidences": [
    0.0,
    0.0,
    0.0,
    0.24376751482486725,
    0.3117806613445282,
    0.3677869439125061,
    0.4356408417224884,
    0.5123577117919922,
    0.5662628412246704,
    0.6318991184234619,
    0.698706328868866,
    0.7634122371673584,
    0.8279592394828796,
    0.8888130187988281,
    0.9965241551399231
  ],
  "bin_counts": [
    0.0,
    0.0,
    0.0,
    17.0,
    96.0,
    173.0,
    273.0,
    1454.0,
    2319.0,
    1828.0,
    1376.0,
    946.0,
    485.0,
    137.0,
    896.0
  ],
  "per_class_acc": [
    0.2639999985694885,
    0.07000000029802322,
    0.2669999897480011,
    0.4819999933242798,
    0.14399999380111694,
    0.1720000058412552,
    0.9480000138282776,
    0.28200000524520874,
    0.4320000112056732,
    0.44699999690055847
  ]
}