{
  "epoch": 8,
  "train_loss": 0.9620502284725608,
  "train_acc": 0.52234,
  "test_loss": 1.1879090762138367,
  "test_acc": 0.3311,
  "test_ece": 0.26695287227630615,
  "test_entropy": 0.8648690581321716,
  "bin_accuracies": [
    0.0,
    0.0,
    0.14285714285714285,
    0.17647058823529413,
    0.18763796909492272,
    0.18505338078291814,
    0.2403718459495352,
    0.34835566382460414,
    0.36850152905198774,
    0.3133696309739867,
    0.1788756388415673,
    0.08576329331046312,
    0.18421052631578946,
    0.625,
    0.9480354879594424
  ],
  "bin_confidences": [
    0.0,
    0.0,
    0.18708667159080505,
    0.244609996676445,
    0.3052102029323578,
    0.36709263920783997,
    0.435163289308548,
    0.5046563744544983,
    0.5664014220237732,
    0.6328350305557251,
    0.6974667310714722,
    0.7606817483901978,
    0.8263638019561768,
    0.9020915031433105,
    0.990867555141449
  ],
  "bin_counts": [
    0.0,
    0.0,
    7.0,
    136.0,
    453.0,
    562.0,
    753.0,
    1642.0,
    1962.0,
    1653.0,
    1174.0,
    583.0,
    190.0,
    96.0,
    789.0
  ],
  "per_class_acc": [
    0.6690000295639038,
    0.003000000026077032,
    0.004000000189989805,
    0.1889999955892563,
    0.17800000309944153,
    0.39100000262260437,
    0.9229999780654907,
    0.06400000303983688,
    0.014999999664723873,
    0.875
  ]
}