{
  "epoch": 31,
  "train_loss": 0.6424177628953743,
  "train_acc": 0.64094,
  "test_loss": 1.094131764769554,
  "test_acc": 0.2766,
  "test_ece": 0.3737376630306244,
  "test_entropy": 0.672346293926239,
  "bin_accuracies": [
    0.0,
    0.0,
    0.0,
    0.3333333333333333,
    0.10309278350515463,
    0.2542372881355932,
    0.19029850746268656,
    0.40416367552045945,
    0.3083680073971336,
    0.16172106824925817,
    0.09842041312272175,
    0.05005213764337852,
    0.0963855421686747,
    0.3695652173913043,
    0.9832535885167464
  ],
  "bin_confidences": [
    0.0,
    0.0,
    0.0,
    0.23862753808498383,
    0.3068384528160095,
    0.36841845512390137,
    0.43349364399909973,
    0.5118086934089661,
    0.5656232237815857,
    0.6319094896316528,
    0.6986324787139893,
    0.7630549073219299,
    0.8254711031913757,
    0.8940004110336304,
    0.9972090721130371
  ],
  "bin_counts": [
    0.0,
    0.0,
    0.0,
    15.0,
    97.0,
    177.0,
    268.0,
    1393.0,
    2163.0,
    2022.0,
    1646.0,
    959.0,
    332.0,
    92.0,
    836.0
  ],
  "per_class_acc": [
    0.10199999809265137,
    0.3009999990463257,
    0.3529999852180481,
    0.3930000066757202,
    0.026000000536441803,
    0.11900000274181366,
    0.9340000152587891,
    0.43700000643730164,
    0.05700000002980232,
    0.04399999976158142
  ]
}