{
  "epoch": 33,
  "train_loss": 0.6236564564278059,
  "train_acc": 0.65178,
  "test_loss": 1.1095237249135972,
  "test_acc": 0.2758,
  "test_ece": 0.3774246275424957,
  "test_entropy": 0.6675918102264404,
  "bin_accuracies": [
    0.0,
    0.0,
    0.0,
    0.17647058823529413,
    0.14457831325301204,
    0.17582417582417584,
    0.23868312757201646,
    0.36845983787767134,
    0.2924306535025858,
    0.17822265625,
    0.10365853658536585,
    0.0934873949579832,
    0.11358024691358025,
    0.32608695652173914,
    0.9730679156908665
  ],
  "bin_confidences": [
    0.0,
    0.0,
    0.0,
    0.23980207741260529,
    0.3080034852027893,
    0.3701930642127991,
    0.4337111711502075,
    0.5128746628761292,
    0.5660557150840759,
    0.6320295333862305,
    0.6975194215774536,
    0.7612725496292114,
    0.8270388841629028,
    0.891096293926239,
    0.9951691031455994
  ],
  "bin_counts": [
    0.0,
    0.0,
    0.0,
    17.0,
    83.0,
    182.0,
    243.0,
    1357.0,
    2127.0,
    2048.0,
    1640.0,
    952.0,
    405.0,
    92.0,
    854.0
  ],
  "per_class_acc": [
    0.15399999916553497,
    0.3019999861717224,
    0.2680000066757202,
    0.5099999904632568,
    0.12600000202655792,
    0.10499999672174454,
    0.9240000247955322,
    0.21899999678134918,
    0.010999999940395355,
    0.13899999856948853
  ]
}