{
  "epoch": 48,
  "train_loss": 0.4704435793182734,
  "train_acc": 0.77266,
  "test_loss": 1.2777813774347306,
  "test_acc": 0.3986,
  "test_ece": 0.33728018403053284,
  "test_entropy": 0.5542802810668945,
  "bin_accuracies": [
    0.0,
    0.0,
    0.0,
    0.42857142857142855,
    0.30303030303030304,
    0.12903225806451613,
    0.2847682119205298,
    0.4528985507246377,
    0.43621700879765396,
    0.4066615027110767,
    0.38284839203675347,
    0.3119556611243072,
    0.2827272727272727,
    0.22966507177033493,
    0.6438446346280448
  ],
  "bin_confidences": [
    0.0,
    0.0,
    0.0,
    0.25161656737327576,
    0.30661943554878235,
    0.3696426749229431,
    0.4360859990119934,
    0.5121262669563293,
    0.5672258138656616,
    0.6335288286209106,
    0.6991428732872009,
    0.7663124799728394,
    0.8324976563453674,
    0.9008033275604248,
    0.9812860488891602
  ],
  "bin_counts": [
    0.0,
    0.0,
    0.0,
    7.0,
    33.0,
    93.0,
    151.0,
    828.0,
    1364.0,
    1291.0,
    1306.0,
    1263.0,
    1100.0,
    1045.0,
    1519.0
  ],
  "per_class_acc": [
    0.4050000011920929,
    0.4410000145435333,
    0.164000004529953,
    0.30000001192092896,
    0.40700000524520874,
    0.4099999964237213,
    0.9380000233650208,
    0.37700000405311584,
    0.3240000009536743,
    0.2199999988079071
  ]
}