{
  "epoch": 3,
  "train_loss": 1.1907812329509375,
  "train_acc": 0.45748,
  "test_loss": 1.4470734930038451,
  "test_acc": 0.3444,
  "test_ece": 0.19547045230865479,
  "test_entropy": 1.0738723278045654,
  "bin_accuracies": [
    0.0,
    0.0,
    0.08,
    0.1696969696969697,
    0.24355670103092783,
    0.27218344965104685,
    0.3050691244239631,
    0.4408315565031983,
    0.46984792868379655,
    0.32575757575757575,
    0.16161616161616163,
    0.22826086956521738,
    0.1946564885496183,
    0.2014388489208633,
    0.7241379310344828
  ],
  "bin_confidences": [
    0.0,
    0.0,
    0.18307816982269287,
    0.2405119389295578,
    0.30317166447639465,
    0.3679526448249817,
    0.4352693259716034,
    0.5038784146308899,
    0.5640959143638611,
    0.6293059587478638,
    0.6951278448104858,
    0.7636165618896484,
    0.834147572517395,
    0.9000683426856995,
    0.9655612111091614
  ],
  "bin_counts": [
    0.0,
    0.0,
    25.0,
    330.0,
    776.0,
    1003.0,
    1085.0,
    1876.0,
    1907.0,
    1188.0,
    594.0,
    276.0,
    262.0,
    417.0,
    261.0
  ],
  "per_class_acc": [
    0.8659999966621399,
    0.0020000000949949026,
    0.0,
    0.31200000643730164,
    0.014000000432133675,
    0.1850000023841858,
    0.6510000228881836,
    0.6010000109672546,
    0.0,
    0.8130000233650208
  ]
}