{
  "epoch": 32,
  "train_loss": 0.631142903014522,
  "train_acc": 0.64814,
  "test_loss": 1.0364710122346878,
  "test_acc": 0.3415,
  "test_ece": 0.3013320565223694,
  "test_entropy": 0.6787712574005127,
  "bin_accuracies": [
    0.0,
    0.0,
    0.0,
    0.24,
    0.2777777777777778,
    0.22346368715083798,
    0.2924187725631769,
    0.4111610006414368,
    0.38262322472848787,
    0.2528032619775739,
    0.1529664045746962,
    0.10275689223057644,
    0.11420612813370473,
    0.36585365853658536,
    0.9778296382730455
  ],
  "bin_confidences": [
    0.0,
    0.0,
    0.17648257315158844,
    0.24511365592479706,
    0.30962440371513367,
    0.3664211630821228,
    0.4353600740432739,
    0.5127201080322266,
    0.5657984614372253,
    0.6321283578872681,
    0.6970188021659851,
    0.7636502981185913,
    0.826071560382843,
    0.8930037617683411,
    0.9964929819107056
  ],
  "bin_counts": [
    0.0,
    0.0,
    1.0,
    25.0,
    108.0,
    179.0,
    277.0,
    1559.0,
    2394.0,
    1962.0,
    1399.0,
    798.0,
    359.0,
    82.0,
    857.0
  ],
  "per_class_acc": [
    0.09700000286102295,
    0.09000000357627869,
    0.5260000228881836,
    0.37700000405311584,
    0.05299999937415123,
    0.14900000393390656,
    0.9449999928474426,
    0.24899999797344208,
    0.5529999732971191,
    0.37599998712539673
  ]
}