{
  "epoch": 40,
  "train_loss": 0.5567673289257548,
  "train_acc": 0.70608,
  "test_loss": 1.1693343818187714,
  "test_acc": 0.3373,
  "test_ece": 0.3586235046386719,
  "test_entropy": 0.609987735748291,
  "bin_accuracies": [
    0.0,
    0.0,
    0.0,
    0.2,
    0.23809523809523808,
    0.13821138211382114,
    0.2692307692307692,
    0.4428997020854022,
    0.3804733727810651,
    0.29218106995884774,
    0.23635153129161118,
    0.1873065015479876,
    0.1706806282722513,
    0.17357001972386588,
    0.8672032193158954
  ],
  "bin_confidences": [
    0.0,
    0.0,
    0.0,
    0.23282504081726074,
    0.30728477239608765,
    0.3665497899055481,
    0.43607380986213684,
    0.5124766826629639,
    0.565631628036499,
    0.6331790685653687,
    0.6994034051895142,
    0.7656813859939575,
    0.8313189744949341,
    0.8956637978553772,
    0.9898611903190613
  ],
  "bin_counts": [
    0.0,
    0.0,
    0.0,
    5.0,
    42.0,
    123.0,
    182.0,
    1007.0,
    1690.0,
    1701.0,
    1502.0,
    1292.0,
    955.0,
    507.0,
    994.0
  ],
  "per_class_acc": [
    0.30799999833106995,
    0.15000000596046448,
    0.27799999713897705,
    0.5450000166893005,
    0.23999999463558197,
    0.14800000190734863,
    0.9200000166893005,
    0.1899999976158142,
    0.1679999977350235,
    0.4259999990463257
  ]
}