{
  "epoch": 24,
  "train_loss": 0.7401995811316059,
  "train_acc": 0.59354,
  "test_loss": 1.0807848465442658,
  "test_acc": 0.2734,
  "test_ece": 0.3362790048122406,
  "test_entropy": 0.7605037689208984,
  "bin_accuracies": [
    0.0,
    0.0,
    0.0,
    0.17391304347826086,
    0.1461187214611872,
    0.1875,
    0.22587719298245615,
    0.3736871199557767,
    0.2773467804499612,
    0.12836438923395446,
    0.0635048231511254,
    0.04790419161676647,
    0.25,
    0.9302325581395349,
    0.990358126721763
  ],
  "bin_confidences": [
    0.0,
    0.0,
    0.18861784040927887,
    0.24260874092578888,
    0.30613890290260315,
    0.3673834502696991,
    0.43549880385398865,
    0.5098422169685364,
    0.5648577213287354,
    0.6310855746269226,
    0.6966400742530823,
    0.7597825527191162,
    0.8228054046630859,
    0.9067230820655823,
    0.9934801459312439
  ],
  "bin_counts": [
    0.0,
    0.0,
    2.0,
    46.0,
    219.0,
    336.0,
    456.0,
    1809.0,
    2578.0,
    1932.0,
    1244.0,
    501.0,
    108.0,
    43.0,
    726.0
  ],
  "per_class_acc": [
    0.24699999392032623,
    0.08100000023841858,
    0.06300000101327896,
    0.289000004529953,
    0.008999999612569809,
    0.2160000056028366,
    0.8790000081062317,
    0.6330000162124634,
    0.14000000059604645,
    0.1770000010728836
  ]
}