{
  "epoch": 7,
  "train_loss": 0.9873499033396201,
  "train_acc": 0.51392,
  "test_loss": 1.230998131632805,
  "test_acc": 0.3661,
  "test_ece": 0.24719245731830597,
  "test_entropy": 0.848128616809845,
  "bin_accuracies": [
    0.0,
    0.0,
    0.16666666666666666,
    0.19166666666666668,
    0.20812182741116753,
    0.2344582593250444,
    0.2692307692307692,
    0.40221147201105734,
    0.44523195876288657,
    0.38071348940914157,
    0.23652291105121293,
    0.1,
    0.14285714285714285,
    0.5517241379310345,
    0.941031941031941
  ],
  "bin_confidences": [
    0.0,
    0.0,
    0.18903666734695435,
    0.24328693747520447,
    0.30279526114463806,
    0.3683050572872162,
    0.4344581067562103,
    0.5051785111427307,
    0.5671836733818054,
    0.6331531405448914,
    0.698229193687439,
    0.7609944939613342,
    0.8214167356491089,
    0.8994140625,
    0.9915543794631958
  ],
  "bin_counts": [
    0.0,
    0.0,
    6.0,
    120.0,
    394.0,
    563.0,
    702.0,
    1447.0,
    1552.0,
    1794.0,
    1484.0,
    820.0,
    217.0,
    87.0,
    814.0
  ],
  "per_class_acc": [
    0.5149999856948853,
    0.9660000205039978,
    0.00800000037997961,
    0.7480000257492065,
    0.4729999899864197,
    0.004999999888241291,
    0.9409999847412109,
    0.004000000189989805,
    0.0,
    0.0010000000474974513
  ]
}