{
  "epoch": 45,
  "train_loss": 0.4956065186911532,
  "train_acc": 0.75592,
  "test_loss": 1.2689506316184997,
  "test_acc": 0.3619,
  "test_ece": 0.3654543459415436,
  "test_entropy": 0.5680335164070129,
  "bin_accuracies": [
    0.0,
    0.0,
    0.0,
    0.3076923076923077,
    0.24074074074074073,
    0.19718309859154928,
    0.28662420382165604,
    0.4435389988358556,
    0.41684511063526053,
    0.3644128113879004,
    0.279969064191802,
    0.27617602427921095,
    0.21348314606741572,
    0.15665236051502146,
    0.7067164179104478
  ],
  "bin_confidences": [
    0.0,
    0.0,
    0.0,
    0.2477857768535614,
    0.3120863735675812,
    0.374142050743103,
    0.437551885843277,
    0.5125702619552612,
    0.5669792890548706,
    0.6331318616867065,
    0.6986647844314575,
    0.7658904790878296,
    0.8325721025466919,
    0.8986455202102661,
    0.9841960668563843
  ],
  "bin_counts": [
    0.0,
    0.0,
    0.0,
    13.0,
    54.0,
    71.0,
    157.0,
    859.0,
    1401.0,
    1405.0,
    1293.0,
    1318.0,
    1157.0,
    932.0,
    1340.0
  ],
  "per_class_acc": [
    0.3179999887943268,
    0.4090000092983246,
    0.26899999380111694,
    0.4490000009536743,
    0.23399999737739563,
    0.2639999985694885,
    0.9509999752044678,
    0.4320000112056732,
    0.16500000655651093,
    0.12800000607967377
  ]
}