{
  "epoch": 35,
  "train_loss": 0.6186015538852233,
  "train_acc": 0.66014,
  "test_loss": 1.076459164619446,
  "test_acc": 0.3418,
  "test_ece": 0.3116994798183441,
  "test_entropy": 0.6635773181915283,
  "bin_accuracies": [
    0.0,
    0.0,
    0.0,
    0.06666666666666667,
    0.2236842105263158,
    0.19767441860465115,
    0.2885375494071146,
    0.4313863476425053,
    0.37389770723104054,
    0.27521008403361347,
    0.1845841784989858,
    0.13249211356466878,
    0.11324786324786325,
    0.24375,
    0.9807923169267707
  ],
  "bin_confidences": [
    0.0,
    0.0,
    0.0,
    0.24133248627185822,
    0.30624082684516907,
    0.3702705204486847,
    0.43649837374687195,
    0.5130431652069092,
    0.5661805868148804,
    0.6320712566375732,
    0.6978851556777954,
    0.7638530135154724,
    0.8270130157470703,
    0.8908601999282837,
    0.995444118976593
  ],
  "bin_counts": [
    0.0,
    0.0,
    0.0,
    15.0,
    76.0,
    172.0,
    253.0,
    1421.0,
    2268.0,
    1904.0,
    1479.0,
    951.0,
    468.0,
    160.0,
    833.0
  ],
  "per_class_acc": [
    0.050999999046325684,
    0.22499999403953552,
    0.47200000286102295,
    0.3869999945163727,
    0.054999999701976776,
    0.22499999403953552,
    0.9139999747276306,
    0.47099998593330383,
    0.4429999887943268,
    0.17499999701976776
  ]
}