{
  "train_loss": [
    2.3233057330636417,
    2.2738995247179896,
    2.241876279606539,
    2.220370030464114,
    2.2090877803695173,
    2.199476040842588,
    2.1878105642850443,
    2.1791080391925313,
    2.1712724973478585,
    2.1646464874067575,
    2.1559825190497786,
    2.1485938144766767,
    2.142688970431647,
    2.1360871993062442,
    2.13085058765948,
    2.125175040091395,
    2.12017197712608,
    2.1133616946237472,
    2.107586168267233,
    2.101485419151423,
    2.0955405198704558,
    2.088963550984707,
    2.085235067035841,
    2.080790560263807,
    2.0721343990482026,
    2.067481063211056,
    2.062396972685519,
    2.025513964540818,
    2.0149976008993282,
    2.0065870010639397,
    2.0003122960210153,
    1.9926811657903138,
    1.9869482492851784,
    1.9784392182479429,
    1.967742903153305,
    1.9597505800559392,
    1.952155515056132,
    1.9399863515058746,
    1.8723494811436099,
    1.846797067795873,
    1.8321530553690917,
    1.8221350484491918,
    1.8049527806089358,
    1.7925581788772817,
    1.705928067417096,
    1.6685501675471626,
    1.6499864512392322,
    1.6291622405161943,
    1.61057420398878,
    1.5908761161672489
  ],
  "train_acc": [
    0.14376,
    0.17646,
    0.19784,
    0.214,
    0.22402,
    0.23296,
    0.23984,
    0.24748,
    0.25666,
    0.2623,
    0.26664,
    0.27156,
    0.27708,
    0.28232,
    0.28548,
    0.28836,
    0.29222,
    0.29738,
    0.29948,
    0.30592,
    0.30722,
    0.3091,
    0.31308,
    0.31438,
    0.32054,
    0.3201,
    0.3237,
    0.34078,
    0.3446,
    0.34746,
    0.3477,
    0.35004,
    0.35132,
    0.35412,
    0.35798,
    0.35866,
    0.36046,
    0.36492,
    0.3864,
    0.39446,
    0.39684,
    0.39912,
    0.40536,
    0.4071,
    0.43682,
    0.44732,
    0.45334,
    0.4611,
    0.46652,
    0.4721
  ],
  "test_loss": [
    2.0348671782016754,
    1.9020160496234895,
    1.8192666423320771,
    1.8262707901000976,
    1.7227409052848817,
    1.7843155932426453,
    1.711881846189499,
    1.685650007724762,
    1.6499352598190307,
    1.624404159784317,
    1.5837124645709992,
    1.6318722617626191,
    1.6051732695102692,
    1.54399343252182,
    1.5382529747486116,
    1.511597248315811,
    1.5213737881183624,
    1.5180577862262725,
    1.4660493397712708,
    1.4819042372703553,
    1.4216017389297486,
    1.4500833642482758,
    1.5140157210826874,
    1.4920123636722564,
    1.4432232642173768,
    1.4402909886837005,
    1.4946360158920289,
    1.4041001737117766,
    1.4131674265861511,
    1.3953928434848786,
    1.4054676020145416,
    1.3886279380321502,
    1.42655118227005,
    1.433911908864975,
    1.3939808213710785,
    1.4005664491653442,
    1.462578307390213,
    1.4211999595165252,
    1.4202921223640441,
    1.4232896900177001,
    1.4721702253818512,
    1.4364844477176666,
    1.4849262297153474,
    1.527584731578827,
    1.4833495473861695,
    1.4552894520759583,
    1.4667919278144836,
    1.5451992928981781,
    1.5791323614120483,
    1.5720837283134461
  ],
  "test_acc": [
    0.276,
    0.3781,
    0.455,
    0.4311,
    0.5106,
    0.4818,
    0.5416,
    0.5365,
    0.5605,
    0.5758,
    0.584,
    0.5907,
    0.5935,
    0.6152,
    0.6116,
    0.6267,
    0.6308,
    0.6294,
    0.6545,
    0.6712,
    0.6657,
    0.6767,
    0.6321,
    0.6462,
    0.6626,
    0.6807,
    0.6573,
    0.6808,
    0.685,
    0.6664,
    0.6703,
    0.6518,
    0.6731,
    0.6524,
    0.6573,
    0.6621,
    0.6282,
    0.6333,
    0.6433,
    0.6272,
    0.6149,
    0.6107,
    0.5921,
    0.5736,
    0.5885,
    0.5862,
    0.5718,
    0.5492,
    0.5376,
    0.5389
  ],
  "test_ece": [
    0.04232744872570038,
    0.16619153320789337,
    0.22858338057994843,
    0.19079995155334473,
    0.2636472284793854,
    0.22942078113555908,
    0.30279141664505005,
    0.27638837695121765,
    0.29614999890327454,
    0.3079931437969208,
    0.30406469106674194,
    0.328626811504364,
    0.3214241862297058,
    0.32392266392707825,
    0.3126825988292694,
    0.3310031294822693,
    0.3380870223045349,
    0.32866939902305603,
    0.34865161776542664,
    0.3773805499076843,
    0.3438172936439514,
    0.36828169226646423,
    0.32482871413230896,
    0.3398545980453491,
    0.34474754333496094,
    0.36367082595825195,
    0.35269930958747864,
    0.3509051203727722,
    0.3570351302623749,
    0.31419283151626587,
    0.3288835287094116,
    0.28003039956092834,
    0.3359552323818207,
    0.30510926246643066,
    0.2859073877334595,
    0.3089151382446289,
    0.277223140001297,
    0.2651754915714264,
    0.2686227560043335,
    0.2412514090538025,
    0.24472656846046448,
    0.20781533420085907,
    0.19507291913032532,
    0.19374561309814453,
    0.176242858171463,
    0.15060025453567505,
    0.11825516819953918,
    0.10373928397893906,
    0.09548626840114594,
    0.08998885750770569
  ],
  "test_entropy": [
    2.1506800651550293,
    2.184591054916382,
    2.1699275970458984,
    2.139888286590576,
    2.143857717514038,
    2.132477045059204,
    2.1621739864349365,
    2.1272969245910645,
    2.1231725215911865,
    2.1200788021087646,
    2.098139524459839,
    2.133882522583008,
    2.1243371963500977,
    2.088768720626831,
    2.0795071125030518,
    2.0821633338928223,
    2.0886566638946533,
    2.07528018951416,
    2.069523334503174,
    2.092656373977661,
    2.037069082260132,
    2.0687215328216553,
    2.0664119720458984,
    2.0692615509033203,
    2.049431562423706,
    2.0534965991973877,
    2.0719501972198486,
    2.0190162658691406,
    2.0233466625213623,
    1.9689445495605469,
    1.9929312467575073,
    1.918399453163147,
    1.9921422004699707,
    1.9689258337020874,
    1.9276089668273926,
    1.9593734741210938,
    1.9509588479995728,
    1.9125765562057495,
    1.8906800746917725,
    1.8533904552459717,
    1.8857333660125732,
    1.802720069885254,
    1.8100696802139282,
    1.8445953130722046,
    1.7618978023529053,
    1.6972919702529907,
    1.6438828706741333,
    1.6481050252914429,
    1.6346558332443237,
    1.6425710916519165
  ],
  "epoch_time": [
    26.64690327644348,
    26.696780920028687,
    26.66546607017517,
    26.661412954330444,
    26.653419256210327,
    26.642776012420654,
    26.66691756248474,
    26.640183210372925,
    26.651395559310913,
    26.644796133041382,
    26.651992321014404,
    26.629265308380127,
    26.66512370109558,
    26.64528203010559,
    26.618343830108643,
    26.639912605285645,
    26.627065896987915,
    26.617022275924683,
    26.65757179260254,
    26.645451545715332,
    26.658341884613037,
    26.62395691871643,
    26.619857788085938,
    26.625001907348633,
    26.643373489379883,
    26.64143943786621,
    26.636887550354004,
    26.630508184432983,
    26.620445489883423,
    26.62612557411194,
    26.629327297210693,
    26.65782070159912,
    26.792011737823486,
    26.69967555999756,
    26.624002933502197,
    27.072998046875,
    26.647855281829834,
    26.658411502838135,
    26.63277840614319,
    26.65226435661316,
    26.663402557373047,
    26.666685819625854,
    26.68090271949768,
    26.67331314086914,
    26.62850022315979,
    26.635571718215942,
    26.621970176696777,
    26.635284423828125,
    26.636634349822998,
    26.616567850112915
  ]
}