{
  "epoch": 27,
  "train_loss": 2.025513964540818,
  "train_acc": 0.34078,
  "test_loss": 1.4041001737117766,
  "test_acc": 0.6808,
  "test_ece": 0.3509051203727722,
  "test_entropy": 2.0190162658691406,
  "bin_accuracies": [
    0.0,
    0.125,
    0.3482549317147193,
    0.4775561097256858,
    0.6902610441767069,
    0.8178807947019867,
    0.9124386252045826,
    0.9426321709786277,
    0.9651741293532339,
    0.9758454106280193,
    1.0,
    1.0,
    0.0,
    0.0,
    0.0
  ],
  "bin_confidences": [
    0.0,
    0.1302601546049118,
    0.1775900274515152,
    0.23285998404026031,
    0.2981477677822113,
    0.36607229709625244,
    0.43135982751846313,
    0.4973824918270111,
    0.5633478760719299,
    0.6228465437889099,
    0.689716100692749,
    0.7609958052635193,
    0.0,
    0.0,
    0.0
  ],
  "bin_counts": [
    0.0,
    8.0,
    1318.0,
    2406.0,
    1992.0,
    1510.0,
    1222.0,
    889.0,
    402.0,
    207.0,
    38.0,
    8.0,
    0.0,
    0.0,
    0.0
  ],
  "per_class_acc": [
    0.5429999828338623,
    0.7789999842643738,
    0.5860000252723694,
    0.6230000257492065,
    0.5820000171661377,
    0.5870000123977661,
    0.7089999914169312,
    0.6740000247955322,
    0.8880000114440918,
    0.8370000123977661
  ]
}