{
  "epoch": 35,
  "train_loss": 1.9597505800559392,
  "train_acc": 0.35866,
  "test_loss": 1.4005664491653442,
  "test_acc": 0.6621,
  "test_ece": 0.3089151382446289,
  "test_entropy": 1.9593734741210938,
  "bin_accuracies": [
    0.0,
    0.0,
    0.2813765182186235,
    0.4510996724379972,
    0.6056265984654732,
    0.7659176029962547,
    0.8473926380368099,
    0.9100310237849017,
    0.9202772963604853,
    0.9553903345724907,
    0.972027972027972,
    0.9767441860465116,
    1.0,
    1.0,
    0.0
  ],
  "bin_confidences": [
    0.0,
    0.13318215310573578,
    0.17767846584320068,
    0.2337946742773056,
    0.2996247410774231,
    0.36630722880363464,
    0.43219947814941406,
    0.4983358085155487,
    0.5643213391304016,
    0.6307330131530762,
    0.6924358606338501,
    0.7632524371147156,
    0.823300302028656,
    0.8747555017471313,
    0.0
  ],
  "bin_counts": [
    0.0,
    1.0,
    988.0,
    2137.0,
    1955.0,
    1602.0,
    1304.0,
    967.0,
    577.0,
    269.0,
    143.0,
    43.0,
    12.0,
    2.0,
    0.0
  ],
  "per_class_acc": [
    0.652999997138977,
    0.7990000247955322,
    0.4779999852180481,
    0.40700000524520874,
    0.6340000033378601,
    0.5370000004768372,
    0.7950000166893005,
    0.7289999723434448,
    0.7570000290870667,
    0.8320000171661377
  ]
}