{
  "epoch": 16,
  "train_loss": 2.12017197712608,
  "train_acc": 0.29222,
  "test_loss": 1.5213737881183624,
  "test_acc": 0.6308,
  "test_ece": 0.3380870223045349,
  "test_entropy": 2.0886566638946533,
  "bin_accuracies": [
    0.0,
    0.23076923076923078,
    0.3450095969289827,
    0.5174947515745276,
    0.7064935064935065,
    0.8361623616236162,
    0.9037837837837838,
    0.9346534653465347,
    0.9620853080568721,
    1.0,
    0.9444444444444444,
    1.0,
    0.0,
    0.0,
    0.0
  ],
  "bin_confidences": [
    0.0,
    0.1300206035375595,
    0.1746627390384674,
    0.23150478303432465,
    0.2974572479724884,
    0.3643704354763031,
    0.430379718542099,
    0.4954551160335541,
    0.5627489686012268,
    0.628503143787384,
    0.6879858374595642,
    0.7565233707427979,
    0.0,
    0.0,
    0.0
  ],
  "bin_counts": [
    0.0,
    39.0,
    2084.0,
    2858.0,
    1925.0,
    1355.0,
    925.0,
    505.0,
    211.0,
    77.0,
    18.0,
    3.0,
    0.0,
    0.0,
    0.0
  ],
  "per_class_acc": [
    0.6179999709129333,
    0.8600000143051147,
    0.5199999809265137,
    0.47999998927116394,
    0.6389999985694885,
    0.5389999747276306,
    0.6029999852180481,
    0.6380000114440918,
    0.7770000100135803,
    0.6340000033378601
  ]
}