{
  "epoch": 5,
  "train_loss": 2.199476040842588,
  "train_acc": 0.23296,
  "test_loss": 1.7843155932426453,
  "test_acc": 0.4818,
  "test_ece": 0.22942078113555908,
  "test_entropy": 2.132477045059204,
  "bin_accuracies": [
    0.0,
    0.1827956989247312,
    0.35804299481097107,
    0.5238925706313219,
    0.6309623430962343,
    0.6110183639398998,
    0.583554376657825,
    0.5791666666666667,
    0.6256410256410256,
    0.6890243902439024,
    0.9010989010989011,
    0.9473684210526315,
    1.0,
    0.0,
    0.0
  ],
  "bin_confidences": [
    0.0,
    0.12762117385864258,
    0.16898907721042633,
    0.2286355048418045,
    0.2959790825843811,
    0.3642938435077667,
    0.4303067624568939,
    0.4981382489204407,
    0.5676388144493103,
    0.6308626532554626,
    0.6944701075553894,
    0.7579195499420166,
    0.8222783207893372,
    0.0,
    0.0
  ],
  "bin_counts": [
    0.0,
    186.0,
    4047.0,
    2867.0,
    1195.0,
    599.0,
    377.0,
    240.0,
    195.0,
    164.0,
    91.0,
    38.0,
    1.0,
    0.0,
    0.0
  ],
  "per_class_acc": [
    0.6470000147819519,
    0.5920000076293945,
    0.257999986410141,
    0.4429999887943268,
    0.2029999941587448,
    0.3089999854564667,
    0.8349999785423279,
    0.4020000100135803,
    0.5540000200271606,
    0.574999988079071
  ]
}