{
  "epoch": 17,
  "train_loss": 2.1133616946237472,
  "train_acc": 0.29738,
  "test_loss": 1.5180577862262725,
  "test_acc": 0.6294,
  "test_ece": 0.32866939902305603,
  "test_entropy": 2.07528018951416,
  "bin_accuracies": [
    0.0,
    0.2222222222222222,
    0.35181644359464626,
    0.5241509433962264,
    0.6699947451392538,
    0.8035320088300221,
    0.8784838350055741,
    0.9289256198347108,
    0.9696969696969697,
    0.9831932773109243,
    0.9142857142857143,
    1.0,
    0.0,
    1.0,
    0.0
  ],
  "bin_confidences": [
    0.0,
    0.1281251460313797,
    0.17441821098327637,
    0.23174706101417542,
    0.2981979548931122,
    0.3654864728450775,
    0.4310934841632843,
    0.49724650382995605,
    0.5631312131881714,
    0.6275821328163147,
    0.6884799003601074,
    0.7663070559501648,
    0.0,
    0.9152340292930603,
    0.0
  ],
  "bin_counts": [
    0.0,
    36.0,
    2092.0,
    2650.0,
    1903.0,
    1359.0,
    897.0,
    605.0,
    297.0,
    119.0,
    35.0,
    3.0,
    0.0,
    4.0,
    0.0
  ],
  "per_class_acc": [
    0.6439999938011169,
    0.8569999933242798,
    0.5400000214576721,
    0.2630000114440918,
    0.5519999861717224,
    0.5910000205039978,
    0.7419999837875366,
    0.7730000019073486,
    0.7549999952316284,
    0.5770000219345093
  ]
}