{
  "epoch": 36,
  "train_loss": 1.952155515056132,
  "train_acc": 0.36046,
  "test_loss": 1.462578307390213,
  "test_acc": 0.6282,
  "test_ece": 0.277223140001297,
  "test_entropy": 1.9509588479995728,
  "bin_accuracies": [
    0.0,
    0.3333333333333333,
    0.30462184873949577,
    0.44761480160499334,
    0.5859717486604968,
    0.7141993957703927,
    0.7806563039723662,
    0.8475750577367206,
    0.882703777335984,
    0.9267515923566879,
    0.9006211180124224,
    0.875,
    1.0,
    1.0,
    0.0
  ],
  "bin_confidences": [
    0.0,
    0.13156065344810486,
    0.17820996046066284,
    0.2336048036813736,
    0.2989172041416168,
    0.36534416675567627,
    0.43233412504196167,
    0.4983452260494232,
    0.5647971034049988,
    0.6282102465629578,
    0.6948838829994202,
    0.7607561945915222,
    0.8267634510993958,
    0.8753893375396729,
    0.0
  ],
  "bin_counts": [
    0.0,
    3.0,
    952.0,
    2243.0,
    2053.0,
    1655.0,
    1158.0,
    866.0,
    503.0,
    314.0,
    161.0,
    64.0,
    25.0,
    3.0,
    0.0
  ],
  "per_class_acc": [
    0.546999990940094,
    0.871999979019165,
    0.4790000021457672,
    0.5609999895095825,
    0.44999998807907104,
    0.5609999895095825,
    0.5740000009536743,
    0.621999979019165,
    0.8220000267028809,
    0.7940000295639038
  ]
}