{
  "epoch": 14,
  "train_loss": 2.13085058765948,
  "train_acc": 0.28548,
  "test_loss": 1.5382529747486116,
  "test_acc": 0.6116,
  "test_ece": 0.3126825988292694,
  "test_entropy": 2.0795071125030518,
  "bin_accuracies": [
    0.0,
    0.07692307692307693,
    0.32931305715783954,
    0.4992732558139535,
    0.632183908045977,
    0.7760671798460462,
    0.8862068965517241,
    0.9424083769633508,
    0.9532163742690059,
    0.9122807017543859,
    0.8888888888888888,
    1.0,
    1.0,
    0.0,
    0.0
  ],
  "bin_confidences": [
    0.0,
    0.12916958332061768,
    0.1745956391096115,
    0.23242658376693726,
    0.29860976338386536,
    0.36505892872810364,
    0.4311515986919403,
    0.49444642663002014,
    0.5619980096817017,
    0.621444821357727,
    0.6821480989456177,
    0.7575748562812805,
    0.8580565452575684,
    0.0,
    0.0
  ],
  "bin_counts": [
    0.0,
    26.0,
    1907.0,
    2752.0,
    1914.0,
    1429.0,
    1160.0,
    573.0,
    171.0,
    57.0,
    9.0,
    1.0,
    1.0,
    0.0,
    0.0
  ],
  "per_class_acc": [
    0.5440000295639038,
    0.7829999923706055,
    0.5260000228881836,
    0.2800000011920929,
    0.34200000762939453,
    0.6830000281333923,
    0.859000027179718,
    0.5509999990463257,
    0.8569999933242798,
    0.6909999847412109
  ]
}