{
  "epoch": 26,
  "train_loss": 2.062396972685519,
  "train_acc": 0.3237,
  "test_loss": 1.4946360158920289,
  "test_acc": 0.6573,
  "test_ece": 0.35269930958747864,
  "test_entropy": 2.0719501972198486,
  "bin_accuracies": [
    0.0,
    0.3333333333333333,
    0.3761412051125989,
    0.5083364208966283,
    0.7045244690674054,
    0.8240506329113924,
    0.9050387596899225,
    0.9221789883268483,
    0.9625,
    1.0,
    1.0,
    1.0,
    0.0,
    0.0,
    0.0
  ],
  "bin_confidences": [
    0.0,
    0.12733623385429382,
    0.1763477474451065,
    0.23264306783676147,
    0.2983526289463043,
    0.3640896677970886,
    0.4310923218727112,
    0.49513933062553406,
    0.5621862411499023,
    0.6268464922904968,
    0.6824460029602051,
    0.7482450604438782,
    0.0,
    0.0,
    0.0
  ],
  "bin_counts": [
    0.0,
    15.0,
    1643.0,
    2699.0,
    2166.0,
    1580.0,
    1032.0,
    514.0,
    240.0,
    93.0,
    17.0,
    1.0,
    0.0,
    0.0,
    0.0
  ],
  "per_class_acc": [
    0.5490000247955322,
    0.8679999709129333,
    0.7129999995231628,
    0.5080000162124634,
    0.4659999907016754,
    0.4830000102519989,
    0.6949999928474426,
    0.7540000081062317,
    0.8679999709129333,
    0.6690000295639038
  ]
}