{
  "epoch": 33,
  "train_loss": 1.9784392182479429,
  "train_acc": 0.35412,
  "test_loss": 1.433911908864975,
  "test_acc": 0.6524,
  "test_ece": 0.30510926246643066,
  "test_entropy": 1.9689258337020874,
  "bin_accuracies": [
    0.0,
    0.2,
    0.31392174704276615,
    0.45716945996275604,
    0.6124744376278118,
    0.7626811594202898,
    0.8487199379363848,
    0.889406286379511,
    0.8906560636182903,
    0.8741007194244604,
    0.8913043478260869,
    0.9591836734693877,
    1.0,
    1.0,
    1.0
  ],
  "bin_confidences": [
    0.0,
    0.1303424835205078,
    0.1771097481250763,
    0.23346498608589172,
    0.29818257689476013,
    0.36551427841186523,
    0.43152570724487305,
    0.49603378772735596,
    0.5638518929481506,
    0.6298137903213501,
    0.694474458694458,
    0.7623199820518494,
    0.8264344930648804,
    0.8956831097602844,
    0.9379392862319946
  ],
  "bin_counts": [
    0.0,
    10.0,
    1099.0,
    2148.0,
    1956.0,
    1656.0,
    1289.0,
    859.0,
    503.0,
    278.0,
    138.0,
    49.0,
    11.0,
    3.0,
    1.0
  ],
  "per_class_acc": [
    0.7390000224113464,
    0.6800000071525574,
    0.36500000953674316,
    0.4659999907016754,
    0.7570000290870667,
    0.4950000047683716,
    0.8119999766349792,
    0.6389999985694885,
    0.7900000214576721,
    0.781000018119812
  ]
}