{
  "epoch": 19,
  "train_loss": 2.101485419151423,
  "train_acc": 0.30592,
  "test_loss": 1.4819042372703553,
  "test_acc": 0.6712,
  "test_ece": 0.3773805499076843,
  "test_entropy": 2.092656373977661,
  "bin_accuracies": [
    0.0,
    0.15625,
    0.3607329842931937,
    0.5610700457585357,
    0.7412412412412412,
    0.8688963210702341,
    0.9431051108968177,
    0.9705304518664047,
    0.9716312056737588,
    0.9333333333333333,
    1.0,
    1.0,
    0.0,
    0.0,
    0.0
  ],
  "bin_confidences": [
    0.0,
    0.12744629383087158,
    0.1750088781118393,
    0.23225826025009155,
    0.29752621054649353,
    0.36484962701797485,
    0.4301678240299225,
    0.4947790801525116,
    0.5561895370483398,
    0.6253786683082581,
    0.698958694934845,
    0.7930469512939453,
    0.0,
    0.0,
    0.0
  ],
  "bin_counts": [
    0.0,
    32.0,
    1910.0,
    2841.0,
    1998.0,
    1495.0,
    1037.0,
    509.0,
    141.0,
    30.0,
    6.0,
    1.0,
    0.0,
    0.0,
    0.0
  ],
  "per_class_acc": [
    0.796999990940094,
    0.8460000157356262,
    0.46000000834465027,
    0.35100001096725464,
    0.6069999933242798,
    0.734000027179718,
    0.7519999742507935,
    0.6650000214576721,
    0.7720000147819519,
    0.7279999852180481
  ]
}