{
  "epoch": 46,
  "train_loss": 1.6499864512392322,
  "train_acc": 0.45334,
  "test_loss": 1.4667919278144836,
  "test_acc": 0.5718,
  "test_ece": 0.11825516819953918,
  "test_entropy": 1.6438828706741333,
  "bin_accuracies": [
    0.0,
    1.0,
    0.23127035830618892,
    0.3309409888357257,
    0.4422501496110114,
    0.5100904662491301,
    0.5598047192839707,
    0.6436893203883495,
    0.70550576184379,
    0.78125,
    0.7982758620689655,
    0.8101851851851852,
    0.8364197530864198,
    0.8743961352657005,
    0.8933333333333333
  ],
  "bin_confidences": [
    0.0,
    0.13133813440799713,
    0.1818753033876419,
    0.23651337623596191,
    0.3003328740596771,
    0.36539018154144287,
    0.43229496479034424,
    0.49876508116722107,
    0.5657610297203064,
    0.6321728229522705,
    0.6989285349845886,
    0.7656950950622559,
    0.8322613835334778,
    0.8968393802642822,
    0.9585459232330322
  ],
  "bin_counts": [
    0.0,
    1.0,
    307.0,
    1254.0,
    1671.0,
    1437.0,
    1229.0,
    1030.0,
    781.0,
    672.0,
    580.0,
    432.0,
    324.0,
    207.0,
    75.0
  ],
  "per_class_acc": [
    0.531000018119812,
    0.6579999923706055,
    0.6039999723434448,
    0.40799999237060547,
    0.5099999904632568,
    0.5989999771118164,
    0.6029999852180481,
    0.5230000019073486,
    0.6200000047683716,
    0.6620000004768372
  ]
}