{
  "epoch": 45,
  "train_loss": 1.6685501675471626,
  "train_acc": 0.44732,
  "test_loss": 1.4552894520759583,
  "test_acc": 0.5862,
  "test_ece": 0.15060025453567505,
  "test_entropy": 1.6972919702529907,
  "bin_accuracies": [
    0.0,
    0.0,
    0.2583732057416268,
    0.33241188666205945,
    0.4608904933814681,
    0.5394824153948241,
    0.6323886639676113,
    0.7030430220356768,
    0.7204161248374512,
    0.816793893129771,
    0.8373983739837398,
    0.8644501278772379,
    0.8481012658227848,
    0.875,
    0.8448275862068966
  ],
  "bin_confidences": [
    0.0,
    0.0,
    0.18059813976287842,
    0.2355538010597229,
    0.3003543019294739,
    0.36589106917381287,
    0.4320373237133026,
    0.49884217977523804,
    0.5652647614479065,
    0.6323161721229553,
    0.6982734203338623,
    0.7643687129020691,
    0.8259735703468323,
    0.8946491479873657,
    0.9561970829963684
  ],
  "bin_counts": [
    0.0,
    0.0,
    418.0,
    1447.0,
    1662.0,
    1507.0,
    1235.0,
    953.0,
    769.0,
    655.0,
    492.0,
    391.0,
    237.0,
    176.0,
    58.0
  ],
  "per_class_acc": [
    0.5490000247955322,
    0.6589999794960022,
    0.49900001287460327,
    0.4309999942779541,
    0.45899999141693115,
    0.550000011920929,
    0.6430000066757202,
    0.6169999837875366,
    0.7379999756813049,
    0.7170000076293945
  ]
}