{
  "epoch": 37,
  "train_loss": 1.9399863515058746,
  "train_acc": 0.36492,
  "test_loss": 1.4211999595165252,
  "test_acc": 0.6333,
  "test_ece": 0.2651754915714264,
  "test_entropy": 1.9125765562057495,
  "bin_accuracies": [
    0.0,
    0.25,
    0.2730414746543779,
    0.43053510063819345,
    0.5718733783082511,
    0.6916129032258065,
    0.7864625302175665,
    0.8483870967741935,
    0.8760064412238325,
    0.8894009216589862,
    0.8949771689497716,
    0.91,
    0.9387755102040817,
    0.9333333333333333,
    1.0
  ],
  "bin_confidences": [
    0.0,
    0.12850190699100494,
    0.1774887591600418,
    0.23467981815338135,
    0.2995215952396393,
    0.364175945520401,
    0.4317820370197296,
    0.49732506275177,
    0.5645774602890015,
    0.629645586013794,
    0.6971777081489563,
    0.7655529975891113,
    0.8275911808013916,
    0.9006801843643188,
    0.9403294920921326
  ],
  "bin_counts": [
    0.0,
    8.0,
    868.0,
    2037.0,
    1927.0,
    1550.0,
    1241.0,
    930.0,
    621.0,
    434.0,
    219.0,
    100.0,
    49.0,
    15.0,
    1.0
  ],
  "per_class_acc": [
    0.7110000252723694,
    0.7749999761581421,
    0.5550000071525574,
    0.37400001287460327,
    0.7049999833106995,
    0.4180000126361847,
    0.593999981880188,
    0.7020000219345093,
    0.7850000262260437,
    0.7139999866485596
  ]
}