{
  "epoch": 38,
  "train_loss": 1.8723494811436099,
  "train_acc": 0.3864,
  "test_loss": 1.4202921223640441,
  "test_acc": 0.6433,
  "test_ece": 0.2686227560043335,
  "test_entropy": 1.8906800746917725,
  "bin_accuracies": [
    0.0,
    0.14285714285714285,
    0.3117709437963945,
    0.4171717171717172,
    0.5912762520193862,
    0.7077625570776256,
    0.7909011373578303,
    0.8348214285714286,
    0.8873015873015873,
    0.8973799126637555,
    0.8971631205673759,
    0.9212121212121213,
    0.96,
    0.9655172413793104,
    1.0
  ],
  "bin_confidences": [
    0.0,
    0.12917576730251312,
    0.17708638310432434,
    0.2346506118774414,
    0.2991725206375122,
    0.36524125933647156,
    0.43224063515663147,
    0.49943453073501587,
    0.5650891661643982,
    0.6305681467056274,
    0.6977683305740356,
    0.7626128196716309,
    0.8280280828475952,
    0.8909105062484741,
    0.9487664699554443
  ],
  "bin_counts": [
    0.0,
    7.0,
    943.0,
    1980.0,
    1857.0,
    1533.0,
    1143.0,
    896.0,
    630.0,
    458.0,
    282.0,
    165.0,
    75.0,
    29.0,
    2.0
  ],
  "per_class_acc": [
    0.640999972820282,
    0.7940000295639038,
    0.44699999690055847,
    0.4180000126361847,
    0.6190000176429749,
    0.5630000233650208,
    0.6629999876022339,
    0.6809999942779541,
    0.8339999914169312,
    0.7730000019073486
  ]
}