{
  "epoch": 22,
  "train_loss": 2.085235067035841,
  "train_acc": 0.31308,
  "test_loss": 1.5140157210826874,
  "test_acc": 0.6321,
  "test_ece": 0.32482871413230896,
  "test_entropy": 2.0664119720458984,
  "bin_accuracies": [
    0.0,
    0.16666666666666666,
    0.3459158415841584,
    0.5054824561403509,
    0.6777777777777778,
    0.7892998678996037,
    0.8562753036437247,
    0.8769230769230769,
    0.9074074074074074,
    0.9590163934426229,
    0.9333333333333333,
    1.0,
    0.0,
    0.0,
    0.0
  ],
  "bin_confidences": [
    0.0,
    0.12903308868408203,
    0.17680393159389496,
    0.23235365748405457,
    0.29830488562583923,
    0.36504748463630676,
    0.4307616651058197,
    0.4958835244178772,
    0.5637612342834473,
    0.6290146112442017,
    0.693268895149231,
    0.7574508786201477,
    0.0,
    0.0,
    0.0
  ],
  "bin_counts": [
    0.0,
    18.0,
    1616.0,
    2736.0,
    2160.0,
    1514.0,
    988.0,
    520.0,
    270.0,
    122.0,
    45.0,
    11.0,
    0.0,
    0.0,
    0.0
  ],
  "per_class_acc": [
    0.4819999933242798,
    0.7440000176429749,
    0.4480000138282776,
    0.32199999690055847,
    0.5600000023841858,
    0.6980000138282776,
    0.7820000052452087,
    0.7789999842643738,
    0.7860000133514404,
    0.7200000286102295
  ]
}