{
  "epoch": 13,
  "train_loss": 2.1360871993062442,
  "train_acc": 0.28232,
  "test_loss": 1.54399343252182,
  "test_acc": 0.6152,
  "test_ece": 0.32392266392707825,
  "test_entropy": 2.088768720626831,
  "bin_accuracies": [
    0.0,
    0.0851063829787234,
    0.3457377758546084,
    0.5250088683930472,
    0.6797974113674733,
    0.810920945395273,
    0.8843069873997709,
    0.9327433628318584,
    0.956,
    0.989010989010989,
    1.0,
    0.75,
    0.75,
    0.0,
    0.0
  ],
  "bin_confidences": [
    0.0,
    0.12887662649154663,
    0.17407259345054626,
    0.23162245750427246,
    0.2962213158607483,
    0.36407989263534546,
    0.43238240480422974,
    0.49539801478385925,
    0.5614579916000366,
    0.6251476407051086,
    0.6928380131721497,
    0.7510678768157959,
    0.8239063024520874,
    0.0,
    0.0
  ],
  "bin_counts": [
    0.0,
    47.0,
    2311.0,
    2819.0,
    1777.0,
    1227.0,
    873.0,
    565.0,
    250.0,
    91.0,
    32.0,
    4.0,
    4.0,
    0.0,
    0.0
  ],
  "per_class_acc": [
    0.6639999747276306,
    0.7839999794960022,
    0.4519999921321869,
    0.41499999165534973,
    0.4699999988079071,
    0.42399999499320984,
    0.8769999742507935,
    0.7250000238418579,
    0.6499999761581421,
    0.6909999847412109
  ]
}