{
  "epoch": 32,
  "train_loss": 1.9869482492851784,
  "train_acc": 0.35132,
  "test_loss": 1.42655118227005,
  "test_acc": 0.6731,
  "test_ece": 0.3359552323818207,
  "test_entropy": 1.9921422004699707,
  "bin_accuracies": [
    0.0,
    0.0,
    0.3425692695214106,
    0.4987384356602187,
    0.6607142857142857,
    0.771838331160365,
    0.8667776852622814,
    0.9246658566221142,
    0.951063829787234,
    0.9875,
    0.9509803921568627,
    0.9411764705882353,
    1.0,
    0.0,
    0.0
  ],
  "bin_confidences": [
    0.0,
    0.12866154313087463,
    0.17746341228485107,
    0.23372653126716614,
    0.29865968227386475,
    0.364524245262146,
    0.43069857358932495,
    0.4971626400947571,
    0.5635588765144348,
    0.6283068060874939,
    0.6956084966659546,
    0.754665732383728,
    0.8235059380531311,
    0.0,
    0.0
  ],
  "bin_counts": [
    0.0,
    5.0,
    1191.0,
    2378.0,
    2016.0,
    1534.0,
    1201.0,
    823.0,
    470.0,
    240.0,
    102.0,
    34.0,
    6.0,
    0.0,
    0.0
  ],
  "per_class_acc": [
    0.7369999885559082,
    0.890999972820282,
    0.5230000019073486,
    0.4860000014305115,
    0.5889999866485596,
    0.5879999995231628,
    0.781000018119812,
    0.6309999823570251,
    0.8510000109672546,
    0.6539999842643738
  ]
}