{
  "epoch": 0,
  "train_loss": 2.3233057330636417,
  "train_acc": 0.14376,
  "test_loss": 2.0348671782016754,
  "test_acc": 0.276,
  "test_ece": 0.04232744872570038,
  "test_entropy": 2.1506800651550293,
  "bin_accuracies": [
    0.0,
    0.1452991452991453,
    0.18928262748487468,
    0.28054632705795496,
    0.3523592085235921,
    0.4278523489932886,
    0.5159010600706714,
    0.6103896103896104,
    0.6754385964912281,
    0.782608695652174,
    0.9117647058823529,
    1.0,
    1.0,
    0.0,
    0.0
  ],
  "bin_confidences": [
    0.0,
    0.12969790399074554,
    0.16781310737133026,
    0.2287801057100296,
    0.2968708276748657,
    0.3630463778972626,
    0.4288264214992523,
    0.49755293130874634,
    0.5621342658996582,
    0.6334433555603027,
    0.6946244835853577,
    0.7499503493309021,
    0.8065037727355957,
    0.0,
    0.0
  ],
  "bin_counts": [
    0.0,
    117.0,
    4628.0,
    2709.0,
    1314.0,
    596.0,
    283.0,
    154.0,
    114.0,
    46.0,
    34.0,
    3.0,
    2.0,
    0.0,
    0.0
  ],
  "per_class_acc": [
    0.8659999966621399,
    0.7269999980926514,
    0.01899999938905239,
    0.006000000052154064,
    0.4189999997615814,
    0.38999998569488525,
    0.05700000002980232,
    0.26899999380111694,
    0.006000000052154064,
    0.0010000000474974513
  ]
}