{
  "epoch": 9,
  "train_loss": 2.1646464874067575,
  "train_acc": 0.2623,
  "test_loss": 1.624404159784317,
  "test_acc": 0.5758,
  "test_ece": 0.3079931437969208,
  "test_entropy": 2.1200788021087646,
  "bin_accuracies": [
    0.0,
    0.15789473684210525,
    0.3326732673267327,
    0.5380782918149466,
    0.7153203342618384,
    0.8172248803827751,
    0.8535353535353535,
    0.9339080459770115,
    0.9344262295081968,
    0.9666666666666667,
    1.0,
    1.0,
    1.0,
    0.0,
    0.0
  ],
  "bin_confidences": [
    0.0,
    0.12860848009586334,
    0.1711292266845703,
    0.23063814640045166,
    0.29697567224502563,
    0.3629179000854492,
    0.4304990768432617,
    0.49761122465133667,
    0.5636677742004395,
    0.624912679195404,
    0.6961378455162048,
    0.7820864915847778,
    0.845578134059906,
    0.0,
    0.0
  ],
  "bin_counts": [
    0.0,
    114.0,
    3030.0,
    2810.0,
    1795.0,
    1045.0,
    594.0,
    348.0,
    183.0,
    60.0,
    18.0,
    2.0,
    1.0,
    0.0,
    0.0
  ],
  "per_class_acc": [
    0.7080000042915344,
    0.7139999866485596,
    0.32899999618530273,
    0.20399999618530273,
    0.5460000038146973,
    0.5899999737739563,
    0.5820000171661377,
    0.6639999747276306,
    0.7089999914169312,
    0.7120000123977661
  ]
}