{
  "epoch": 15,
  "train_loss": 2.125175040091395,
  "train_acc": 0.28836,
  "test_loss": 1.511597248315811,
  "test_acc": 0.6267,
  "test_ece": 0.3310031294822693,
  "test_entropy": 2.0821633338928223,
  "bin_accuracies": [
    0.0,
    0.35,
    0.3252354982647496,
    0.49840595111583424,
    0.6994535519125683,
    0.8392186326070623,
    0.9049180327868852,
    0.9425925925925925,
    0.9775280898876404,
    1.0,
    1.0,
    1.0,
    1.0,
    0.0,
    0.0
  ],
  "bin_confidences": [
    0.0,
    0.12961998581886292,
    0.17506441473960876,
    0.23227468132972717,
    0.2980934679508209,
    0.3642756938934326,
    0.43104949593544006,
    0.49793532490730286,
    0.5621786713600159,
    0.6220382452011108,
    0.6932461261749268,
    0.7721540331840515,
    0.8203237652778625,
    0.0,
    0.0
  ],
  "bin_counts": [
    0.0,
    20.0,
    2017.0,
    2823.0,
    2013.0,
    1331.0,
    915.0,
    540.0,
    267.0,
    62.0,
    8.0,
    3.0,
    1.0,
    0.0,
    0.0
  ],
  "per_class_acc": [
    0.8050000071525574,
    0.7099999785423279,
    0.4359999895095825,
    0.375,
    0.6150000095367432,
    0.5770000219345093,
    0.7129999995231628,
    0.6679999828338623,
    0.6549999713897705,
    0.7129999995231628
  ]
}