{
  "epoch": 12,
  "train_loss": 2.142688970431647,
  "train_acc": 0.27708,
  "test_loss": 1.6051732695102692,
  "test_acc": 0.5935,
  "test_ece": 0.3214241862297058,
  "test_entropy": 2.1243371963500977,
  "bin_accuracies": [
    0.0,
    0.12121212121212122,
    0.33775868801249515,
    0.5006497725795972,
    0.7237048665620094,
    0.8384991843393148,
    0.9142480211081794,
    0.9688385269121813,
    0.9846153846153847,
    1.0,
    1.0,
    0.0,
    0.0,
    0.0,
    0.0
  ],
  "bin_confidences": [
    0.0,
    0.12916335463523865,
    0.17363213002681732,
    0.23136962950229645,
    0.29757457971572876,
    0.36331531405448914,
    0.42997559905052185,
    0.49444302916526794,
    0.5546138286590576,
    0.6298384070396423,
    0.6785092353820801,
    0.0,
    0.0,
    0.0,
    0.0
  ],
  "bin_counts": [
    0.0,
    33.0,
    2561.0,
    3078.0,
    1911.0,
    1226.0,
    758.0,
    353.0,
    65.0,
    12.0,
    3.0,
    0.0,
    0.0,
    0.0,
    0.0
  ],
  "per_class_acc": [
    0.6150000095367432,
    0.8230000138282776,
    0.6050000190734863,
    0.13699999451637268,
    0.38600000739097595,
    0.703000009059906,
    0.7860000133514404,
    0.4950000047683716,
    0.7990000247955322,
    0.5860000252723694
  ]
}