{
  "epoch": 31,
  "train_loss": 1.9926811657903138,
  "train_acc": 0.35004,
  "test_loss": 1.3886279380321502,
  "test_acc": 0.6518,
  "test_ece": 0.28003039956092834,
  "test_entropy": 1.918399453163147,
  "bin_accuracies": [
    0.0,
    0.125,
    0.29132231404958675,
    0.4174901185770751,
    0.5968008825151683,
    0.7267165193745752,
    0.7935429056924383,
    0.870575221238938,
    0.8932748538011696,
    0.9393305439330544,
    0.9635761589403974,
    0.9763779527559056,
    0.9743589743589743,
    1.0,
    0.0
  ],
  "bin_confidences": [
    0.0,
    0.13051335513591766,
    0.17791126668453217,
    0.23350684344768524,
    0.29935163259506226,
    0.36583858728408813,
    0.43187668919563293,
    0.49777987599372864,
    0.5664176344871521,
    0.6303343772888184,
    0.6974882483482361,
    0.7620140910148621,
    0.8240199089050293,
    0.8868241310119629,
    0.0
  ],
  "bin_counts": [
    0.0,
    8.0,
    968.0,
    2024.0,
    1813.0,
    1471.0,
    1177.0,
    904.0,
    684.0,
    478.0,
    302.0,
    127.0,
    39.0,
    5.0,
    0.0
  ],
  "per_class_acc": [
    0.46000000834465027,
    0.8889999985694885,
    0.5569999814033508,
    0.32100000977516174,
    0.5770000219345093,
    0.734000027179718,
    0.7770000100135803,
    0.6000000238418579,
    0.8650000095367432,
    0.7379999756813049
  ]
}