{
  "epoch": 49,
  "train_loss": 1.5908761161672489,
  "train_acc": 0.4721,
  "test_loss": 1.5720837283134461,
  "test_acc": 0.5389,
  "test_ece": 0.08998885750770569,
  "test_entropy": 1.6425710916519165,
  "bin_accuracies": [
    0.0,
    0.0,
    0.2413793103448276,
    0.33000767459708363,
    0.3964071856287425,
    0.47240915208613726,
    0.5610534716679968,
    0.5991735537190083,
    0.6621787025703795,
    0.7332242225859247,
    0.7355072463768116,
    0.7775,
    0.8283828382838284,
    0.863013698630137,
    0.898989898989899
  ],
  "bin_confidences": [
    0.0,
    0.0,
    0.18169724941253662,
    0.23727190494537354,
    0.29976022243499756,
    0.3661680221557617,
    0.4314737319946289,
    0.4983375370502472,
    0.565079927444458,
    0.6332047581672668,
    0.6986019015312195,
    0.7634022235870361,
    0.8311501741409302,
    0.8985962271690369,
    0.9564059972763062
  ],
  "bin_counts": [
    0.0,
    0.0,
    319.0,
    1303.0,
    1670.0,
    1486.0,
    1253.0,
    968.0,
    817.0,
    611.0,
    552.0,
    400.0,
    303.0,
    219.0,
    99.0
  ],
  "per_class_acc": [
    0.5249999761581421,
    0.6610000133514404,
    0.42500001192092896,
    0.24799999594688416,
    0.46399998664855957,
    0.3930000066757202,
    0.703000009059906,
    0.6060000061988831,
    0.6919999718666077,
    0.671999990940094
  ]
}