{
  "epoch": 23,
  "train_loss": 2.080790560263807,
  "train_acc": 0.31438,
  "test_loss": 1.4920123636722564,
  "test_acc": 0.6462,
  "test_ece": 0.3398545980453491,
  "test_entropy": 2.0692615509033203,
  "bin_accuracies": [
    0.0,
    0.14285714285714285,
    0.3186877562975981,
    0.5099923136049193,
    0.7015293537247164,
    0.8093385214007782,
    0.8950086058519794,
    0.9326599326599326,
    0.9758064516129032,
    0.9577464788732394,
    1.0,
    1.0,
    0.0,
    0.0,
    0.0
  ],
  "bin_confidences": [
    0.0,
    0.12846286594867706,
    0.17593617737293243,
    0.23196673393249512,
    0.2990235388278961,
    0.36470428109169006,
    0.43026575446128845,
    0.4950835406780243,
    0.5618739128112793,
    0.6320187449455261,
    0.6854293942451477,
    0.7567762732505798,
    0.0,
    0.0,
    0.0
  ],
  "bin_counts": [
    0.0,
    35.0,
    1707.0,
    2602.0,
    2027.0,
    1542.0,
    1162.0,
    594.0,
    248.0,
    71.0,
    11.0,
    1.0,
    0.0,
    0.0,
    0.0
  ],
  "per_class_acc": [
    0.753000020980835,
    0.906000018119812,
    0.3880000114440918,
    0.3269999921321869,
    0.6150000095367432,
    0.6480000019073486,
    0.8209999799728394,
    0.6980000138282776,
    0.6399999856948853,
    0.6660000085830688
  ]
}