{
  "epoch": 2,
  "train_loss": 2.241876279606539,
  "train_acc": 0.19784,
  "test_loss": 1.8192666423320771,
  "test_acc": 0.455,
  "test_ece": 0.22858338057994843,
  "test_entropy": 2.1699275970458984,
  "bin_accuracies": [
    0.0,
    0.2014388489208633,
    0.33789237668161437,
    0.4718853362734289,
    0.6221864951768489,
    0.7516025641025641,
    0.7955271565495208,
    0.8108108108108109,
    0.8444444444444444,
    0.875,
    1.0,
    1.0,
    0.0,
    0.0,
    0.0
  ],
  "bin_confidences": [
    0.0,
    0.12727989256381989,
    0.16661067306995392,
    0.22837109863758087,
    0.2956275939941406,
    0.3647608757019043,
    0.4293711185455322,
    0.49658089876174927,
    0.5656465888023376,
    0.6283090710639954,
    0.6915397047996521,
    0.7416054606437683,
    0.0,
    0.0,
    0.0
  ],
  "bin_counts": [
    0.0,
    417.0,
    4460.0,
    2721.0,
    1244.0,
    624.0,
    313.0,
    148.0,
    45.0,
    24.0,
    3.0,
    1.0,
    0.0,
    0.0,
    0.0
  ],
  "per_class_acc": [
    0.367000013589859,
    0.8130000233650208,
    0.09200000017881393,
    0.25699999928474426,
    0.3610000014305115,
    0.28200000524520874,
    0.6790000200271606,
    0.7089999914169312,
    0.5979999899864197,
    0.3919999897480011
  ]
}