{
  "epoch": 1,
  "train_loss": 2.2738995247179896,
  "train_acc": 0.17646,
  "test_loss": 1.9020160496234895,
  "test_acc": 0.3781,
  "test_ece": 0.16619153320789337,
  "test_entropy": 2.184591054916382,
  "bin_accuracies": [
    0.0,
    0.14285714285714285,
    0.26679611650485435,
    0.45876923076923076,
    0.5909604519774011,
    0.6755852842809364,
    0.6785714285714286,
    0.734375,
    0.68,
    0.5,
    1.0,
    0.0,
    0.0,
    0.0,
    0.0
  ],
  "bin_confidences": [
    0.0,
    0.1289409101009369,
    0.17018648982048035,
    0.2278209626674652,
    0.2940102815628052,
    0.36173754930496216,
    0.42916178703308105,
    0.498643696308136,
    0.5635726451873779,
    0.6200889348983765,
    0.6995304822921753,
    0.0,
    0.0,
    0.0,
    0.0
  ],
  "bin_counts": [
    0.0,
    175.0,
    5150.0,
    3250.0,
    885.0,
    299.0,
    140.0,
    64.0,
    25.0,
    10.0,
    2.0,
    0.0,
    0.0,
    0.0,
    0.0
  ],
  "per_class_acc": [
    0.22599999606609344,
    0.3659999966621399,
    0.006000000052154064,
    0.004000000189989805,
    0.6819999814033508,
    0.628000020980835,
    0.15800000727176666,
    0.4339999854564667,
    0.75,
    0.5270000100135803
  ]
}