{
  "epoch": 41,
  "train_loss": 1.8221350484491918,
  "train_acc": 0.39912,
  "test_loss": 1.4364844477176666,
  "test_acc": 0.6107,
  "test_ece": 0.20781533420085907,
  "test_entropy": 1.802720069885254,
  "bin_accuracies": [
    0.0,
    1.0,
    0.3094867807153966,
    0.3866442199775533,
    0.5005586592178771,
    0.6140235910878112,
    0.7013100436681222,
    0.7451820128479657,
    0.8073136427566807,
    0.8568840579710145,
    0.8926940639269406,
    0.9186046511627907,
    0.9652777777777778,
    0.95,
    0.9375
  ],
  "bin_confidences": [
    0.0,
    0.13302116096019745,
    0.18078500032424927,
    0.23454377055168152,
    0.29946357011795044,
    0.3652590215206146,
    0.43202894926071167,
    0.4982750713825226,
    0.5662771463394165,
    0.6309350728988647,
    0.6960551142692566,
    0.7634788751602173,
    0.8314418792724609,
    0.896837055683136,
    0.9539053440093994
  ],
  "bin_counts": [
    0.0,
    1.0,
    643.0,
    1782.0,
    1790.0,
    1526.0,
    1145.0,
    934.0,
    711.0,
    552.0,
    438.0,
    258.0,
    144.0,
    60.0,
    16.0
  ],
  "per_class_acc": [
    0.6899999976158142,
    0.640999972820282,
    0.5820000171661377,
    0.5730000138282776,
    0.4490000009536743,
    0.4560000002384186,
    0.5509999990463257,
    0.6290000081062317,
    0.6830000281333923,
    0.8529999852180481
  ]
}