{
  "epoch": 48,
  "train_loss": 1.61057420398878,
  "train_acc": 0.46652,
  "test_loss": 1.5791323614120483,
  "test_acc": 0.5376,
  "test_ece": 0.09548626840114594,
  "test_entropy": 1.6346558332443237,
  "bin_accuracies": [
    0.0,
    0.0,
    0.2727272727272727,
    0.3205317577548006,
    0.39448441247002397,
    0.486743711760707,
    0.5560538116591929,
    0.6113402061855671,
    0.6838235294117647,
    0.719327731092437,
    0.7279843444227005,
    0.7384259259259259,
    0.8055555555555556,
    0.788,
    0.8376068376068376
  ],
  "bin_confidences": [
    0.0,
    0.0,
    0.18194378912448883,
    0.23647262156009674,
    0.29941633343696594,
    0.3651704490184784,
    0.4321584701538086,
    0.49868863821029663,
    0.5661080479621887,
    0.6311226487159729,
    0.6994655132293701,
    0.7643473148345947,
    0.831541121006012,
    0.8968541026115417,
    0.9605935215950012
  ],
  "bin_counts": [
    0.0,
    0.0,
    341.0,
    1354.0,
    1668.0,
    1471.0,
    1115.0,
    970.0,
    816.0,
    595.0,
    511.0,
    432.0,
    360.0,
    250.0,
    117.0
  ],
  "per_class_acc": [
    0.5889999866485596,
    0.6060000061988831,
    0.4269999861717224,
    0.37400001287460327,
    0.6159999966621399,
    0.4659999907016754,
    0.4129999876022339,
    0.6370000243186951,
    0.6000000238418579,
    0.6480000019073486
  ]
}