{
  "epoch": 20,
  "train_loss": 2.0955405198704558,
  "train_acc": 0.30722,
  "test_loss": 1.4216017389297486,
  "test_acc": 0.6657,
  "test_ece": 0.3438172936439514,
  "test_entropy": 2.037069082260132,
  "bin_accuracies": [
    0.0,
    0.0,
    0.31382978723404253,
    0.48957103502558047,
    0.6692344727973039,
    0.8335336538461539,
    0.909404659188956,
    0.952316076294278,
    0.9410029498525073,
    0.944954128440367,
    0.8620689655172413,
    0.8571428571428571,
    1.0,
    0.75,
    0.0
  ],
  "bin_confidences": [
    0.0,
    0.12828803062438965,
    0.17757603526115417,
    0.23342274129390717,
    0.2989252209663391,
    0.36596012115478516,
    0.4309566617012024,
    0.49618664383888245,
    0.5618704557418823,
    0.6276129484176636,
    0.6972224712371826,
    0.7600418925285339,
    0.8130367398262024,
    0.8859950304031372,
    0.0
  ],
  "bin_counts": [
    0.0,
    5.0,
    1316.0,
    2541.0,
    2077.0,
    1664.0,
    1159.0,
    734.0,
    339.0,
    109.0,
    29.0,
    21.0,
    2.0,
    4.0,
    0.0
  ],
  "per_class_acc": [
    0.5960000157356262,
    0.8209999799728394,
    0.6129999756813049,
    0.46299999952316284,
    0.5809999704360962,
    0.625,
    0.7099999785423279,
    0.574999988079071,
    0.824999988079071,
    0.8479999899864197
  ]
}