{
  "epoch": 28,
  "train_loss": 2.0149976008993282,
  "train_acc": 0.3446,
  "test_loss": 1.4131674265861511,
  "test_acc": 0.685,
  "test_ece": 0.3570351302623749,
  "test_entropy": 2.0233466625213623,
  "bin_accuracies": [
    0.0,
    0.25,
    0.3284275755228505,
    0.5260942760942761,
    0.6866537717601547,
    0.8242924528301887,
    0.883061049011178,
    0.9406332453825857,
    0.9540816326530612,
    0.967032967032967,
    1.0,
    1.0,
    0.0,
    0.0,
    0.0
  ],
  "bin_confidences": [
    0.0,
    0.1297171413898468,
    0.17661762237548828,
    0.23338471353054047,
    0.29869067668914795,
    0.3647955358028412,
    0.43103858828544617,
    0.4974433183670044,
    0.5625425577163696,
    0.6278862357139587,
    0.6900068521499634,
    0.7565517425537109,
    0.0,
    0.0,
    0.0
  ],
  "bin_counts": [
    0.0,
    8.0,
    1291.0,
    2376.0,
    2068.0,
    1696.0,
    1163.0,
    758.0,
    392.0,
    182.0,
    51.0,
    15.0,
    0.0,
    0.0,
    0.0
  ],
  "per_class_acc": [
    0.7570000290870667,
    0.6690000295639038,
    0.5920000076293945,
    0.414000004529953,
    0.7089999914169312,
    0.6079999804496765,
    0.6299999952316284,
    0.7160000205039978,
    0.8859999775886536,
    0.8690000176429749
  ]
}