{
  "epoch": 43,
  "train_loss": 1.7925581788772817,
  "train_acc": 0.4071,
  "test_loss": 1.527584731578827,
  "test_acc": 0.5736,
  "test_ece": 0.19374561309814453,
  "test_entropy": 1.8445953130722046,
  "bin_accuracies": [
    0.0,
    0.0,
    0.2705718270571827,
    0.3614336193841494,
    0.4915674603174603,
    0.6275277234181343,
    0.6807432432432432,
    0.7483221476510067,
    0.7959183673469388,
    0.8186157517899761,
    0.8668831168831169,
    0.8983050847457628,
    0.9347826086956522,
    0.8666666666666667,
    1.0
  ],
  "bin_confidences": [
    0.0,
    0.12893542647361755,
    0.1798093169927597,
    0.23481447994709015,
    0.2989450991153717,
    0.3653726875782013,
    0.43179354071617126,
    0.4987221658229828,
    0.5637755393981934,
    0.6314674019813538,
    0.6971062421798706,
    0.7641875743865967,
    0.8326979875564575,
    0.8972998857498169,
    0.945193886756897
  ],
  "bin_counts": [
    0.0,
    2.0,
    717.0,
    1981.0,
    2016.0,
    1533.0,
    1184.0,
    894.0,
    637.0,
    419.0,
    308.0,
    177.0,
    92.0,
    30.0,
    10.0
  ],
  "per_class_acc": [
    0.5569999814033508,
    0.675000011920929,
    0.4059999883174896,
    0.48500001430511475,
    0.4699999988079071,
    0.45899999141693115,
    0.7179999947547913,
    0.5490000247955322,
    0.7179999947547913,
    0.6990000009536743
  ]
}