{
  "epoch": 7,
  "train_loss": 2.1791080391925313,
  "train_acc": 0.24748,
  "test_loss": 1.685650007724762,
  "test_acc": 0.5365,
  "test_ece": 0.27638837695121765,
  "test_entropy": 2.1272969245910645,
  "bin_accuracies": [
    0.0,
    0.15294117647058825,
    0.3212654924983692,
    0.4881531970139565,
    0.65744920993228,
    0.7971014492753623,
    0.8797250859106529,
    0.9588477366255144,
    0.9529411764705882,
    0.9393939393939394,
    0.9333333333333333,
    0.6666666666666666,
    0.0,
    0.0,
    0.0
  ],
  "bin_confidences": [
    0.0,
    0.12852685153484344,
    0.17123080790042877,
    0.23120863735675812,
    0.296845406293869,
    0.3634380102157593,
    0.4289432168006897,
    0.49573349952697754,
    0.5609931945800781,
    0.6306160688400269,
    0.689350962638855,
    0.7559873461723328,
    0.0,
    0.0,
    0.0
  ],
  "bin_counts": [
    0.0,
    85.0,
    3066.0,
    3081.0,
    1772.0,
    1035.0,
    582.0,
    243.0,
    85.0,
    33.0,
    15.0,
    3.0,
    0.0,
    0.0,
    0.0
  ],
  "per_class_acc": [
    0.5059999823570251,
    0.640999972820282,
    0.45399999618530273,
    0.1809999942779541,
    0.3709999918937683,
    0.4189999997615814,
    0.8370000123977661,
    0.46000000834465027,
    0.7760000228881836,
    0.7200000286102295
  ]
}