{
  "epoch": 6,
  "train_loss": 2.1878105642850443,
  "train_acc": 0.23984,
  "test_loss": 1.711881846189499,
  "test_acc": 0.5416,
  "test_ece": 0.30279141664505005,
  "test_entropy": 2.1621739864349365,
  "bin_accuracies": [
    0.0,
    0.2127659574468085,
    0.35741158765989467,
    0.5649111036564911,
    0.7216564833672776,
    0.842456608811749,
    0.8994413407821229,
    0.9415584415584416,
    0.9836065573770492,
    0.9285714285714286,
    0.9444444444444444,
    1.0,
    1.0,
    0.0,
    0.0
  ],
  "bin_confidences": [
    0.0,
    0.12756513059139252,
    0.1691211462020874,
    0.22992993891239166,
    0.2962593734264374,
    0.36267489194869995,
    0.4287840723991394,
    0.4941660761833191,
    0.5643003582954407,
    0.6270083785057068,
    0.6916276812553406,
    0.7629406452178955,
    0.8022772669792175,
    0.0,
    0.0
  ],
  "bin_counts": [
    0.0,
    188.0,
    3987.0,
    2981.0,
    1473.0,
    749.0,
    358.0,
    154.0,
    61.0,
    28.0,
    18.0,
    2.0,
    1.0,
    0.0,
    0.0
  ],
  "per_class_acc": [
    0.7070000171661377,
    0.5180000066757202,
    0.39500001072883606,
    0.25699999928474426,
    0.43700000643730164,
    0.5550000071525574,
    0.6499999761581421,
    0.4950000047683716,
    0.6959999799728394,
    0.7059999704360962
  ]
}