{
  "epoch": 42,
  "train_loss": 1.8049527806089358,
  "train_acc": 0.40536,
  "test_loss": 1.4849262297153474,
  "test_acc": 0.5921,
  "test_ece": 0.19507291913032532,
  "test_entropy": 1.8100696802139282,
  "bin_accuracies": [
    0.0,
    0.25,
    0.30970724191063176,
    0.39802089059923035,
    0.5032822757111597,
    0.604,
    0.6860949208992506,
    0.7400442477876106,
    0.7710526315789473,
    0.7924901185770751,
    0.8010204081632653,
    0.8559322033898306,
    0.8731343283582089,
    0.8148148148148148,
    0.9230769230769231
  ],
  "bin_confidences": [
    0.0,
    0.12638069689273834,
    0.17908598482608795,
    0.23475010693073273,
    0.2987249493598938,
    0.3648965358734131,
    0.4311068058013916,
    0.4984802305698395,
    0.5642396807670593,
    0.6305321455001831,
    0.6979804635047913,
    0.7645346522331238,
    0.8312974572181702,
    0.8939576745033264,
    0.9462919235229492
  ],
  "bin_counts": [
    0.0,
    4.0,
    649.0,
    1819.0,
    1828.0,
    1500.0,
    1201.0,
    904.0,
    760.0,
    506.0,
    392.0,
    236.0,
    134.0,
    54.0,
    13.0
  ],
  "per_class_acc": [
    0.621999979019165,
    0.7279999852180481,
    0.5630000233650208,
    0.36899998784065247,
    0.5569999814033508,
    0.6230000257492065,
    0.5609999895095825,
    0.5490000247955322,
    0.6159999966621399,
    0.7329999804496765
  ]
}