{
  "epoch": 21,
  "train_loss": 2.088963550984707,
  "train_acc": 0.3091,
  "test_loss": 1.4500833642482758,
  "test_acc": 0.6767,
  "test_ece": 0.36828169226646423,
  "test_entropy": 2.0687215328216553,
  "bin_accuracies": [
    0.0,
    0.2222222222222222,
    0.3503605769230769,
    0.5299660761402186,
    0.7073791348600509,
    0.8635204081632653,
    0.929004329004329,
    0.9712460063897763,
    0.9691119691119691,
    0.9873417721518988,
    1.0,
    1.0,
    0.0,
    0.0,
    0.0
  ],
  "bin_confidences": [
    0.0,
    0.12909166514873505,
    0.17486858367919922,
    0.23224085569381714,
    0.2976723611354828,
    0.3651829957962036,
    0.4300226867198944,
    0.49705207347869873,
    0.5622413754463196,
    0.6267373561859131,
    0.6910746693611145,
    0.7591856122016907,
    0.0,
    0.0,
    0.0
  ],
  "bin_counts": [
    0.0,
    9.0,
    1664.0,
    2653.0,
    1965.0,
    1568.0,
    1155.0,
    626.0,
    259.0,
    79.0,
    19.0,
    3.0,
    0.0,
    0.0,
    0.0
  ],
  "per_class_acc": [
    0.7480000257492065,
    0.800000011920929,
    0.4819999933242798,
    0.5680000185966492,
    0.6729999780654907,
    0.5899999737739563,
    0.7329999804496765,
    0.6340000033378601,
    0.7020000219345093,
    0.8370000123977661
  ]
}