{
  "epoch": 10,
  "train_loss": 2.1559825190497786,
  "train_acc": 0.26664,
  "test_loss": 1.5837124645709992,
  "test_acc": 0.584,
  "test_ece": 0.30406469106674194,
  "test_entropy": 2.098139524459839,
  "bin_accuracies": [
    0.0,
    0.15151515151515152,
    0.3182005777961205,
    0.4968760276224926,
    0.6741458439571647,
    0.8197573656845754,
    0.8909090909090909,
    0.9557291666666666,
    0.9624413145539906,
    1.0,
    1.0,
    1.0,
    0.0,
    0.0,
    0.0
  ],
  "bin_confidences": [
    0.0,
    0.12844596803188324,
    0.1740397959947586,
    0.23125335574150085,
    0.29744216799736023,
    0.36441612243652344,
    0.42967092990875244,
    0.4966992437839508,
    0.5618164539337158,
    0.6280966997146606,
    0.6917091012001038,
    0.7416858077049255,
    0.0,
    0.0,
    0.0
  ],
  "bin_counts": [
    0.0,
    33.0,
    2423.0,
    3041.0,
    1961.0,
    1154.0,
    715.0,
    384.0,
    213.0,
    61.0,
    14.0,
    1.0,
    0.0,
    0.0,
    0.0
  ],
  "per_class_acc": [
    0.45399999618530273,
    0.8190000057220459,
    0.5799999833106995,
    0.21199999749660492,
    0.4690000116825104,
    0.5509999990463257,
    0.531000018119812,
    0.75,
    0.7839999794960022,
    0.6899999976158142
  ]
}