{
  "epoch": 29,
  "train_loss": 2.0065870010639397,
  "train_acc": 0.34746,
  "test_loss": 1.3953928434848786,
  "test_acc": 0.6664,
  "test_ece": 0.31419283151626587,
  "test_entropy": 1.9689445495605469,
  "bin_accuracies": [
    0.0,
    0.0,
    0.31673306772908366,
    0.464578313253012,
    0.618488253319714,
    0.7666068222621185,
    0.8559256390395042,
    0.8778705636743215,
    0.9077757685352622,
    0.89198606271777,
    0.9333333333333333,
    1.0,
    1.0,
    1.0,
    0.0
  ],
  "bin_confidences": [
    0.0,
    0.12892669439315796,
    0.17770573496818542,
    0.2333829700946808,
    0.29854777455329895,
    0.36541250348091125,
    0.4318441152572632,
    0.49672073125839233,
    0.5613663792610168,
    0.6305848360061646,
    0.6948953866958618,
    0.7626227736473083,
    0.8231608867645264,
    0.8824653029441833,
    0.0
  ],
  "bin_counts": [
    0.0,
    8.0,
    1004.0,
    2075.0,
    1958.0,
    1671.0,
    1291.0,
    958.0,
    553.0,
    287.0,
    135.0,
    47.0,
    11.0,
    2.0,
    0.0
  ],
  "per_class_acc": [
    0.5910000205039978,
    0.8130000233650208,
    0.5690000057220459,
    0.23399999737739563,
    0.7680000066757202,
    0.7699999809265137,
    0.6729999780654907,
    0.7059999704360962,
    0.7940000295639038,
    0.7459999918937683
  ]
}