{
  "epoch": 34,
  "train_loss": 1.967742903153305,
  "train_acc": 0.35798,
  "test_loss": 1.3939808213710785,
  "test_acc": 0.6573,
  "test_ece": 0.2859073877334595,
  "test_entropy": 1.9276089668273926,
  "bin_accuracies": [
    0.0,
    0.14285714285714285,
    0.288135593220339,
    0.408016443987667,
    0.5974253949678174,
    0.7430600387346675,
    0.8023088023088023,
    0.8676470588235294,
    0.8983516483516484,
    0.9102244389027432,
    0.9128205128205128,
    0.9333333333333333,
    0.8928571428571429,
    1.0,
    0.0
  ],
  "bin_confidences": [
    0.0,
    0.13039422035217285,
    0.1772754192352295,
    0.2329074591398239,
    0.3001101016998291,
    0.36604923009872437,
    0.4327469766139984,
    0.49779051542282104,
    0.5648296475410461,
    0.6277063488960266,
    0.6973344683647156,
    0.7597498297691345,
    0.825072169303894,
    0.8782475590705872,
    0.0
  ],
  "bin_counts": [
    0.0,
    7.0,
    885.0,
    1946.0,
    1709.0,
    1549.0,
    1386.0,
    1088.0,
    728.0,
    401.0,
    195.0,
    75.0,
    28.0,
    3.0,
    0.0
  ],
  "per_class_acc": [
    0.7699999809265137,
    0.8579999804496765,
    0.296999990940094,
    0.257999986410141,
    0.5730000138282776,
    0.8119999766349792,
    0.7590000033378601,
    0.7390000224113464,
    0.718999981880188,
    0.7879999876022339
  ]
}