{
  "epoch": 44,
  "train_loss": 1.705928067417096,
  "train_acc": 0.43682,
  "test_loss": 1.4833495473861695,
  "test_acc": 0.5885,
  "test_ece": 0.176242858171463,
  "test_entropy": 1.7618978023529053,
  "bin_accuracies": [
    0.0,
    0.0,
    0.24175824175824176,
    0.35526315789473684,
    0.4821041214750542,
    0.5880026367831246,
    0.677198975234842,
    0.738015607580825,
    0.7889182058047494,
    0.8027681660899654,
    0.8260869565217391,
    0.8281786941580757,
    0.8698224852071006,
    0.9279279279279279,
    0.9032258064516129
  ],
  "bin_confidences": [
    0.0,
    0.13297943770885468,
    0.18039275705814362,
    0.234992116689682,
    0.2991867661476135,
    0.3651221990585327,
    0.4322420060634613,
    0.49938294291496277,
    0.5653310418128967,
    0.6326718330383301,
    0.6977396011352539,
    0.763838529586792,
    0.8309376835823059,
    0.896309494972229,
    0.9565774202346802
  ],
  "bin_counts": [
    0.0,
    1.0,
    546.0,
    1672.0,
    1844.0,
    1517.0,
    1171.0,
    897.0,
    758.0,
    578.0,
    414.0,
    291.0,
    169.0,
    111.0,
    31.0
  ],
  "per_class_acc": [
    0.5540000200271606,
    0.7400000095367432,
    0.5220000147819519,
    0.3490000069141388,
    0.5170000195503235,
    0.4819999933242798,
    0.671999990940094,
    0.6690000295639038,
    0.6700000166893005,
    0.7099999785423279
  ]
}