{
  "epoch": 8,
  "train_loss": 2.1712724973478585,
  "train_acc": 0.25666,
  "test_loss": 1.6499352598190307,
  "test_acc": 0.5605,
  "test_ece": 0.29614999890327454,
  "test_entropy": 2.1231725215911865,
  "bin_accuracies": [
    0.0,
    0.19736842105263158,
    0.3316848005275305,
    0.5136540962288687,
    0.6942242355605889,
    0.8054711246200608,
    0.8994307400379506,
    0.9333333333333333,
    0.9675324675324676,
    0.9859154929577465,
    0.9411764705882353,
    1.0,
    0.0,
    1.0,
    0.0
  ],
  "bin_confidences": [
    0.0,
    0.12715359032154083,
    0.17178721725940704,
    0.23081408441066742,
    0.2973572313785553,
    0.3641035556793213,
    0.430736243724823,
    0.4980691373348236,
    0.5613352060317993,
    0.6273655891418457,
    0.6905513405799866,
    0.7502373456954956,
    0.0,
    0.9103950262069702,
    0.0
  ],
  "bin_counts": [
    0.0,
    76.0,
    3033.0,
    3076.0,
    1766.0,
    987.0,
    527.0,
    285.0,
    154.0,
    71.0,
    17.0,
    4.0,
    0.0,
    4.0,
    0.0
  ],
  "per_class_acc": [
    0.5789999961853027,
    0.7129999995231628,
    0.1850000023841858,
    0.41200000047683716,
    0.4490000009536743,
    0.5490000247955322,
    0.7229999899864197,
    0.5329999923706055,
    0.8230000138282776,
    0.6389999985694885
  ]
}