{
  "epoch": 25,
  "train_loss": 2.067481063211056,
  "train_acc": 0.3201,
  "test_loss": 1.4402909886837005,
  "test_acc": 0.6807,
  "test_ece": 0.36367082595825195,
  "test_entropy": 2.0534965991973877,
  "bin_accuracies": [
    0.0,
    0.2222222222222222,
    0.3476990504017531,
    0.5116279069767442,
    0.6934970441109596,
    0.8422876949740035,
    0.9119601328903655,
    0.9498432601880877,
    0.9697986577181208,
    0.9753086419753086,
    1.0,
    1.0,
    0.0,
    0.0,
    0.0
  ],
  "bin_confidences": [
    0.0,
    0.1269836574792862,
    0.17763827741146088,
    0.2328430712223053,
    0.29887306690216064,
    0.36487412452697754,
    0.4298238158226013,
    0.49656447768211365,
    0.5621861219406128,
    0.624700129032135,
    0.6903635859489441,
    0.7529962062835693,
    0.0,
    0.0,
    0.0
  ],
  "bin_counts": [
    0.0,
    9.0,
    1369.0,
    2451.0,
    2199.0,
    1731.0,
    1204.0,
    638.0,
    298.0,
    81.0,
    17.0,
    3.0,
    0.0,
    0.0,
    0.0
  ],
  "per_class_acc": [
    0.6769999861717224,
    0.8370000123977661,
    0.5669999718666077,
    0.41100001335144043,
    0.6150000095367432,
    0.5720000267028809,
    0.8730000257492065,
    0.6010000109672546,
    0.9240000247955322,
    0.7300000190734863
  ]
}