{
  "epoch": 24,
  "train_loss": 2.0721343990482026,
  "train_acc": 0.32054,
  "test_loss": 1.4432232642173768,
  "test_acc": 0.6626,
  "test_ece": 0.34474754333496094,
  "test_entropy": 2.049431562423706,
  "bin_accuracies": [
    0.0,
    0.06666666666666667,
    0.32269760696156635,
    0.5023923444976076,
    0.6784162240463544,
    0.8055720213396562,
    0.8987854251012146,
    0.943758573388203,
    0.9413919413919414,
    0.9879518072289156,
    0.9444444444444444,
    1.0,
    0.0,
    0.0,
    0.0
  ],
  "bin_confidences": [
    0.0,
    0.1272338181734085,
    0.17706498503684998,
    0.23283402621746063,
    0.2992496192455292,
    0.36570942401885986,
    0.4316660165786743,
    0.49564558267593384,
    0.5613551735877991,
    0.6248990893363953,
    0.6973109245300293,
    0.7570922374725342,
    0.0,
    0.0,
    0.0
  ],
  "bin_counts": [
    0.0,
    15.0,
    1379.0,
    2508.0,
    2071.0,
    1687.0,
    1235.0,
    729.0,
    273.0,
    83.0,
    18.0,
    2.0,
    0.0,
    0.0,
    0.0
  ],
  "per_class_acc": [
    0.6800000071525574,
    0.718999981880188,
    0.5130000114440918,
    0.4480000138282776,
    0.6190000176429749,
    0.7699999809265137,
    0.5680000185966492,
    0.6019999980926514,
    0.8230000138282776,
    0.8840000033378601
  ]
}