{
  "epoch": 18,
  "train_loss": 2.107586168267233,
  "train_acc": 0.29948,
  "test_loss": 1.4660493397712708,
  "test_acc": 0.6545,
  "test_ece": 0.34865161776542664,
  "test_entropy": 2.069523334503174,
  "bin_accuracies": [
    0.0,
    0.0,
    0.32417910447761195,
    0.5141596175064362,
    0.6892430278884463,
    0.8396793587174348,
    0.9162210338680927,
    0.9658385093167702,
    0.9847908745247148,
    0.9574468085106383,
    1.0,
    1.0,
    0.0,
    0.0,
    0.0
  ],
  "bin_confidences": [
    0.0,
    0.12972812354564667,
    0.1759493499994278,
    0.23282510042190552,
    0.2990856170654297,
    0.36507511138916016,
    0.43140584230422974,
    0.4947328269481659,
    0.5596958994865417,
    0.6267666220664978,
    0.6857569813728333,
    0.7645561099052429,
    0.0,
    0.0,
    0.0
  ],
  "bin_counts": [
    0.0,
    16.0,
    1675.0,
    2719.0,
    2008.0,
    1497.0,
    1122.0,
    644.0,
    263.0,
    47.0,
    6.0,
    3.0,
    0.0,
    0.0,
    0.0
  ],
  "per_class_acc": [
    0.6510000228881836,
    0.843999981880188,
    0.5600000023841858,
    0.5329999923706055,
    0.42899999022483826,
    0.5559999942779541,
    0.6830000281333923,
    0.6819999814033508,
    0.8519999980926514,
    0.7549999952316284
  ]
}