{
  "epoch": 11,
  "train_loss": 2.1485938144766767,
  "train_acc": 0.27156,
  "test_loss": 1.6318722617626191,
  "test_acc": 0.5907,
  "test_ece": 0.328626811504364,
  "test_entropy": 2.133882522583008,
  "bin_accuracies": [
    0.0,
    0.25,
    0.35283560660445085,
    0.5346658338538414,
    0.7247333671914677,
    0.8449760765550239,
    0.9251170046801872,
    0.9799196787148594,
    0.9777777777777777,
    1.0,
    0.0,
    0.0,
    0.0,
    0.0,
    0.0
  ],
  "bin_confidences": [
    0.0,
    0.1289963573217392,
    0.1731957495212555,
    0.23114196956157684,
    0.2967345118522644,
    0.362903892993927,
    0.429822713136673,
    0.4929874539375305,
    0.5508019924163818,
    0.6151188015937805,
    0.0,
    0.0,
    0.0,
    0.0,
    0.0
  ],
  "bin_counts": [
    0.0,
    56.0,
    2786.0,
    3202.0,
    1969.0,
    1045.0,
    641.0,
    249.0,
    45.0,
    7.0,
    0.0,
    0.0,
    0.0,
    0.0,
    0.0
  ],
  "per_class_acc": [
    0.5759999752044678,
    0.656000018119812,
    0.45100000500679016,
    0.5460000038146973,
    0.2669999897480011,
    0.5080000162124634,
    0.7879999876022339,
    0.671999990940094,
    0.6919999718666077,
    0.7509999871253967
  ]
}