{
  "epoch": 40,
  "train_loss": 1.8321530553690917,
  "train_acc": 0.39684,
  "test_loss": 1.4721702253818512,
  "test_acc": 0.6149,
  "test_ece": 0.24472656846046448,
  "test_entropy": 1.8857333660125732,
  "bin_accuracies": [
    0.0,
    0.0,
    0.2807606263982103,
    0.42213883677298314,
    0.5669619593538301,
    0.6766507828454731,
    0.7510879025239339,
    0.7916666666666666,
    0.8471337579617835,
    0.875,
    0.8777777777777778,
    0.9112426035502958,
    0.9428571428571428,
    0.8636363636363636,
    1.0
  ],
  "bin_confidences": [
    0.0,
    0.1275423765182495,
    0.17893372476100922,
    0.23379221558570862,
    0.29815277457237244,
    0.36515939235687256,
    0.4318191707134247,
    0.49825209379196167,
    0.5650378465652466,
    0.6305249333381653,
    0.6940301060676575,
    0.7622056603431702,
    0.8290607333183289,
    0.8985558152198792,
    0.9470211863517761
  ],
  "bin_counts": [
    0.0,
    2.0,
    894.0,
    2132.0,
    1919.0,
    1469.0,
    1149.0,
    864.0,
    628.0,
    408.0,
    270.0,
    169.0,
    70.0,
    22.0,
    4.0
  ],
  "per_class_acc": [
    0.753000020980835,
    0.8140000104904175,
    0.531000018119812,
    0.44200000166893005,
    0.5339999794960022,
    0.5389999747276306,
    0.722000002861023,
    0.5699999928474426,
    0.6150000095367432,
    0.6290000081062317
  ]
}