{
  "epoch": 47,
  "train_loss": 1.6291622405161943,
  "train_acc": 0.4611,
  "test_loss": 1.5451992928981781,
  "test_acc": 0.5492,
  "test_ece": 0.10373928397893906,
  "test_entropy": 1.6481050252914429,
  "bin_accuracies": [
    0.0,
    0.0,
    0.27299703264094954,
    0.32677442023893183,
    0.3908256880733945,
    0.5020215633423181,
    0.5946180555555556,
    0.6336633663366337,
    0.6871239470517448,
    0.7186081694402421,
    0.7435424354243543,
    0.7984886649874056,
    0.8200589970501475,
    0.8275862068965517,
    0.896551724137931
  ],
  "bin_confidences": [
    0.0,
    0.0,
    0.18201136589050293,
    0.23669832944869995,
    0.3002575933933258,
    0.36617404222488403,
    0.4320142865180969,
    0.4980311393737793,
    0.5662499666213989,
    0.6319664120674133,
    0.6991361379623413,
    0.7650265097618103,
    0.8324865102767944,
    0.894565999507904,
    0.9584861993789673
  ],
  "bin_counts": [
    0.0,
    0.0,
    337.0,
    1423.0,
    1635.0,
    1484.0,
    1152.0,
    909.0,
    831.0,
    661.0,
    542.0,
    397.0,
    339.0,
    203.0,
    87.0
  ],
  "per_class_acc": [
    0.6100000143051147,
    0.5189999938011169,
    0.4359999895095825,
    0.4300000071525574,
    0.5040000081062317,
    0.4390000104904175,
    0.609000027179718,
    0.6110000014305115,
    0.6819999814033508,
    0.6520000100135803
  ]
}