{
  "epoch": 30,
  "train_loss": 2.0003122960210153,
  "train_acc": 0.3477,
  "test_loss": 1.4054676020145416,
  "test_acc": 0.6703,
  "test_ece": 0.3288835287094116,
  "test_entropy": 1.9929312467575073,
  "bin_accuracies": [
    0.0,
    0.1111111111111111,
    0.31654676258992803,
    0.4713656387665198,
    0.6504513540621866,
    0.8044144696505211,
    0.8457869634340223,
    0.9208715596330275,
    0.9246031746031746,
    0.9612068965517241,
    0.975609756097561,
    1.0,
    0.75,
    0.0,
    0.0
  ],
  "bin_confidences": [
    0.0,
    0.12852177023887634,
    0.17766600847244263,
    0.23466941714286804,
    0.29937002062797546,
    0.3651582896709442,
    0.4313937723636627,
    0.4975222647190094,
    0.5636781454086304,
    0.6296496987342834,
    0.6937799453735352,
    0.756659746170044,
    0.8172077536582947,
    0.0,
    0.0
  ],
  "bin_counts": [
    0.0,
    9.0,
    1112.0,
    2270.0,
    1994.0,
    1631.0,
    1258.0,
    872.0,
    504.0,
    232.0,
    82.0,
    32.0,
    4.0,
    0.0,
    0.0
  ],
  "per_class_acc": [
    0.8209999799728394,
    0.6949999928474426,
    0.4869999885559082,
    0.43700000643730164,
    0.656000018119812,
    0.593999981880188,
    0.8040000200271606,
    0.7419999837875366,
    0.6150000095367432,
    0.8519999980926514
  ]
}