{
  "epoch": 3,
  "train_loss": 2.220370030464114,
  "train_acc": 0.214,
  "test_loss": 1.8262707901000976,
  "test_acc": 0.4311,
  "test_ece": 0.19079995155334473,
  "test_entropy": 2.139888286590576,
  "bin_accuracies": [
    0.0,
    0.18333333333333332,
    0.2990764859104902,
    0.4396252602359473,
    0.5591559909570459,
    0.6537890044576523,
    0.6873385012919897,
    0.7675438596491229,
    0.8202247191011236,
    0.8695652173913043,
    0.95,
    1.0,
    1.0,
    0.0,
    0.0
  ],
  "bin_confidences": [
    0.0,
    0.12882040441036224,
    0.16957971453666687,
    0.22870251536369324,
    0.2956671714782715,
    0.3638303279876709,
    0.43060144782066345,
    0.49698832631111145,
    0.5606173276901245,
    0.6296318173408508,
    0.7013945579528809,
    0.7680644989013672,
    0.8110780715942383,
    0.8810649514198303,
    0.0
  ],
  "bin_counts": [
    0.0,
    120.0,
    4223.0,
    2882.0,
    1327.0,
    673.0,
    387.0,
    228.0,
    89.0,
    46.0,
    20.0,
    3.0,
    1.0,
    1.0,
    0.0
  ],
  "per_class_acc": [
    0.5180000066757202,
    0.906000018119812,
    0.47600001096725464,
    0.35499998927116394,
    0.29499998688697815,
    0.25600001215934753,
    0.47099998593330383,
    0.3880000114440918,
    0.6190000176429749,
    0.027000000700354576
  ]
}