{
  "epoch": 39,
  "train_loss": 1.846797067795873,
  "train_acc": 0.39446,
  "test_loss": 1.4232896900177001,
  "test_acc": 0.6272,
  "test_ece": 0.2412514090538025,
  "test_entropy": 1.8533904552459717,
  "bin_accuracies": [
    0.0,
    0.0,
    0.31681681681681684,
    0.4255983350676379,
    0.5392725355824987,
    0.6525584333543903,
    0.7473598700243704,
    0.7943502824858757,
    0.8450704225352113,
    0.8752642706131079,
    0.8776758409785933,
    0.8666666666666667,
    0.8470588235294118,
    0.8709677419354839,
    1.0
  ],
  "bin_confidences": [
    0.0,
    0.13125774264335632,
    0.17898575961589813,
    0.23469465970993042,
    0.2994157373905182,
    0.36599165201187134,
    0.4318992495536804,
    0.4974270164966583,
    0.5640687942504883,
    0.631737232208252,
    0.6986153721809387,
    0.7647308111190796,
    0.8298792839050293,
    0.8836100101470947,
    0.9582241773605347
  ],
  "bin_counts": [
    0.0,
    2.0,
    666.0,
    1922.0,
    1897.0,
    1583.0,
    1231.0,
    885.0,
    710.0,
    473.0,
    327.0,
    180.0,
    85.0,
    31.0,
    8.0
  ],
  "per_class_acc": [
    0.6359999775886536,
    0.7419999837875366,
    0.4399999976158142,
    0.6579999923706055,
    0.4690000116825104,
    0.5090000033378601,
    0.6610000133514404,
    0.6970000267028809,
    0.6430000066757202,
    0.8169999718666077
  ]
}