{
  "epoch": 4,
  "train_loss": 2.2090877803695173,
  "train_acc": 0.22402,
  "test_loss": 1.7227409052848817,
  "test_acc": 0.5106,
  "test_ece": 0.2636472284793854,
  "test_entropy": 2.143857717514038,
  "bin_accuracies": [
    0.0,
    0.18115942028985507,
    0.31927374301675976,
    0.4907075317900228,
    0.6781818181818182,
    0.7897310513447433,
    0.8690744920993227,
    0.9214659685863874,
    0.9438202247191011,
    0.9565217391304348,
    1.0,
    0.0,
    0.0,
    0.0,
    0.0
  ],
  "bin_confidences": [
    0.0,
    0.12854114174842834,
    0.17035719752311707,
    0.2303888350725174,
    0.29649317264556885,
    0.36324527859687805,
    0.4280480444431305,
    0.49520769715309143,
    0.5565256476402283,
    0.6314628720283508,
    0.6955263018608093,
    0.0,
    0.0,
    0.0,
    0.0
  ],
  "bin_counts": [
    0.0,
    138.0,
    3580.0,
    3067.0,
    1650.0,
    818.0,
    443.0,
    191.0,
    89.0,
    23.0,
    1.0,
    0.0,
    0.0,
    0.0,
    0.0
  ],
  "per_class_acc": [
    0.5590000152587891,
    0.7110000252723694,
    0.4580000042915344,
    0.0729999989271164,
    0.29499998688697815,
    0.5979999899864197,
    0.5870000123977661,
    0.5120000243186951,
    0.7450000047683716,
    0.5680000185966492
  ]
}